date,1. open,2. high,3. low,4. close,5. volume
2024-01-24,67.09,67.25,62.55,62.58,12049186.0
2024-01-23,67.25,67.69,65.685,66.2,7247496.0
2024-01-22,67.13,69.36,66.26,66.69,10438374.0
2024-01-19,64.76,66.06,63.75,65.85,8642493.0
2024-01-18,64.51,65.23,63.43,64.47,8226598.0
2024-01-17,63.72,63.965,62.07,63.9,9588261.0
2024-01-16,65.48,65.98,64.2,65.16,9984057.0
2024-01-12,68.0,68.67,66.43,66.48,6612370.0
2024-01-11,68.61,68.8,66.11,67.87,7617722.0
2024-01-10,69.95,69.95,67.48,67.9,8705667.0
2024-01-09,68.76,70.64,68.76,69.53,8077134.0
2024-01-08,67.68,69.3398,67.365,69.31,9210757.0
2024-01-05,67.53,68.57,66.595,66.96,11121816.0
2024-01-04,68.0,69.065,66.86,68.15,10020968.0
2024-01-03,69.0,70.6,68.1402,68.63,15374149.0
2024-01-02,75.5,75.9,71.47,72.22,15249544.0
2023-12-29,79.32,79.7699,76.855,77.35,8244876.0
2023-12-28,79.77,80.29,79.21,79.51,6830491.0
2023-12-27,78.0,79.73,77.96,79.6,7397451.0
2023-12-26,77.3,78.64,77.3,78.18,6135458.0
2023-12-22,77.08,77.55,76.2501,77.14,7045417.0
2023-12-21,77.17,77.85,75.83,76.9,8829357.0
2023-12-20,77.03,79.1,76.0,76.11,12378232.0
2023-12-19,74.6,77.76,74.6,77.31,11914403.0
2023-12-18,74.0,74.8696,73.4,73.88,7546034.0
2023-12-15,74.83,75.49,73.66,74.21,11130109.0
2023-12-14,71.8,75.44,71.775,74.76,20563594.0
2023-12-13,69.73,70.54,66.73,70.06,16627992.0
2023-12-12,69.21,69.57,68.33,69.57,6414749.0
2023-12-11,68.925,70.26,68.24,68.56,8109682.0
2023-12-08,67.85,70.6669,67.6,69.17,11485275.0
2023-12-07,67.0293,68.88,66.88,68.47,12668252.0
2023-12-06,65.79,69.95,65.79,68.0,20104693.0
2023-12-05,64.32,64.9399,63.38,64.89,8606243.0
2023-12-04,65.0,65.33,64.19,65.0,8865226.0
2023-12-01,63.5,65.17,63.39,65.04,11954239.0
2023-11-30,64.09,64.2,62.68,63.43,9036601.0
2023-11-29,63.58,65.11,63.58,63.73,13983731.0
2023-11-28,60.5,64.0,60.39,63.34,15851184.0
2023-11-27,59.11,60.78,59.0,60.31,10451642.0
2023-11-24,58.97,60.04,58.68,59.65,5162580.0
2023-11-22,59.13,59.73,58.3392,59.02,7709245.0
2023-11-21,58.67,59.335,58.06,58.67,8125080.0
2023-11-20,57.92,59.535,57.4764,59.27,10473083.0
2023-11-17,56.44,58.4,56.4001,58.19,12038185.0
2023-11-16,56.02,56.45,55.49,56.28,9462602.0
2023-11-15,55.52,57.27,55.45,56.3,14683056.0
2023-11-14,53.96,55.33,53.82,55.1,15519220.0
2023-11-13,50.95,52.21,50.86,52.02,9727524.0
2023-11-10,50.99,51.7,50.87,51.5,9520253.0
2023-11-09,52.795,53.35,50.98,51.05,16380540.0
2023-11-08,50.96,53.05,50.63,52.27,19517528.0
2023-11-07,49.705,51.63,49.705,51.05,22098671.0
2023-11-06,49.1899,49.9211,48.152,49.52,22090151.0
2023-11-03,50.8,52.13,48.4,48.68,49424179.0
2023-11-02,43.71,44.0999,42.78,43.98,30573874.0
2023-11-01,39.95,41.095,39.34,40.96,11957107.0
2023-10-31,39.48,40.38,38.885,40.25,9734511.0
2023-10-30,40.37,40.86,38.85,39.22,15531817.0
2023-10-27,40.36,40.52,38.91,40.02,19872597.0
2023-10-26,41.66,42.89,41.5448,41.68,11861548.0
2023-10-25,43.56,43.65,41.3,41.72,20833391.0
2023-10-24,44.78,46.15,44.7114,45.35,11482236.0
2023-10-23,43.58,44.565,42.81,43.9,9641632.0
2023-10-20,44.515,44.56,43.7003,43.98,9985879.0
2023-10-19,44.38,45.57,43.96,44.17,10885056.0
2023-10-18,45.275,45.88,44.55,44.58,8206403.0
2023-10-17,44.18,46.38,44.09,45.9,11581256.0
2023-10-16,43.84,44.95,43.595,44.76,9192184.0
2023-10-13,44.63,44.87,43.14,43.17,13516788.0
2023-10-12,47.05,47.225,45.121,45.45,13842976.0
2023-10-11,46.34,47.535,46.02,46.69,15563042.0
2023-10-10,44.3,46.54,44.3,46.0,15783367.0
2023-10-09,43.12,43.815,42.89,43.71,7787594.0
2023-10-06,42.15,44.05,42.15,43.83,13244321.0
2023-10-05,41.51,42.815,40.77,42.64,15916712.0
2023-10-04,42.0,42.22,41.24,41.9,11047998.0
2023-10-03,42.57,43.29,41.49,41.9,11399945.0
2023-10-02,44.32,44.72,42.98,43.19,10433167.0
2023-09-29,45.21,45.63,44.21,44.26,11965284.0
2023-09-28,44.03,44.56,42.77,44.35,16585056.0
2023-09-27,45.26,45.36,43.75,44.14,11656103.0
2023-09-26,44.94,45.7398,44.56,44.81,10168217.0
2023-09-25,44.62,45.74,44.33,45.59,8841345.0
2023-09-22,45.89,46.18,44.6,44.71,11866500.0
2023-09-21,46.51,46.93,45.27,45.62,19540764.0
2023-09-20,49.99,50.06,47.52,47.57,15313470.0
2023-09-19,49.94,50.63,49.37,49.8,17981673.0
2023-09-18,52.81,52.81,51.24,51.25,11564036.0
2023-09-15,53.68,54.08,52.26,52.83,11915074.0
2023-09-14,54.61,54.73,53.57,53.85,8089954.0
2023-09-13,54.075,54.58,53.61,54.15,5735346.0
2023-09-12,53.785,55.7291,53.65,54.33,10233084.0
2023-09-11,53.955,55.2,53.2701,53.94,10420035.0
2023-09-08,56.0,56.0,52.78,53.08,20720751.0
2023-09-07,56.22,56.5,55.14,56.04,9075765.0
2023-09-06,57.68,59.72,57.49,57.64,10491583.0
2023-09-05,58.16,59.195,57.785,58.74,5987049.0
2023-09-01,58.39,59.04,57.85,58.17,5752348.0
2023-08-31,57.8,58.5,57.17,57.65,7392938.0
2023-08-30,57.33,58.21,56.98,57.72,6813238.0
2023-08-29,55.57,57.9,55.46,57.76,7329804.0
2023-08-28,56.01,56.45,55.26,55.87,5333590.0
2023-08-25,55.4,56.63,54.97,55.86,7741021.0
2023-08-24,57.57,57.57,55.31,55.63,7952746.0
2023-08-23,56.3,57.4,55.9,57.22,12207274.0
2023-08-22,57.81,58.0002,55.63,56.07,10503847.0
2023-08-21,56.84,57.56,55.99,57.56,9422938.0
2023-08-18,55.03,57.27,54.725,56.88,9841116.0
2023-08-17,57.07,57.52,56.08,56.1,10195218.0
2023-08-16,58.14,58.95,57.44,57.49,8309160.0
2023-08-15,60.09,60.36,58.13,58.36,9501060.0
2023-08-14,60.06,60.49,59.64,60.15,7408116.0
2023-08-11,61.6,62.36,60.53,60.57,7740658.0
2023-08-10,63.06,64.26,61.81,62.24,8642458.0
2023-08-09,63.63,64.5467,62.41,62.71,12169229.0
2023-08-08,62.8,63.58,62.32,62.38,11439272.0
2023-08-07,64.16,65.15,63.28,64.01,16331223.0
2023-08-04,67.68,70.3983,63.2,63.52,33475980.0
2023-08-03,73.36,73.88,71.51,73.55,13871067.0
2023-08-02,77.135,77.135,73.87,74.49,10439823.0
2023-08-01,79.88,79.9,77.78,78.76,6745084.0
2023-07-31,79.38,81.47,79.16,80.53,7815048.0
2023-07-28,78.315,78.98,77.35,78.36,6228303.0
2023-07-27,78.83,79.44,75.4,75.77,5911856.0
2023-07-26,76.16,77.845,75.76,77.41,4235244.0
2023-07-25,77.58,78.25,76.79,76.87,3362612.0
2023-07-24,75.86,77.26,74.36,77.14,5015956.0
2023-07-21,76.88,77.605,75.08,76.12,5260141.0
2023-07-20,77.225,77.95,75.66,76.17,7231342.0
2023-07-19,79.15,80.6,78.11,78.19,8320687.0
2023-07-18,78.065,79.21,77.57,79.03,6736793.0
2023-07-17,75.305,78.8,74.31,78.06,10001947.0
2023-07-14,76.315,77.11,74.84,75.46,9343857.0
2023-07-13,72.74,76.65,72.53,76.2,15648336.0
2023-07-12,72.83,73.0399,70.58,71.22,7823919.0
2023-07-11,69.75,72.12,69.06,71.1,10022646.0
2023-07-10,66.84,69.65,66.72,69.06,9165934.0
2023-07-07,64.2,68.42,64.1,67.27,11732918.0
2023-07-06,67.38,67.38,63.44,64.61,16455859.0
2023-07-05,65.73,69.4,65.14,68.97,12995781.0
2023-07-03,66.67,67.3,66.04,66.2,5669889.0
2023-06-30,65.1,66.8976,64.81,66.57,8721401.0
2023-06-29,64.875,65.77,63.74,64.39,6240855.0
2023-06-28,63.7,65.61,63.33,64.77,6638505.0
2023-06-27,62.33,64.56,62.045,63.93,5865424.0
2023-06-26,62.66,64.1493,61.65,61.75,5506313.0
2023-06-23,62.8,63.3399,61.855,62.86,17221726.0
2023-06-22,64.89,65.15,63.14,64.11,7225469.0
2023-06-21,66.71,67.28,64.81,65.46,8858980.0
2023-06-20,65.89,67.515,65.35,66.8,7460510.0
2023-06-16,66.51,67.7896,65.701,66.51,12250812.0
2023-06-15,63.65,66.86,63.56,66.19,9395452.0
2023-06-14,64.84,65.87,62.87,63.69,9173935.0
2023-06-13,65.38,66.4,64.87,65.52,10102885.0
2023-06-12,65.21,65.6494,63.58,64.2,6172690.0
2023-06-09,65.26,66.5,64.57,64.94,6562157.0
2023-06-08,66.37,66.91,64.82,65.09,8673016.0
2023-06-07,66.5,67.61,65.11,66.24,9270858.0
2023-06-06,62.36,66.18,62.21,65.98,10479607.0
2023-06-05,63.71,64.0,62.5732,63.54,5880665.0
2023-06-02,62.5,63.99,61.27,63.46,10653283.0
2023-06-01,59.68,62.405,59.04,61.5,8765250.0
2023-05-31,58.41,61.2,58.36,60.39,14943161.0
2023-05-30,59.76,60.0799,57.78,58.84,9715759.0
2023-05-26,59.5,60.4,58.97,59.0,10088428.0
2023-05-25,62.02,62.17,59.01,59.3,8927247.0
2023-05-24,60.595,62.025,59.96,61.86,8886729.0
2023-05-23,60.33,62.55,59.82,61.56,12693604.0
2023-05-22,58.0,61.32,57.54,60.62,11142136.0
2023-05-19,59.475,59.6,58.145,58.65,6615229.0
2023-05-18,57.94,60.13,57.52,59.52,9851281.0
2023-05-17,56.07,57.83,55.46,57.76,9165901.0
2023-05-16,55.74,56.595,55.05,55.54,8386036.0
2023-05-15,55.3,57.1199,55.05,56.87,9421458.0
2023-05-12,57.3,57.3,55.11,55.56,11804401.0
2023-05-11,56.65,57.9999,55.7,57.31,11818535.0
2023-05-10,59.97,60.0,57.15,57.53,12456973.0
2023-05-09,58.41,59.715,57.89,59.32,8384487.0
2023-05-08,59.27,59.77,57.77,58.8,13623615.0
2023-05-05,60.64,62.07,58.795,59.25,25485616.0
2023-05-04,59.22,61.38,59.21,60.43,16023924.0
2023-05-03,57.98,60.82,57.42,59.32,14798391.0
2023-05-02,59.61,59.9,57.63,57.76,10440344.0
2023-05-01,60.69,61.7455,59.75,60.22,9293612.0
2023-04-28,59.83,61.03,58.97,60.79,11809495.0
2023-04-27,61.18,61.41,58.91,60.58,14361193.0
2023-04-26,61.21,61.7971,60.01,60.57,8994542.0
2023-04-25,63.92,64.36,60.97,61.0,10416168.0
2023-04-24,63.7,64.75,63.05,64.5,8466033.0
2023-04-21,62.18,63.57,62.02,63.48,10855252.0
2023-04-20,61.72,62.915,61.54,62.36,9367809.0
2023-04-19,63.0,63.51,61.43,62.87,13775715.0
2023-04-18,64.8,65.15,63.845,63.9,9487486.0
2023-04-17,63.82,64.359,63.11,64.19,10469150.0
2023-04-14,64.3,65.47,63.69,64.04,12061508.0
2023-04-13,63.29,65.62,63.2,64.56,12875849.0
2023-04-12,67.28,67.62,62.6,62.74,15733666.0
2023-04-11,67.05,67.89,65.76,66.42,11471390.0
2023-04-10,66.33,66.8,65.47,66.36,11598892.0
2023-04-06,66.8,69.03,66.16,68.1,11359782.0
2023-04-05,67.215,68.24,66.62,67.66,11586729.0
2023-04-04,68.26,69.74,67.67,68.84,15229030.0
2023-04-03,67.6,68.3899,65.805,67.83,16969841.0
2023-03-31,68.59,70.32,68.05,68.65,17878468.0
2023-03-30,68.99,70.53,67.79,68.49,21097692.0
2023-03-29,64.805,67.21,64.56,66.49,17574593.0
2023-03-28,64.0,65.85,63.5,63.76,17257753.0
2023-03-27,62.46,65.11,61.55,64.4,33436715.0
2023-03-24,59.75,61.57,59.1,60.68,48994433.0
2023-03-23,60.0,65.75,56.5,61.88,140313854.0
2023-03-22,77.15,77.15,72.61,72.65,17616515.0
2023-03-21,75.84,77.97,75.72,77.46,10458733.0
2023-03-20,73.39,75.64,72.69,74.5,10704491.0
2023-03-17,74.945,75.23,73.09,73.98,9756165.0
2023-03-16,76.12,76.5,73.81,75.09,11457632.0
2023-03-15,72.44,74.14,71.67,74.07,9832228.0
2023-03-14,71.675,73.86,71.4,73.63,13136711.0
2023-03-13,70.0,71.1,67.25,69.46,14357360.0
2023-03-10,70.61,73.58,68.47,71.01,18383058.0
2023-03-09,77.82,79.6199,73.5,73.8,12475188.0
2023-03-08,77.97,78.69,75.83,77.95,8610498.0
2023-03-07,80.48,81.4,77.93,78.04,8082827.0
2023-03-06,81.4,83.08,80.29,80.81,10328557.0
2023-03-03,78.67,81.13,77.65,80.88,11059712.0
2023-03-02,75.44,78.59,74.545,78.04,10129929.0
2023-03-01,76.31,76.73,74.65,76.63,10075860.0
2023-02-28,75.33,78.02,74.52,76.73,13187266.0
2023-02-27,77.29,77.73,74.86,75.14,18197369.0
2023-02-24,77.47,78.02,73.52,77.36,43473237.0
2023-02-23,74.27,74.89,71.84,74.15,22855159.0
2023-02-22,72.72,73.68,71.8,72.94,10562071.0
2023-02-21,73.09,74.49,71.92,71.95,7855159.0
2023-02-17,76.97,77.03,74.17,75.02,11261643.0
2023-02-16,80.27,81.33,78.5,78.63,9541478.0
2023-02-15,78.7,82.7,78.53,82.69,10122896.0
2023-02-14,76.04,79.45,75.55,78.8,9780864.0
2023-02-13,75.51,77.5684,74.74,76.82,9590469.0
2023-02-10,75.1,76.0105,74.14,75.23,11274090.0
2023-02-09,81.35,82.08,75.6,76.18,17350898.0
2023-02-08,82.9,84.29,81.12,81.13,7213392.0
2023-02-07,82.08,83.855,80.66,83.18,9804479.0
2023-02-06,82.69,83.699,81.3101,82.55,8593510.0
2023-02-03,84.9,87.98,84.25,84.71,12679111.0
2023-02-02,86.8,89.97,86.22,88.41,13349943.0
2023-02-01,82.07,84.755,80.06,83.9,11087226.0
2023-01-31,80.88,82.32,80.2,81.72,8801934.0
2023-01-30,81.93,83.24,79.64,79.79,10482647.0
2023-01-27,80.69,85.5,80.67,83.83,15424753.0
2023-01-26,83.03,83.91,78.3207,81.19,13296807.0
2023-01-25,77.0,81.04,74.7701,80.77,17119363.0
2023-01-24,80.16,82.73,79.51,80.79,12152070.0
2023-01-23,76.84,81.67,76.72,81.66,16814099.0
2023-01-20,71.7,76.19,71.04,76.16,12798396.0
2023-01-19,70.8,71.79,69.235,70.94,12051331.0
2023-01-18,75.29,76.22,72.07,72.11,12147227.0
2023-01-17,72.36,75.21,71.73,75.1,14314409.0
2023-01-13,69.81,71.99,69.51,71.65,9344663.0
2023-01-12,71.88,72.11,68.11,71.8,11852613.0
2023-01-11,70.96,71.89,70.02,71.67,9034285.0
2023-01-10,68.675,70.19,67.66,70.03,9056284.0
2023-01-09,69.7,70.61,68.44,69.06,12987644.0
2023-01-06,65.28,69.5,63.36,68.99,15529608.0
2023-01-05,64.85,65.56,63.0194,64.71,11336178.0
2023-01-04,65.79,68.12,64.78,66.3,11749526.0
2023-01-03,66.3,67.5,62.5022,64.64,16416489.0
2022-12-30,61.05,63.1,60.8,62.84,8014416.0
2022-12-29,60.0,63.47,59.9,62.92,9995107.0
2022-12-28,59.0,60.24,58.4,59.08,7563243.0
2022-12-27,60.205,61.06,58.34,59.86,8572400.0
2022-12-23,59.875,60.94,58.82,60.89,7281818.0
2022-12-22,61.2,61.2,58.62,60.59,9740178.0
2022-12-21,61.74,63.33,60.63,62.58,7847515.0
2022-12-20,59.34,61.87,58.9,61.41,8766456.0
2022-12-19,62.24,62.4,59.985,60.44,9310081.0
2022-12-16,64.98,65.17,60.71,62.51,18776795.0
2022-12-15,68.49,69.35,65.43,65.89,9277797.0
2022-12-14,71.07,72.47,69.64,71.25,10557751.0
2022-12-13,70.37,72.37,68.8,71.03,15385200.0
2022-12-12,63.79,66.7132,63.36,66.2,9126607.0
2022-12-09,63.1,65.83,63.1,64.6,8418142.0
2022-12-08,61.6,63.6997,60.5,63.37,7849752.0
2022-12-07,60.83,61.85,59.6248,61.07,8734791.0
2022-12-06,63.12,63.8787,60.2,61.3,9408919.0
2022-12-05,67.4,67.86,62.4,63.14,12610909.0
2022-12-02,67.27,68.94,66.6201,68.18,7721112.0
2022-12-01,68.02,69.24,66.66,69.17,9429975.0
2022-11-30,62.1,68.0,61.852,67.77,14298550.0
2022-11-29,62.07,63.89,61.73,62.11,8219903.0
2022-11-28,61.91,63.83,61.12,61.37,7250649.0
2022-11-25,63.99,63.99,62.5093,63.38,4168804.0
2022-11-23,62.64,64.26,61.92,63.92,8189976.0
2022-11-22,61.53,63.07,60.1,62.72,9000536.0
2022-11-21,64.6,64.94,60.8,61.85,12252695.0
2022-11-18,69.04,69.32,65.135,65.82,9734572.0
2022-11-17,67.02,68.92,66.29,67.99,9264381.0
2022-11-16,71.63,72.92,68.615,69.55,11779562.0
2022-11-15,74.77,75.77,72.02,73.38,13335415.0
2022-11-14,70.25,72.35,69.44,70.27,11823312.0
2022-11-11,65.09,72.43,64.37,71.66,21128130.0
2022-11-10,63.09,68.5852,63.09,67.4,28630312.0
2022-11-09,60.395,60.48,57.09,57.21,18952046.0
2022-11-08,63.19,65.8,60.16,62.51,26565391.0
2022-11-07,62.17,64.75,61.37,62.67,22867907.0
2022-11-04,60.35,63.7,57.66,60.11,44563441.0
2022-11-03,53.4,55.0999,51.34,53.91,20802142.0
2022-11-02,58.64,59.56,54.51,54.64,15357914.0
2022-11-01,62.28,62.83,58.625,59.0,12013887.0
2022-10-31,61.25,61.94,59.87,60.07,10545330.0
2022-10-28,59.61,61.325,58.77,61.29,10612191.0
2022-10-27,60.23,61.93,59.52,60.26,9601777.0
2022-10-26,58.24,62.48,57.97,59.47,12565071.0
2022-10-25,56.96,60.32,56.96,59.66,12990552.0
2022-10-24,55.62,57.71,53.97,56.99,12593783.0
2022-10-21,54.0,56.33,52.34,55.99,13987717.0
2022-10-20,53.95,57.64,53.66,55.18,12554759.0
2022-10-19,56.55,56.55,53.49,53.94,13618095.0
2022-10-18,58.93,59.74,55.51,57.27,15248878.0
2022-10-17,53.6,56.77,53.35,55.92,15378351.0
2022-10-14,57.0,58.28,51.45,51.51,16298551.0
2022-10-13,53.03,56.5912,51.89,56.23,18321774.0
2022-10-12,53.59,56.5499,52.43,56.14,16651660.0
2022-10-11,56.22,56.3389,52.67,53.45,18196176.0
2022-10-10,57.42,57.88,55.52,56.62,9657384.0
2022-10-07,59.86,60.45,56.89,57.41,11231976.0
2022-10-06,61.79,63.44,61.29,61.93,8298383.0
2022-10-05,60.7,62.71,59.89,62.15,10667418.0
2022-10-04,58.275,63.14,58.15,62.41,22480768.0
2022-10-03,55.15,56.53,53.71,55.78,15202977.0
2022-09-30,55.62,58.02,54.89,54.99,13401325.0
2022-09-29,57.48,57.48,55.34,55.9,13288800.0
2022-09-28,55.06,59.24,54.87,59.07,14669532.0
2022-09-27,55.55,56.85,53.9,55.08,11592910.0
2022-09-26,56.22,57.74,54.13,54.14,12472968.0
2022-09-23,55.0,56.98,54.43,56.27,14897648.0
2022-09-22,58.47,58.98,55.02,55.93,20443029.0
2022-09-21,61.36,63.51,59.45,59.45,14568706.0
2022-09-20,62.97,63.699,61.4,61.47,13407655.0
2022-09-19,64.3,65.2,63.01,63.71,13219554.0
2022-09-16,67.09,67.165,64.75,64.89,15775339.0
2022-09-15,66.44,71.55,66.44,69.18,18009060.0
2022-09-14,66.7,68.71,65.6001,68.56,19270226.0
2022-09-13,70.07,71.375,69.25,69.58,12943150.0
2022-09-12,75.21,76.7135,73.91,75.25,10257403.0
2022-09-09,71.62,74.73,71.62,74.29,12335785.0
2022-09-08,66.18,70.63,65.93,70.59,9406282.0
2022-09-07,65.38,67.94,64.6,67.82,10955508.0
2022-09-06,66.06,66.38,63.65,65.3,12628472.0
2022-09-02,69.83,70.07,65.9,66.33,12389858.0
2022-09-01,67.43,68.785,65.03,68.75,11949626.0
2022-08-31,70.59,71.7524,68.41,68.91,10039228.0
2022-08-30,68.6,70.13,66.69,69.05,11902023.0
2022-08-29,67.59,69.99,67.34,67.75,9473263.0
2022-08-26,74.32,74.35,68.76,68.87,13750145.0
2022-08-25,73.15,74.77,72.11,74.63,8979232.0
2022-08-24,71.54,74.64,71.37,72.62,9751396.0
2022-08-23,72.52,74.21,70.85,70.94,12146495.0
2022-08-22,72.37,75.52,71.33,73.01,13297432.0
2022-08-19,77.4,77.88,73.8802,74.36,13024118.0
2022-08-18,80.44,80.55,78.27,79.72,11799695.0
2022-08-17,83.53,84.44,79.93,80.33,15368529.0
2022-08-16,86.23,87.1,82.07,85.88,12197977.0
2022-08-15,87.72,89.1937,86.02,86.72,9905151.0
2022-08-12,88.01,88.63,85.01,87.95,10433157.0
2022-08-11,90.87,92.1,85.36,85.99,15075909.0
2022-08-10,86.76,89.03,84.42,88.84,16527762.0
2022-08-09,84.18,84.87,79.95,81.13,13286957.0
2022-08-08,88.05,91.8,84.87,85.5,19001542.0
2022-08-05,83.65,93.1899,82.8776,87.73,31022633.0
2022-08-04,88.15,90.67,86.83,89.7,22719353.0
2022-08-03,81.03,88.83,80.7,88.07,26179540.0
2022-08-02,76.62,80.77,76.36,79.09,12648892.0
2022-08-01,75.48,79.05,74.45,77.81,11563081.0
2022-07-29,73.23,76.09,72.725,76.06,10554320.0
2022-07-28,73.04,75.16,70.51,74.68,11281578.0
2022-07-27,68.46,72.94,67.6,72.76,13865445.0
2022-07-26,69.09,69.23,65.9,66.39,10924142.0
2022-07-25,72.04,72.47,69.6,71.43,9267746.0
2022-07-22,74.66,76.44,70.96,71.8,12130132.0
2022-07-21,73.31,75.17,72.17,74.76,14683040.0
2022-07-20,70.0,75.24,69.22,74.78,18594278.0
2022-07-19,66.94,69.3076,64.265,69.25,16120431.0
2022-07-18,67.88,69.5899,65.83,66.27,14204946.0
2022-07-15,64.19,66.04,62.7001,65.98,12267151.0
2022-07-14,63.27,63.75,61.0396,62.42,11377075.0
2022-07-13,62.2,65.61,60.82,64.15,13548750.0
2022-07-12,63.96,66.5364,63.13,65.03,14386650.0
2022-07-11,66.15,66.88,63.05,63.23,11151344.0
2022-07-08,66.8,68.97,64.75,67.02,16403235.0
2022-07-07,65.13,69.58,64.51,68.63,13885204.0
2022-07-06,66.6,68.47,64.28,64.97,11788086.0
2022-07-05,61.84,66.91,60.35,66.73,14514957.0
2022-07-01,61.95,65.14,61.86,63.9,15218058.0
2022-06-30,62.75,63.0,59.08,61.46,16793051.0
2022-06-29,64.77,65.722,62.41,63.84,13450901.0
2022-06-28,69.1,70.2,64.81,65.6,14808176.0
2022-06-27,70.79,71.75,66.95,69.43,14687431.0
2022-06-24,68.22,71.01,66.83,71.0,23357166.0
2022-06-23,61.41,67.63,60.8,67.27,23240167.0
2022-06-22,59.43,62.88,59.24,60.65,15109397.0
2022-06-21,59.72,62.6136,59.45,60.52,17100124.0
2022-06-17,56.21,59.45,56.01,58.51,21814811.0
2022-06-16,60.42,61.14,56.723,57.51,22705174.0
2022-06-15,61.17,64.4269,60.47,62.91,24356706.0
2022-06-14,63.52,63.69,59.4501,60.3,23258516.0
2022-06-13,66.16,68.78,62.5,62.76,26455823.0
2022-06-10,75.86,76.24,70.23,71.87,21307192.0
2022-06-09,84.63,84.96,76.49,76.58,19630720.0
2022-06-08,84.6,87.55,83.87,84.75,12757327.0
2022-06-07,81.88,85.2,80.25,84.6,14313260.0
2022-06-06,84.86,87.09,81.95,83.38,13972737.0
2022-06-03,85.36,86.67,82.66,83.1,13965948.0
2022-06-02,81.52,88.8485,81.4,87.44,19120031.0
2022-06-01,87.35,89.2109,81.3531,81.91,20519248.0
2022-05-31,90.0,90.6,85.8,87.51,19307162.0
2022-05-27,84.29,90.99,83.5,90.52,19837495.0
2022-05-26,75.57,83.86,74.76,83.41,16587508.0
2022-05-25,75.8,78.95,74.31,77.95,17738163.0
2022-05-24,81.4,81.62,74.16,75.88,20583922.0
2022-05-23,83.82,84.15,79.05,83.4,19684109.0
2022-05-20,88.01,90.25,78.8924,83.44,22714334.0
2022-05-19,82.9,89.9191,82.085,87.14,24086920.0
2022-05-18,82.73,89.0962,81.48,82.06,24811368.0
2022-05-17,82.5,85.56,78.88,84.79,21675564.0
2022-05-16,82.27,84.69,79.31,79.7,18879569.0
2022-05-13,80.37,85.23,80.13,84.15,28356481.0
2022-05-12,68.79,78.14,65.1,75.76,35208119.0
2022-05-11,82.97,85.1499,70.33,71.22,39549291.0
2022-05-10,87.29,91.465,80.39,84.39,25789587.0
2022-05-09,93.06,93.9685,80.82,83.86,31319614.0
2022-05-06,98.67,98.68,88.5567,96.19,36801942.0
2022-05-05,103.51,104.14,93.12,95.55,22914529.0
2022-05-04,102.25,107.21,93.65,106.79,25236152.0
2022-05-03,104.16,108.0,100.48,102.33,14675906.0
2022-05-02,98.3,105.97,97.27,105.86,14661667.0
2022-04-29,103.64,110.4398,99.32,99.54,13448815.0
2022-04-28,101.54,106.0,97.39,104.64,16650913.0
2022-04-27,98.68,103.9682,98.07,99.93,14308627.0
2022-04-26,105.643,105.643,99.8254,100.47,12738431.0
2022-04-25,101.8701,108.3,101.8701,107.38,14059482.0
2022-04-22,108.11,109.95,102.02,102.67,12495261.0
2022-04-21,117.1,119.48,106.445,107.71,14430402.0
2022-04-20,125.21,125.21,114.5,114.52,13200908.0
2022-04-19,119.0,127.1495,118.69,125.62,10900432.0
2022-04-18,120.79,121.27,115.8496,119.39,10364988.0
2022-04-14,126.03,126.46,121.13,121.31,9447543.0
2022-04-13,121.4,126.66,120.5,126.05,10789101.0
2022-04-12,126.02,130.89,121.5,122.89,15351351.0
2022-04-11,120.28,125.73,118.92,123.08,12964961.0
2022-04-08,124.53,127.5,122.12,123.22,13654105.0
2022-04-07,128.0,132.8,120.11,125.93,19030561.0
2022-04-06,133.73,133.95,124.6,128.77,21077238.0
2022-04-05,145.0,145.0,134.7,135.92,15728076.0
2022-04-04,136.85,145.58,135.75,145.19,15678255.0
2022-04-01,136.5,138.41,131.73,133.62,15216100.0
2022-03-31,139.52,140.4999,135.48,135.6,13569578.0
2022-03-30,147.01,147.62,137.68,140.1,20231845.0
2022-03-29,141.0,149.0,137.91,146.84,21939472.0
2022-03-28,132.0,138.88,131.738,138.12,19074011.0
2022-03-25,135.51,136.2,127.23,130.33,13390575.0
2022-03-24,136.43,137.73,129.81,135.06,16790059.0
2022-03-23,138.83,142.89,134.35,135.4,18069895.0
2022-03-22,133.66,146.79,133.565,141.79,27717287.0
2022-03-21,138.36,139.73,129.6401,134.82,30406205.0
2022-03-18,126.69,142.94,125.6,140.64,38984517.0
2022-03-17,114.78,128.32,113.3,127.96,31316944.0
2022-03-16,105.56,116.379,105.26,116.05,25527236.0
2022-03-15,95.71,103.885,94.87,103.09,17524040.0
2022-03-14,100.03,102.07,92.7198,94.85,22494573.0
2022-03-11,109.88,110.68,101.7,101.93,13636538.0
2022-03-10,110.35,110.58,104.64,108.87,15651077.0
2022-03-09,103.99,113.82,103.39,111.92,27721852.0
2022-03-08,96.71,105.15,93.3001,100.62,25280923.0
2022-03-07,107.17,108.08,95.4201,97.51,29481409.0
2022-03-04,116.68,119.71,105.07,106.52,23149283.0
2022-03-03,123.13,123.6436,113.08,114.22,18089145.0
2022-03-02,124.93,125.53,118.7613,124.26,18998514.0
2022-03-01,126.55,131.49,124.3608,126.06,25688200.0
2022-02-28,118.31,131.95,118.31,127.5,52481677.0
2022-02-25,114.9,120.7,109.3004,119.82,64569095.0
2022-02-24,83.08,96.163,82.72,94.99,31915048.0
2022-02-23,94.66,95.2,88.57,88.72,18330806.0
2022-02-22,95.77,99.45,93.13,93.91,16301485.0
2022-02-18,103.615,103.89,96.83,97.72,20520495.0
2022-02-17,110.24,110.78,103.3555,104.02,12975371.0
2022-02-16,113.95,113.95,108.87,109.0,17971462.0
2022-02-15,113.02,115.37,110.27,115.21,16898989.0
2022-02-14,107.79,116.36,106.63,111.64,22821530.0
2022-02-11,112.59,118.0447,106.8709,107.88,31484587.0
2022-02-10,109.25,119.0,107.3,108.94,26289571.0
2022-02-09,104.81,112.9,104.61,112.84,24064648.0
2022-02-08,101.91,103.77,99.5,102.29,20091486.0
2022-02-07,106.86,108.99,101.81,102.81,24622303.0
2022-02-04,102.49,110.2,99.81,108.87,18824687.0
2022-02-03,107.0,109.65,100.04,101.5,29660717.0
2022-02-02,118.63,120.61,111.53,114.04,26703215.0
2022-02-01,128.5,130.73,121.05,127.61,17461853.0
2022-01-31,112.86,122.32,112.68,122.29,14373973.0
2022-01-28,104.95,111.18,101.75,110.38,16820256.0
2022-01-27,107.84,111.1199,103.73,105.64,21500675.0
2022-01-26,119.01,121.91,110.6,111.0,15188048.0
2022-01-25,114.05,118.99,109.56,115.3,16983695.0
2022-01-24,113.5,117.46,102.0,117.3,30492948.0
2022-01-21,125.89,127.61,117.81,118.1,14992614.0
2022-01-20,128.22,135.7,127.08,127.58,13835498.0
2022-01-19,129.005,132.74,127.2501,128.14,25518663.0
2022-01-18,130.03,137.09,128.23,130.0,14104349.0
2022-01-14,135.0,138.66,129.3076,133.29,19694021.0
2022-01-13,147.47,148.35,136.1,136.95,10133101.0
2022-01-12,150.7,152.7,145.34,145.47,9341606.0
2022-01-11,142.19,151.5,141.84,148.43,10764706.0
2022-01-10,139.65,144.62,133.13,144.48,15594383.0
2022-01-07,143.25,148.5199,141.19,141.54,9426004.0
2022-01-06,140.62,148.36,138.09,144.66,16244220.0
2022-01-05,155.0,156.45,143.31,143.49,17546227.0
2022-01-04,163.5,163.89,151.02,156.33,14768493.0
2022-01-03,162.87,165.2,159.31,164.03,7323995.0
2021-12-31,164.0,165.33,161.39,161.51,6298118.0
2021-12-30,161.56,168.625,161.27,165.34,6656720.0
2021-12-29,164.1,164.9,158.5,161.85,7021935.0
2021-12-28,168.5,169.24,162.88,163.67,6570549.0
2021-12-27,168.15,171.4,167.5,168.48,5477234.0
2021-12-23,166.36,168.8,164.59,167.71,6668618.0
2021-12-22,167.08,171.835,164.76,167.38,7471031.0
2021-12-21,160.87,171.89,159.41,170.47,10771035.0
2021-12-20,162.99,163.5677,157.57,158.3,9387784.0
2021-12-17,161.07,168.87,158.38,167.06,12713744.0
2021-12-16,175.26,176.91,163.85,165.88,10913698.0
2021-12-15,169.95,174.96,162.96,173.8,11626537.0
2021-12-14,170.3,175.9,168.61,170.72,8982805.0
2021-12-13,179.11,181.1,171.81,175.44,10548028.0
2021-12-10,187.51,189.87,179.69,181.32,7956449.0
2021-12-09,191.51,194.53,185.4023,186.75,6251253.0
2021-12-08,190.0,195.28,185.8,194.78,8883664.0
2021-12-07,187.975,192.89,187.17,189.51,10652871.0
2021-12-06,176.87,180.17,170.75,179.72,11654102.0
2021-12-03,192.66,192.89,174.335,181.31,19166046.0
2021-12-02,191.18,195.52,185.28,192.15,16858564.0
2021-12-01,210.19,211.61,193.93,194.5,13430430.0
2021-11-30,214.88,217.75,206.0,208.33,10092548.0
2021-11-29,220.46,220.6,209.05,212.87,5575358.0
2021-11-26,211.01,215.65,209.27,212.08,3687232.0
2021-11-24,207.31,217.09,207.31,215.65,6910333.0
2021-11-23,209.86,214.7,205.41,210.55,9836508.0
2021-11-22,222.71,224.57,205.28,211.31,15737621.0
2021-11-19,228.63,229.99,224.09,225.14,7451097.0
2021-11-18,234.69,237.82,228.114,230.35,5396129.0
2021-11-17,238.85,241.5,229.69,231.85,5185119.0
2021-11-16,231.3,238.9,230.4,238.47,5690782.0
2021-11-15,229.0,238.5999,228.8,233.02,6501806.0
2021-11-12,228.2,229.76,226.51,227.3,5628588.0
2021-11-11,231.01,231.22,225.65,226.51,4699475.0
2021-11-10,230.0,234.6899,225.25,227.21,7326827.0
2021-11-09,238.4,240.9,229.7172,230.78,7210651.0
2021-11-08,237.99,241.42,234.15,236.77,7458695.0
2021-11-05,247.64,255.9499,237.08,237.38,15227987.0
2021-11-04,252.64,253.3195,244.55,247.46,10195338.0
2021-11-03,249.4,252.82,248.23,252.48,4205636.0
2021-11-02,253.04,255.2242,247.4,249.01,5432245.0
2021-11-01,255.12,255.54,251.12,255.04,4384413.0
2021-10-29,258.16,258.7499,253.975,254.5,4093759.0
2021-10-28,257.19,261.61,254.6653,261.33,4912935.0
2021-10-27,261.92,262.31,252.28,253.02,6305703.0
2021-10-26,263.03,270.16,259.06,263.39,7089469.0
2021-10-25,252.55,262.41,252.53,262.0,5747711.0
2021-10-22,259.88,262.0,251.94,253.06,7656210.0
2021-10-21,255.54,265.65,253.6,265.08,7003131.0
2021-10-20,257.89,260.38,253.02,255.35,4695141.0
2021-10-19,253.94,256.97,251.8101,254.41,5248578.0
2021-10-18,247.45,253.6,244.16,252.2,6911138.0
2021-10-15,250.0,250.4599,246.51,249.0,4673527.0
2021-10-14,248.115,251.34,247.1001,247.41,6756603.0
2021-10-13,239.3,243.53,238.67,242.73,5422801.0
2021-10-12,237.75,240.32,234.08,237.41,5800287.0
2021-10-11,238.49,240.72,232.0,232.33,7632272.0
2021-10-08,249.3,251.44,238.12,238.49,8488297.0
2021-10-07,246.09,251.65,244.92,249.16,9170897.0
2021-10-06,231.97,241.0,231.33,239.12,7079553.0
2021-10-05,226.91,239.14,226.26,235.98,9928190.0
2021-10-04,235.61,236.285,222.92,226.25,12376667.0
2021-10-01,239.44,242.05,236.88,239.29,5934560.0
2021-09-30,236.69,243.27,236.27,239.84,5474019.0
2021-09-29,245.52,246.24,235.2201,236.04,7323712.0
2021-09-28,252.51,252.85,241.62,242.7,11052230.0
2021-09-27,258.1,259.86,255.7932,258.11,4683153.0
2021-09-24,263.99,264.97,257.91,262.5,6958900.0
2021-09-23,263.49,268.17,262.7,266.72,7837891.0
2021-09-22,253.0,261.79,252.29,261.07,6270964.0
2021-09-21,252.82,254.0999,249.83,251.3,4658653.0
2021-09-20,245.33,251.72,244.61,250.23,5861465.0
2021-09-17,256.06,257.27,252.38,255.79,5893621.0
2021-09-16,248.8,255.49,247.48,255.09,5795078.0
2021-09-15,247.73,248.9,245.07,248.8,4092159.0
2021-09-14,249.1,253.42,245.68,247.05,4940366.0
2021-09-13,248.74,248.84,237.91,246.68,7879068.0
2021-09-10,253.01,254.75,247.38,247.9,6509321.0
2021-09-09,256.0,258.63,251.38,251.54,5606223.0
2021-09-08,264.76,265.0,251.73,254.72,10481768.0
2021-09-07,270.08,270.45,263.75,265.83,5679829.0
2021-09-03,266.54,270.63,263.68,269.74,4908525.0
2021-09-02,272.37,274.37,265.47,265.94,5224640.0
2021-09-01,269.01,273.15,267.94,268.25,3941962.0
2021-08-31,273.5,276.14,266.26,268.07,6309250.0
2021-08-30,271.0,273.87,268.5001,271.92,6348103.0
2021-08-27,262.0,270.4838,261.6153,268.01,4646212.0
2021-08-26,268.0,268.0,260.94,262.13,4314383.0
2021-08-25,269.53,270.325,266.22,267.57,3428707.0
2021-08-24,272.4,274.188,269.13,270.17,4258055.0
2021-08-23,267.71,273.5,267.07,270.44,6071292.0
2021-08-20,257.14,263.5,257.085,263.05,4749643.0
2021-08-19,256.84,260.4799,254.14,257.35,5121004.0
2021-08-18,261.54,266.6667,259.08,259.66,4705093.0
2021-08-17,260.98,264.25,257.91,260.88,5707835.0
2021-08-16,266.35,267.3799,257.6,263.4,6550548.0
2021-08-13,269.95,271.91,266.46,267.88,4246145.0
2021-08-12,270.45,272.84,265.55,268.59,5215901.0
2021-08-11,277.76,281.34,269.615,271.09,8018190.0
2021-08-10,280.01,283.59,272.6401,273.08,6694815.0
2021-08-09,272.99,286.52,270.63,279.73,10561694.0
2021-08-06,279.51,285.86,273.1,275.1,9490663.0
2021-08-05,265.6,289.23,264.77,281.81,19413650.0
2021-08-04,268.0,268.39,261.0,266.42,10241437.0
2021-08-03,270.43,274.95,261.75,269.49,21445072.0
2021-08-02,247.93,280.875,247.01,272.38,45730624.0
2021-07-30,249.28,254.36,244.35,247.26,7566513.0
2021-07-29,255.51,261.83,254.53,255.28,4615810.0
2021-07-28,254.03,259.87,250.77,258.61,4698860.0
2021-07-27,261.28,261.86,245.057,251.73,7828102.0
2021-07-26,264.97,265.74,260.4,261.99,5928282.0
2021-07-23,261.85,267.77,261.28,264.0,6374083.0
2021-07-22,256.93,262.5688,256.5,260.59,6660077.0
2021-07-21,246.28,258.5,244.8,257.25,9068901.0
2021-07-20,234.61,247.69,232.2,246.47,8851602.0
2021-07-19,231.91,234.02,225.28,233.69,7309999.0
2021-07-16,238.7,241.77,234.4,237.52,7879883.0
2021-07-15,239.83,241.6213,233.11,235.16,7143467.0
2021-07-14,244.35,246.1899,238.48,239.0,6188270.0
2021-07-13,243.35,247.49,239.84,241.43,6304526.0
2021-07-12,243.58,247.22,241.7805,243.35,5722683.0
2021-07-09,239.0,241.9599,235.56,241.89,5404636.0
2021-07-08,238.75,239.0,230.6,235.9,7683000.0
2021-07-07,250.0,254.78,244.31,244.64,7238276.0
2021-07-06,241.31,249.37,241.31,246.7,6252170.0
2021-07-02,243.0,245.41,239.36,241.08,4403474.0
2021-07-01,242.82,245.05,237.8,241.85,5627948.0
2021-06-30,248.08,248.79,243.34,243.8,6655458.0
2021-06-29,247.84,251.91,246.1407,248.87,6186846.0
2021-06-28,241.7,247.7298,241.7,246.6,7372311.0
2021-06-25,243.19,244.87,237.15,239.94,7614834.0
2021-06-24,244.3,248.9,243.01,244.15,8165694.0
2021-06-23,236.9,243.0,236.86,238.7,8165471.0
2021-06-22,232.89,236.2782,229.8065,235.97,6748942.0
2021-06-21,234.91,235.66,228.82,233.89,6628926.0
2021-06-18,235.03,239.96,233.0,237.05,8518347.0
2021-06-17,223.79,237.8399,223.59,236.13,10830215.0
2021-06-16,226.15,229.12,220.11,225.11,9088948.0
2021-06-15,231.15,233.21,226.0,227.75,9437416.0
2021-06-14,223.05,231.45,221.64,230.95,11591734.0
2021-06-11,218.1,222.7899,218.0,219.34,7533159.0
2021-06-10,211.01,217.63,209.8,217.14,7575807.0
2021-06-09,216.93,217.9459,210.06,210.21,6817943.0
2021-06-08,218.0,221.41,212.21,214.12,6074024.0
2021-06-07,214.25,217.31,211.65,216.95,5770770.0
2021-06-04,212.51,218.2808,211.74,213.69,8988498.0
2021-06-03,218.87,219.94,211.25,211.43,7255738.0
2021-06-02,221.33,224.8799,219.49,220.41,7147510.0
2021-06-01,223.54,227.065,218.577,221.95,6902884.0
2021-05-28,221.88,225.9,221.65,222.52,6779787.0
2021-05-27,222.38,223.39,217.66,220.9,8555693.0
2021-05-26,218.04,223.83,215.8,222.34,11914389.0
2021-05-25,212.07,219.09,211.77,216.2,14778974.0
2021-05-24,202.17,212.8,197.3,210.95,13214987.0
2021-05-21,207.0,208.9,199.62,200.01,9250344.0
2021-05-20,202.59,206.69,202.2,204.91,8336519.0
2021-05-19,193.8,200.85,192.21,200.11,16413293.0
2021-05-18,202.5,209.73,199.729,203.16,10087957.0
2021-05-17,205.0,205.0,195.55,202.92,12133751.0
2021-05-14,200.28,208.3,198.17,207.85,11497776.0
2021-05-13,208.2,211.5,192.29,197.13,21397114.0
2021-05-12,215.3,218.76,205.6,206.67,11778333.0
2021-05-11,205.89,221.78,205.69,220.65,13676089.0
2021-05-10,229.62,230.0,216.01,216.43,13256919.0
2021-05-07,240.09,241.6994,231.1793,233.35,14836327.0
2021-05-06,235.21,235.35,216.7,223.96,14759100.0
2021-05-05,237.5,239.14,229.8,231.87,3792871.0
2021-05-04,238.83,240.19,228.6191,231.19,9123591.0
2021-05-03,246.6,249.4194,241.79,243.68,5268790.0
2021-04-30,244.24,249.9599,243.39,244.82,6188255.0
2021-04-29,257.358,259.88,245.01,247.76,6592836.0
2021-04-28,253.0,258.97,249.4,254.2,6140714.0
2021-04-27,256.96,260.81,253.4,253.79,6791542.0
2021-04-26,248.27,256.97,246.3,255.77,8494373.0
2021-04-23,243.39,247.5703,240.3401,246.43,8467380.0
2021-04-22,246.46,255.805,242.71,245.11,12730803.0
2021-04-21,243.11,251.4817,240.3401,245.25,9965195.0
2021-04-20,247.59,253.0,243.68,245.5,12580005.0
2021-04-19,250.22,253.3,242.58,245.33,10735492.0
2021-04-16,263.24,263.44,254.669,256.1,8549254.0
2021-04-15,262.85,268.4142,260.74,263.08,8944424.0
2021-04-14,274.13,278.13,256.575,258.4,12486381.0
2021-04-13,267.48,275.45,266.9,273.23,10561683.0
2021-04-12,258.19,266.96,255.85,265.2,9051274.0
2021-04-09,255.89,265.3,253.68,261.65,14969047.0
2021-04-08,248.83,258.59,248.82,258.37,15728207.0
2021-04-07,237.51,249.9,236.0,245.12,17012173.0
2021-04-06,230.49,238.5,228.0801,236.5,8768483.0
2021-04-05,231.62,233.32,224.1,229.95,7534968.0
2021-04-01,231.26,236.46,227.57,229.51,9260798.0
2021-03-31,218.41,232.76,218.41,227.05,14453736.0
2021-03-30,204.49,214.3,202.83,212.83,9735707.0
2021-03-29,212.0,214.39,202.93,207.18,9695810.0
2021-03-26,209.32,216.79,203.96,213.6,9196199.0
2021-03-25,204.6,211.96,202.1,208.47,12878863.0
2021-03-24,224.3,225.9,212.155,213.51,9262534.0
2021-03-23,226.39,228.38,221.49,223.2,5591488.0
2021-03-22,225.24,230.18,221.74,226.13,6386095.0
2021-03-19,227.19,229.4,219.52,224.84,10480756.0
2021-03-18,242.8,243.4,222.56,224.3,12481349.0
2021-03-17,235.0,248.68,232.75,246.47,10154044.0
2021-03-16,252.26,252.5,238.67,243.36,7491649.0
2021-03-15,243.52,251.26,239.6171,251.23,8889573.0
2021-03-12,232.0,242.22,230.05,242.11,8850054.0
2021-03-11,234.97,243.49,231.01,241.72,11727987.0
2021-03-10,231.61,237.92,223.205,226.73,12973062.0
2021-03-09,215.37,226.49,211.5,225.09,14495532.0
2021-03-08,217.71,221.63,201.0,201.87,13488132.0
2021-03-05,221.27,222.01,191.36,216.44,24773606.0
2021-03-04,228.76,232.63,210.0,218.41,18495966.0
2021-03-03,249.0,250.95,232.0064,234.2,12151695.0
2021-03-02,251.9,258.4899,246.47,252.2,17345760.0
2021-03-01,238.11,241.7194,232.1001,241.0,8989220.0
2021-02-26,226.32,232.78,217.4,230.03,14800035.0
2021-02-25,244.87,245.84,223.66,227.11,15714320.0
2021-02-24,243.11,246.0,230.68,237.32,26123119.0
2021-02-23,247.55,261.3,232.5,256.59,18971868.0
2021-02-22,271.85,278.1,266.36,268.08,9630581.0
2021-02-19,275.12,280.9391,273.59,276.57,7373362.0
2021-02-18,265.49,272.79,261.8525,270.85,7236412.0
2021-02-17,274.37,274.47,260.76,270.94,11015498.0
2021-02-16,277.12,283.1898,272.3201,276.02,9193550.0
2021-02-12,265.15,273.84,262.5312,272.75,6780809.0
2021-02-11,262.0,269.6651,258.5,265.93,10214068.0
2021-02-10,259.77,263.15,252.75,257.49,8581649.0
2021-02-09,256.58,262.57,250.55,258.12,10758233.0
2021-02-08,245.08,264.2669,244.0,259.97,17149920.0
2021-02-05,238.0,240.57,235.27,240.38,5090772.0
2021-02-04,233.53,239.31,231.07,237.72,8893436.0
2021-02-03,228.5,234.57,221.88,227.94,5193375.0
2021-02-02,225.19,230.2199,221.99,227.63,6469855.0
2021-02-01,215.81,223.01,213.44,221.94,7849340.0
2021-01-29,224.97,225.9,212.58,215.96,9383862.0
2021-01-28,208.72,222.58,206.56,219.91,12500800.0
2021-01-27,204.01,209.3503,197.7,202.46,10892749.0
2021-01-26,217.09,219.0,208.71,209.17,10039511.0
2021-01-25,225.0,225.94,209.75,216.64,11328134.0
2021-01-22,219.0,222.91,217.71,222.88,6867511.0
2021-01-21,227.0,227.5,218.2001,219.62,10472442.0
2021-01-20,230.12,230.88,225.5,226.65,6012419.0
2021-01-19,231.07,231.59,223.25,227.26,6505627.0
2021-01-15,233.63,236.43,225.58,227.75,7049176.0
2021-01-14,233.9,238.76,229.59,232.79,6706528.0
2021-01-13,228.95,234.8213,226.8,230.92,7601353.0
2021-01-12,228.51,229.3299,223.72,227.52,8414034.0
2021-01-11,231.61,232.74,225.3,225.5,14107525.0
2021-01-08,244.35,246.49,237.18,241.45,9102059.0
2021-01-07,232.52,240.4,231.5,239.48,10214207.0
2021-01-06,223.41,233.5,223.161,226.89,12003503.0
2021-01-05,219.42,230.34,219.0,229.75,9699380.0
2021-01-04,222.495,225.98,216.0,221.16,9838438.0
2020-12-31,217.71,219.45,214.42,217.64,6872354.0
2020-12-30,215.94,221.51,214.0671,221.04,9836969.0
2020-12-29,223.88,224.59,208.81,214.0,15453083.0
2020-12-28,232.38,232.95,219.65,223.34,11586764.0
2020-12-24,234.23,236.0,225.9,228.28,8411200.0
2020-12-23,241.36,241.82,230.58,230.68,13482696.0
2020-12-22,236.5,243.38,236.0,241.58,9440011.0
2020-12-21,236.09,241.85,232.26,233.5,11155405.0
2020-12-18,235.0,236.37,231.1,235.45,8099521.0
2020-12-17,230.0,237.09,227.7,230.74,10440067.0
2020-12-16,223.86,227.96,220.03,227.08,8216471.0
2020-12-15,218.415,221.7199,216.7301,219.99,5713631.0
2020-12-14,218.01,220.43,214.5008,215.86,7379020.0
2020-12-11,218.26,222.2,213.17,216.59,7914599.0
2020-12-10,205.39,217.61,203.57,217.25,7919206.0
2020-12-09,213.96,220.5,205.01,207.04,11133017.0
2020-12-08,213.33,213.9,208.25,213.01,5373248.0
2020-12-07,209.79,213.6615,208.25,212.58,5895304.0
2020-12-04,206.29,209.75,203.58,208.15,6566152.0
2020-12-03,207.0,208.69,204.05,205.53,6918231.0
2020-12-02,200.13,204.0596,195.13,202.0,10483654.0
2020-12-01,212.56,212.95,200.5,203.0,10678782.0
2020-11-30,213.0,213.54,200.23,210.96,14091108.0
2020-11-27,215.0,215.0,205.9,212.52,6525960.0
2020-11-25,207.45,214.52,204.57,212.92,12948072.0
2020-11-24,208.0,208.04,199.55,202.9,12094823.0
2020-11-23,200.11,209.36,199.27,207.78,12509644.0
2020-11-20,193.69,200.99,191.55,195.97,10935076.0
2020-11-19,190.78,194.01,185.74,191.66,12280087.0
2020-11-18,187.49,187.5,182.2703,185.54,5627316.0
2020-11-17,180.12,190.74,180.12,187.9,11140670.0
2020-11-16,175.83,179.22,173.01,179.16,7428200.0
2020-11-13,180.6,180.9,175.5,177.19,6965709.0
2020-11-12,184.26,185.1899,177.0,178.51,9151584.0
2020-11-11,179.65,184.0,177.7,183.42,9040818.0
2020-11-10,182.37,183.46,167.11,172.0,14840004.0
2020-11-09,191.305,197.0,181.83,184.08,14985958.0
2020-11-06,185.24,201.33,182.99,198.08,27088286.0
2020-11-05,177.1,177.29,172.65,175.23,15519726.0
2020-11-04,166.38,171.36,162.15,171.29,7760592.0
2020-11-03,153.22,161.05,151.1,158.21,8001436.0
2020-11-02,158.0,161.24,152.1,155.23,8753566.0
2020-10-30,166.49,167.3974,152.43,154.88,14948427.0
2020-10-29,170.08,172.08,168.11,169.86,4431756.0
2020-10-28,166.59,168.9399,164.45,167.13,5420308.0
2020-10-27,175.31,176.26,169.26,171.02,6937558.0
2020-10-26,175.01,176.86,166.77,169.89,6489402.0
2020-10-23,177.5,177.79,173.34,176.77,4167570.0
2020-10-22,178.5,181.98,173.61,175.93,6681642.0
2020-10-21,183.55,184.74,175.5901,177.82,10477235.0
2020-10-20,188.1,189.7,184.33,185.74,4875972.0
2020-10-19,188.11,191.3999,185.91,186.96,5454020.0
2020-10-16,191.68,192.84,184.7,186.35,5299708.0
2020-10-15,182.6,188.68,181.2,188.6,6818697.0
2020-10-14,191.59,193.4399,185.11,187.49,6176616.0
2020-10-13,186.81,191.36,186.0,190.47,6399879.0
2020-10-12,190.68,191.94,184.26,185.17,7964706.0
2020-10-09,185.12,188.74,183.73,187.28,6719664.0
2020-10-08,183.18,185.3699,181.72,183.5,7133438.0
2020-10-07,180.61,182.75,179.02,180.18,7119275.0
2020-10-06,180.13,182.24,172.61,175.34,12543957.0
2020-10-05,172.43,181.89,171.5,180.92,16666741.0
2020-10-02,164.05,171.24,163.8006,169.61,11160161.0
2020-10-01,166.14,168.61,164.5801,168.49,6723499.0
2020-09-30,164.47,166.19,161.23,162.55,6561202.0
2020-09-29,164.0,167.56,163.13,164.81,12088373.0
2020-09-28,160.49,164.5,158.23,160.76,10287141.0
2020-09-25,153.06,158.98,151.751,157.72,8782784.0
2020-09-24,151.01,155.9227,148.0,152.31,13213853.0
2020-09-23,155.87,157.98,147.8,149.59,8866980.0
2020-09-22,152.82,156.34,148.59,155.59,11189711.0
2020-09-21,140.42,151.98,139.3101,151.12,12662663.0
2020-09-18,147.37,149.13,141.64,145.01,8886573.0
2020-09-17,146.27,147.6899,142.24,145.64,11972190.0
2020-09-16,155.2,159.0,149.8801,151.05,10207732.0
2020-09-15,146.13,158.5,146.13,154.5,18549994.0
2020-09-14,140.07,145.4,138.81,144.4,7754847.0
2020-09-11,143.9098,143.9098,134.26,137.45,8428436.0
2020-09-10,147.02,148.545,139.82,141.07,6711455.0
2020-09-09,145.65,145.65,139.25,144.21,9463558.0
2020-09-08,137.01,146.14,136.89,139.11,10681379.0
2020-09-04,149.63,152.22,134.0,146.39,17995164.0
2020-09-03,157.0,157.23,149.51,152.86,16421239.0
2020-09-02,170.6,170.61,158.11,162.88,11214784.0
2020-09-01,164.81,170.46,162.0,166.66,12318671.0
2020-08-31,157.0,160.7745,156.02,159.56,7630240.0
2020-08-28,159.15,159.15,154.06,155.93,6296358.0
2020-08-27,156.87,161.5399,155.5,155.61,11617224.0
2020-08-26,156.09,158.69,151.73,153.74,7689908.0
2020-08-25,151.8,155.74,149.0,155.0,6429420.0
2020-08-24,159.0,159.0,150.98,151.79,8807667.0
2020-08-21,156.4,159.47,153.12,155.1,8630546.0
2020-08-20,150.17,158.1,149.82,155.86,12428092.0
2020-08-19,151.22,152.355,148.56,150.37,6539856.0
2020-08-18,151.97,153.19,147.4121,151.04,8523389.0
2020-08-17,144.49,153.68,143.18,152.48,13154840.0
2020-08-14,143.89,143.9999,139.7303,141.96,6654720.0
2020-08-13,140.9,145.51,140.2,143.19,9834960.0
2020-08-12,140.01,143.42,137.69,139.02,10603820.0
2020-08-11,137.94,142.9475,135.03,138.25,13157143.0
2020-08-10,147.53,147.82,138.66,139.34,13066330.0
2020-08-07,151.51,153.8399,143.35,147.22,15577281.0
2020-08-06,149.76,155.89,149.12,154.0,19352781.0
2020-08-05,153.16,158.43,146.2,146.55,39629708.0
2020-08-04,135.88,137.8,133.6,136.83,10870280.0
2020-08-03,130.26,136.135,130.26,134.8,11472572.0
2020-07-31,131.34,131.9,127.36,129.85,8606777.0
2020-07-30,128.54,131.37,125.33,129.13,10192331.0
2020-07-29,125.14,128.95,124.9,128.55,8693399.0
2020-07-28,125.2,127.53,123.32,123.51,7126066.0
2020-07-27,124.62,126.77,122.34,125.75,9685703.0
2020-07-24,119.89,122.91,117.0,121.41,8059974.0
2020-07-23,127.74,129.8494,121.32,122.93,11010216.0
2020-07-22,127.49,131.71,127.06,129.18,8437494.0
2020-07-21,129.95,130.8,125.07,126.99,10805238.0
2020-07-20,121.26,129.46,120.53,128.39,12423946.0
2020-07-17,120.98,122.38,118.59,120.73,6958500.0
2020-07-16,119.94,123.3,117.55,119.95,11813400.0
2020-07-15,124.01,124.48,117.66,122.2,9596200.0
2020-07-14,118.59,121.85,111.14,121.24,17148400.0
2020-07-13,131.05,133.24,116.67,118.65,18444100.0
2020-07-10,128.39,129.6,125.26,128.05,11241600.0
2020-07-09,132.54,133.81,127.67,129.39,21923500.0
2020-07-08,127.2,133.43,127.0,133.35,25569000.0
2020-07-07,121.2,129.84,120.03,125.6,28535100.0
2020-07-06,118.79,128.36,118.03,118.97,34375600.0
2020-07-02,118.0,118.78,113.23,113.39,15055400.0
2020-07-01,106.92,117.13,106.54,115.9,22440300.0
2020-06-30,103.5,105.3,102.89,104.94,7595000.0
2020-06-29,105.15,105.28,101.22,103.68,9203300.0
2020-06-26,105.03,107.84,102.5176,104.3,19730717.0
2020-06-25,102.46,106.15,101.286,104.78,13552641.0
2020-06-24,104.0,105.7492,98.93,100.88,13231811.0
2020-06-23,105.0,106.36,103.05,104.75,14019047.0
2020-06-22,99.74,105.46,99.25,104.22,17097422.0
2020-06-19,100.1,102.26,97.92,97.98,13873682.0
2020-06-18,97.0,98.6499,95.82,98.27,8735805.0
2020-06-17,94.78,100.0,94.7,97.03,17092282.0
2020-06-16,93.07,95.8681,92.56,94.74,13010283.0
2020-06-15,84.79,91.3,84.06,91.0,9801710.0
2020-06-12,89.02,89.18,84.25,86.72,9934492.0
2020-06-11,87.75,90.0,85.77,86.09,14742948.0
2020-06-10,90.26,92.97,89.5,91.91,9452088.0
2020-06-09,89.02,91.6538,87.87,89.53,7743219.0
2020-06-08,90.5,91.23,88.03,89.62,8742508.0
2020-06-05,90.0,91.45,88.067,89.93,11121643.0
2020-06-04,90.96,92.9599,86.19,87.72,13354210.0
2020-06-03,88.0,92.5496,87.09,91.97,17080005.0
2020-06-02,82.96,88.27,82.38,88.0,18349278.0
2020-06-01,81.0,83.42,80.12,82.72,8699195.0
2020-05-29,79.73,81.95,79.34,81.08,8325532.0
2020-05-28,81.02,82.32,79.0,79.62,9937453.0
2020-05-27,80.04,81.14,76.02,81.02,11622215.0
2020-05-26,83.98,84.09,80.5,80.79,9673441.0
2020-05-22,81.23,82.49,80.83,81.49,6260565.0
2020-05-21,79.5,81.7,78.76,81.49,10069234.0
2020-05-20,81.5,83.1,80.52,82.04,10146875.0
2020-05-19,76.45,82.14,76.25,79.25,14215020.0
2020-05-18,78.7,81.35,76.44,76.63,16211905.0
2020-05-15,77.75,81.13,76.65,80.26,16306083.0
2020-05-14,72.17,78.25,71.07,78.2,16024226.0
2020-05-13,75.32,75.8,70.82,73.79,13961790.0
2020-05-12,76.0,77.39,74.31,75.21,16998276.0
2020-05-11,75.7,75.9027,74.36,74.9,12705222.0
2020-05-08,72.04,76.4,72.0,76.05,20029948.0
2020-05-07,69.86,76.8,69.58,74.62,30958292.0
2020-05-06,67.32,69.81,67.12,68.1,15936114.0
2020-05-05,66.0,68.59,65.21,66.69,11989371.0
2020-05-04,61.34,64.17,61.09,63.69,7548314.0
2020-05-01,62.84,63.9095,61.44,63.0,10034780.0
2020-04-30,65.0,66.89,64.72,65.14,10504758.0
2020-04-29,63.44,66.72,63.39,65.77,14371249.0
2020-04-28,64.17,65.025,60.9,61.75,11841022.0
2020-04-27,63.61,64.24,61.81,63.55,10235421.0
2020-04-24,62.23,62.56,61.04,62.01,9624025.0
2020-04-23,61.31,63.5,60.9209,61.82,13076431.0
2020-04-22,59.35,61.25,58.01,60.96,13441474.0
2020-04-21,60.0,60.44,56.86,57.4,15306315.0
2020-04-20,59.44,63.59,59.15,61.06,14319587.0
2020-04-17,59.5,61.44,58.7,61.09,14027638.0
2020-04-16,58.1,59.3,56.63,57.32,19726957.0
2020-04-15,59.67,61.76,59.33,61.38,12444362.0
2020-04-14,60.02,62.61,59.6145,62.41,17878598.0
2020-04-13,60.1,60.1,56.12,59.42,15167339.0
2020-04-09,58.88,64.94,58.5,59.21,30827586.0
2020-04-08,51.81,57.75,51.81,57.04,24748079.0
2020-04-07,54.78,54.91,49.7,50.31,17075923.0
2020-04-06,47.22,51.1,46.19,50.42,25485604.0
2020-04-03,46.02,46.68,42.33,43.72,18727979.0
2020-04-02,46.33,48.03,45.0,45.88,12851905.0
2020-04-01,49.78,50.01,46.05,46.81,16571120.0
2020-03-31,54.69,55.24,51.135,52.38,18292501.0
2020-03-30,52.9,55.44,51.5301,55.0,12039176.0
2020-03-27,54.0,54.4173,51.48,53.34,14639396.0
2020-03-26,53.79,59.25,53.78,56.03,23605987.0
2020-03-25,50.29,58.1,49.53,52.39,34904672.0
2020-03-24,43.5,48.88,42.56,46.31,26118281.0
2020-03-23,38.47,40.55,36.11,40.01,21711653.0
2020-03-20,41.85,43.84,37.8,38.09,26877538.0
2020-03-19,40.18,47.42,37.0,40.0,24489517.0
2020-03-18,41.03,42.0805,32.33,39.5,26770172.0
2020-03-17,43.79,45.2917,39.0,44.73,22667378.0
2020-03-16,49.25,49.25,40.0,41.27,27613333.0
2020-03-13,56.74,57.79,52.31,57.77,14650951.0
2020-03-12,55.0,58.045,52.9701,53.57,19462518.0
2020-03-11,66.35,66.35,60.82,62.44,13618039.0
2020-03-10,68.32,68.56,63.37,67.24,11796234.0
2020-03-09,67.21,67.41,63.33,65.73,16338898.0
2020-03-06,75.03,75.94,70.27,73.09,16403816.0
2020-03-05,77.78,79.02,75.66,76.32,11256133.0
2020-03-04,78.35,79.49,75.82,79.26,13364863.0
2020-03-03,80.49,80.6,75.81,78.84,18032287.0
2020-03-02,82.8,84.42,79.57,80.67,17786820.0
2020-02-28,76.44,84.15,76.42,83.33,23460580.0
2020-02-27,81.39,85.9354,79.05,79.31,35897666.0
2020-02-26,77.68,79.0775,76.0,76.59,11124033.0
2020-02-25,80.74,81.3999,75.79,77.05,9414513.0
2020-02-24,76.57,80.8451,76.07,80.21,11038105.0
2020-02-21,85.63,86.21,82.725,83.49,7739489.0
2020-02-20,85.23,87.25,80.3,85.7,12060396.0
2020-02-19,83.01,86.48,82.93,85.24,9102612.0
2020-02-18,81.68,82.98,81.3508,82.42,4723767.0
2020-02-14,81.39,82.59,81.01,81.86,5070195.0
2020-02-13,79.3,82.54,79.08,80.99,6868779.0
2020-02-12,80.01,80.9059,79.61,80.0,3570780.0
2020-02-11,80.56,81.45,79.61,79.88,3972756.0
2020-02-10,79.6,80.62,78.9,80.17,4146735.0
2020-02-07,77.8,80.0,77.34,78.86,4647388.0
2020-02-06,78.66,79.2,77.8217,78.51,6168391.0
2020-02-05,81.98,82.1,77.84,78.25,10667689.0
2020-02-04,79.9,81.68,79.25,80.9,10402485.0
2020-02-03,74.89,79.805,74.6,79.8,15177401.0
2020-01-31,75.8,76.38,74.33,74.69,7510361.0
2020-01-30,75.42,76.39,74.06,76.1,8717992.0
2020-01-29,74.5,77.07,74.24,76.16,11943703.0
2020-01-28,71.47,74.98,71.03,74.8,15588220.0
2020-01-27,68.39,72.45,68.34,71.05,11070743.0
2020-01-24,70.63,71.92,70.02,71.14,10973647.0
2020-01-23,68.86,69.44,67.55,69.29,4547339.0
2020-01-22,68.92,70.047,68.69,68.69,4895594.0
2020-01-21,69.2,69.62,68.31,68.31,4907255.0
2020-01-17,69.84,70.3,69.19,69.38,4957086.0
2020-01-16,70.95,71.0,69.19,69.52,6066153.0
2020-01-15,68.54,71.0,68.5,70.36,9185788.0
2020-01-14,68.99,69.28,68.1,68.17,6076182.0
2020-01-13,68.24,69.05,67.82,68.66,9763407.0
2020-01-10,68.46,69.51,67.89,67.99,6704936.0
2020-01-09,68.22,68.3099,66.7,67.93,8739113.0
2020-01-08,64.56,68.0,64.15,67.6,11897703.0
2020-01-07,64.57,65.49,63.66,64.59,10379064.0
2020-01-06,61.36,62.58,61.13,62.57,5902534.0
2020-01-03,62.59,63.27,62.33,63.0,5087123.0
2020-01-02,62.99,64.05,62.95,63.83,5263476.0
2019-12-31,61.15,62.7,61.0,62.56,5339489.0
2019-12-30,63.5,63.76,61.55,61.8,6501593.0
2019-12-27,64.33,64.4,63.06,63.8,4308297.0
2019-12-26,64.08,64.9153,63.73,64.03,4245994.0
2019-12-24,62.8,64.02,62.37,63.96,3538745.0
2019-12-23,63.52,64.22,62.675,62.8,5402331.0
2019-12-20,64.57,65.13,63.54,63.63,6257261.0
2019-12-19,64.9,65.57,64.12,64.55,6119820.0
2019-12-18,65.91,66.3,65.1,65.14,3992277.0
2019-12-17,66.53,66.55,65.12,65.55,4935412.0
2019-12-16,65.0,67.3,65.0,66.53,6324920.0
2019-12-13,66.02,66.34,64.4849,64.8,7047259.0
2019-12-12,65.65,66.2,65.09,65.86,4827271.0
2019-12-11,65.9,66.07,64.875,65.75,6494055.0
2019-12-10,67.3,67.4299,65.42,65.84,6046429.0
2019-12-09,67.78,68.06,66.72,67.06,4334484.0
2019-12-06,67.67,68.3232,67.61,67.98,4058259.0
2019-12-05,67.59,67.89,66.66,67.14,4264976.0
2019-12-04,67.47,68.43,67.19,67.78,3714589.0
2019-12-03,65.3,67.33,64.68,67.04,4494881.0
2019-12-02,68.95,68.96,66.11,66.88,6757282.0
2019-11-29,69.34,69.6,68.94,69.12,2478403.0
2019-11-27,68.94,69.73,68.4,69.65,4409736.0
2019-11-26,69.13,69.44,67.93,68.94,9982781.0
2019-11-25,68.32,69.53,68.09,68.25,9598405.0
2019-11-22,67.49,68.07,67.0345,67.75,5800954.0
2019-11-21,67.17,67.67,66.28,67.42,7862362.0
2019-11-20,66.36,67.75,66.02,67.17,9595581.0
2019-11-19,65.7,66.5,65.14,66.37,6883105.0
2019-11-18,64.5,66.38,64.23,65.74,7409046.0
2019-11-15,63.2,64.72,63.1,64.7,7791619.0
2019-11-14,61.65,63.0,61.35,62.99,7406793.0
2019-11-13,61.3,62.14,60.85,61.51,5577765.0
2019-11-12,63.88,63.99,60.82,61.54,11284111.0
2019-11-11,61.88,64.895,61.88,63.79,12710959.0
2019-11-08,63.18,63.4507,61.33,62.45,11629334.0
2019-11-07,61.91,66.6,60.54,64.41,25968123.0
2019-11-06,61.33,61.93,60.5779,61.34,12682812.0
2019-11-05,62.5,62.55,59.91,61.06,8526476.0
2019-11-04,63.3,63.83,62.36,62.38,6040524.0
2019-11-01,61.57,62.8143,61.46,62.6,6180794.0
2019-10-31,62.0,62.65,60.9,61.43,4414414.0
2019-10-30,62.51,62.73,61.475,62.16,4828180.0
2019-10-29,62.8,63.6168,62.38,62.41,4029454.0
2019-10-28,62.82,63.43,61.91,62.8,7164202.0
2019-10-25,61.48,63.25,61.11,62.89,5186397.0
2019-10-24,59.62,61.77,59.59,61.72,8140078.0
2019-10-23,58.9,59.69,57.62,58.36,7736356.0
2019-10-22,61.28,61.49,58.55,58.83,7191834.0
2019-10-21,60.7,61.48,59.8301,61.15,5487849.0
2019-10-18,63.17,63.439,59.7825,60.45,7905474.0
2019-10-17,63.02,64.55,63.02,63.4,5583338.0
2019-10-16,63.82,63.88,62.56,63.0,4233664.0
2019-10-15,62.22,64.49,62.22,64.29,6246010.0
2019-10-14,61.52,62.29,61.4,61.83,3741148.0
2019-10-11,62.76,63.56,61.47,61.54,9132517.0
2019-10-10,62.25,62.63,61.56,62.03,4487277.0
2019-10-09,61.43,62.52,61.27,62.22,4128980.0
2019-10-08,61.85,62.19,60.63,60.8,4680980.0
2019-10-07,62.24,62.85,61.69,62.25,4164157.0
2019-10-04,62.51,62.92,61.44,62.65,5121923.0
2019-10-03,59.48,62.44,59.06,62.05,8135860.0
2019-10-02,61.23,61.23,58.86,60.08,8899496.0
2019-10-01,62.3,62.99,61.05,61.63,7584388.0
2019-09-30,60.96,62.28,60.85,61.95,7354311.0
2019-09-27,60.98,61.65,59.93,60.75,10697861.0
2019-09-26,60.04,61.15,59.83,60.8,16717678.0
2019-09-25,57.42,58.89,56.2288,58.51,10182574.0
2019-09-24,56.85,58.75,54.4101,57.5,19625324.0
2019-09-23,57.15,57.45,56.39,56.76,8953760.0
2019-09-20,59.0,59.14,56.925,57.85,9305519.0
2019-09-19,59.96,60.18,58.41,59.03,7157394.0
2019-09-18,59.99,60.42,58.76,59.75,8692246.0
2019-09-17,60.2,60.7,59.15,59.6,9434150.0
2019-09-16,57.34,59.63,57.24,59.25,12382443.0
2019-09-13,57.18,58.85,55.91,58.29,11653164.0
2019-09-12,59.5,59.86,57.75,57.79,15255859.0
2019-09-11,60.85,60.85,58.91,59.2,11453280.0
2019-09-10,60.72,62.1,59.45,60.55,9375129.0
2019-09-09,62.55,62.73,59.07,61.47,11663886.0
2019-09-06,63.5,63.85,61.89,62.0,4740406.0
2019-09-05,61.88,63.47,61.669,63.02,8160441.0
2019-09-04,61.75,62.69,60.77,61.17,6637085.0
2019-09-03,62.43,63.98,60.96,61.13,12051386.0
2019-08-30,63.15,63.46,61.1507,61.84,5828466.0
2019-08-29,63.02,63.41,62.3,62.84,4423980.0
2019-08-28,61.28,62.219,60.6,62.15,4555994.0
2019-08-27,63.16,63.43,61.12,61.75,5216928.0
2019-08-26,62.92,63.52,62.36,62.8,5261491.0
2019-08-23,64.3,65.05,61.4,61.78,9178668.0
2019-08-22,65.92,65.97,63.37,64.68,4701192.0
2019-08-21,65.32,66.14,64.81,65.41,5538601.0
2019-08-20,64.24,65.105,63.8276,64.37,7009601.0
2019-08-19,64.0,64.433,63.2,64.08,6975837.0
2019-08-16,62.61,63.21,62.13,62.87,5421368.0
2019-08-15,62.01,62.68,61.24,62.0,7080349.0
2019-08-14,61.85,62.35,60.47,61.55,8577901.0
2019-08-13,62.0,63.5,61.52,63.0,11967135.0
2019-08-12,64.02,64.2365,61.55,62.3,10298039.0
2019-08-09,65.97,66.12,64.32,65.01,7216927.0
2019-08-08,66.07,66.57,64.93,66.27,9461941.0
2019-08-07,63.18,65.26,62.85,65.0,9246512.0
2019-08-06,66.85,67.4,63.15,64.6,14970787.0
2019-08-05,66.2,66.5,63.685,64.85,21651489.0
2019-08-02,70.8,70.81,67.25,69.6,43721986.0
2019-08-01,81.1,83.2,80.0,80.98,16099736.0
2019-07-31,81.17,81.95,79.01,80.41,7406911.0
2019-07-30,80.23,81.19,79.38,80.49,5369340.0
2019-07-29,81.88,82.0,79.06,80.2,7211431.0
2019-07-26,80.63,82.32,80.63,81.81,5668247.0
2019-07-25,80.15,81.09,79.13,80.02,6000395.0
2019-07-24,78.67,80.5,78.43,80.43,4751046.0
2019-07-23,79.0,79.37,77.8605,78.84,3624763.0
2019-07-22,79.13,79.63,78.38,78.57,4005413.0
2019-07-19,81.61,81.7,78.42,78.51,6877515.0
2019-07-18,80.87,82.14,80.22,81.06,6855061.0
2019-07-17,80.21,82.17,80.19,80.87,6263978.0
2019-07-16,81.8,81.8,80.31,80.59,5771988.0
2019-07-15,82.48,82.51,81.2,82.17,6428485.0
2019-07-12,80.05,82.66,79.73,82.28,13586310.0
2019-07-11,78.45,79.96,78.43,79.44,7916441.0
2019-07-10,77.91,78.7,77.4,78.37,10342804.0
2019-07-09,74.03,78.39,73.96,77.96,21399725.0
2019-07-08,73.8,74.0,73.06,73.43,4287981.0
2019-07-05,73.75,74.36,73.2,74.31,3523528.0
2019-07-03,74.0,74.32,73.35,74.26,2904582.0
2019-07-02,72.98,73.97,72.65,73.97,5902281.0
2019-07-01,73.9,74.2,72.7,73.2,8092426.0
2019-06-28,72.43,73.1476,71.57,72.53,9464965.0
2019-06-27,70.57,71.54,70.05,71.28,5163832.0
2019-06-26,70.98,72.0,69.91,69.95,7911769.0
2019-06-25,72.93,73.17,69.26,69.87,12035262.0
2019-06-24,72.98,73.679,72.52,72.71,4468022.0
2019-06-21,74.08,74.2595,72.29,72.87,8396728.0
2019-06-20,73.76,74.55,73.31,74.42,8796757.0
2019-06-19,71.77,72.78,71.27,72.66,6079121.0
2019-06-18,72.9,73.505,71.6,71.82,7651584.0
2019-06-17,72.0,72.93,71.8,72.21,5353061.0
2019-06-14,71.81,72.08,70.92,71.59,5344666.0
2019-06-13,70.76,72.75,70.53,72.18,8201368.0
2019-06-12,70.0,70.92,69.53,70.46,6612073.0
2019-06-11,71.2,71.88,69.11,70.18,7130723.0
2019-06-10,69.57,71.7,69.12,70.37,10668192.0
2019-06-07,66.48,69.07,66.16,68.46,9995129.0
2019-06-06,64.88,65.87,64.2,65.77,6021813.0
2019-06-05,63.45,65.64,63.43,64.93,9330703.0
2019-06-04,61.55,63.45,60.73,63.39,8234436.0
2019-06-03,61.95,62.5435,59.8922,60.62,9309724.0
2019-05-31,62.24,62.5,61.31,61.95,7220492.0
2019-05-30,63.78,64.29,63.2,63.67,5590361.0
2019-05-29,65.06,65.06,62.7,63.23,10392814.0
2019-05-28,65.2,67.67,65.1,65.82,10027489.0
2019-05-24,64.15,65.04,63.76,64.66,7993956.0
2019-05-23,65.05,65.33,62.77,63.75,9444481.0
2019-05-22,65.68,67.0427,65.66,66.46,6695070.0
2019-05-21,65.21,66.09,65.15,65.92,5698664.0
2019-05-20,64.15,64.6999,63.58,64.39,6715061.0
2019-05-17,65.22,66.49,64.65,65.31,6868387.0
2019-05-16,65.11,67.15,65.0525,66.4,8587767.0
2019-05-15,63.6,65.23,63.44,65.23,7857658.0
2019-05-14,62.99,65.24,62.483,64.11,10036584.0
2019-05-13,63.9,64.31,61.65,62.39,14597103.0
2019-05-10,65.93,67.09,64.46,65.99,7689854.0
2019-05-09,66.53,66.62,64.6845,66.39,9178454.0
2019-05-08,68.22,68.29,66.78,67.25,9863028.0
2019-05-07,69.98,70.34,67.37,68.42,10764077.0
2019-05-06,65.46,70.29,65.41,70.14,13595822.0
2019-05-03,67.91,68.67,66.6,68.52,9187206.0
2019-05-02,69.8,70.5,66.05,67.74,34399626.0
2019-05-01,73.95,74.73,73.171,73.62,15731099.0
2019-04-30,72.59,73.85,72.27,72.82,7192097.0
2019-04-29,71.54,73.87,71.5,72.72,8627261.0
2019-04-26,73.15,73.17,70.855,71.55,7426885.0
2019-04-25,72.34,73.5,72.01,72.65,6384942.0
2019-04-24,72.7,73.56,71.7303,71.99,7056534.0
2019-04-23,72.99,73.2,72.02,72.45,6249954.0
2019-04-22,70.05,72.88,70.0,72.58,7867678.0
2019-04-18,72.5,72.75,69.79,70.74,11829457.0
2019-04-17,73.89,73.9,72.21,72.76,5901198.0
2019-04-16,74.9,75.1795,72.77,73.49,6391516.0
2019-04-15,75.23,76.33,74.095,74.39,6840195.0
2019-04-12,76.35,76.46,74.8177,75.28,6318607.0
2019-04-11,75.05,76.05,74.9407,75.5,6971343.0
2019-04-10,75.06,75.65,73.92,74.74,7779341.0
2019-04-09,74.63,75.9,74.4,74.6,7236088.0
2019-04-08,74.76,75.33,73.76,75.0,6564136.0
2019-04-05,75.23,76.48,74.73,75.03,7396193.0
2019-04-04,76.79,77.23,73.63,74.52,10713582.0
2019-04-03,75.99,77.84,75.99,77.05,10123148.0
2019-04-02,76.05,76.5699,75.13,75.6,6626079.0
2019-04-01,75.59,76.7,75.1,76.32,8764309.0
2019-03-29,74.62,75.54,74.25,74.92,6437146.0
2019-03-28,73.66,74.78,72.85,74.26,7500711.0
2019-03-27,75.38,75.6,71.64,72.97,11690839.0
2019-03-26,75.66,75.77,73.16,73.93,8891339.0
2019-03-25,74.45,75.4735,73.33,74.55,8266954.0
2019-03-22,78.24,79.2,74.95,75.09,9924329.0
2019-03-21,74.87,78.74,74.77,78.53,10707653.0
2019-03-20,76.18,76.23,73.95,75.26,9422965.0
2019-03-19,75.68,77.27,75.44,76.81,8170890.0
2019-03-18,76.61,76.83,73.51,75.23,12755267.0
2019-03-15,77.81,78.25,76.25,76.65,8485835.0
2019-03-14,78.0,78.72,77.1,77.38,6579206.0
2019-03-13,77.39,78.85,76.95,77.85,8664031.0
2019-03-12,76.0,78.0,75.8,76.77,9494819.0
2019-03-11,74.99,75.95,74.62,75.53,7901664.0
2019-03-08,71.95,74.4,71.1,74.4,9025198.0
2019-03-07,74.79,75.2863,73.18,74.11,9561731.0
2019-03-06,75.55,75.95,74.29,75.14,7173957.0
2019-03-05,74.89,76.51,73.76,76.04,9711825.0
2019-03-04,77.99,78.49,73.05,74.69,16804759.0
2019-03-01,80.97,81.03,76.69,77.46,22485850.0
2019-02-28,75.92,82.78,74.57,81.24,41440974.0
2019-02-27,78.0,79.56,77.39,79.32,19712494.0
2019-02-26,77.3,78.19,76.8664,77.95,8544307.0
2019-02-25,77.8,78.56,76.78,77.13,8757591.0
2019-02-22,74.88,76.08,74.85,76.08,7614840.0
2019-02-21,75.95,76.5,74.135,74.43,7645074.0
2019-02-20,77.0,77.67,75.11,75.97,8773808.0
2019-02-19,75.96,77.1,75.793,76.64,7438604.0
2019-02-15,76.22,76.8547,75.1,75.64,7148905.0
2019-02-14,74.89,76.0599,73.8,75.67,7671771.0
2019-02-13,76.0,77.2473,75.4,75.63,10212309.0
2019-02-12,75.55,75.89,74.8429,75.59,8947711.0
2019-02-11,74.56,75.88,73.56,74.32,13317465.0
2019-02-08,70.62,73.49,70.23,73.49,9947776.0
2019-02-07,71.77,72.98,70.52,71.95,9549733.0
2019-02-06,72.31,73.28,70.82,72.67,10068533.0
2019-02-05,73.0,75.17,72.27,72.28,19150466.0
2019-02-04,71.0,72.62,70.4,71.75,10582051.0
2019-02-01,71.05,71.2798,69.72,70.8,12677818.0
2019-01-31,70.03,73.8599,69.98,71.35,15679443.0
2019-01-30,71.01,71.6,68.72,71.53,18710390.0
2019-01-29,72.26,72.43,68.05,68.56,32382900.0
2019-01-28,75.39,77.01,74.12,76.22,15701712.0
2019-01-25,74.9,78.15,74.5,77.97,25132212.0
2019-01-24,69.37,74.03,69.3001,73.94,24611638.0
2019-01-23,69.58,70.59,68.02,69.1,17864388.0
2019-01-22,71.61,71.75,67.27,67.85,19149904.0
2019-01-18,69.7,72.26,69.24,72.24,22074139.0
2019-01-17,66.1,69.7,65.95,68.84,20971674.0
2019-01-16,66.34,67.63,65.23,65.9,13368284.0
2019-01-15,65.14,66.77,64.8601,65.96,12099396.0
2019-01-14,64.72,65.72,63.74,65.18,12364349.0
2019-01-11,65.69,67.64,65.2201,66.23,14448253.0
2019-01-10,64.75,66.2,63.72,66.1,13562225.0
2019-01-09,63.3,66.9,62.56,65.93,21012425.0
2019-01-08,62.6,63.8002,61.15,63.12,21511751.0
2019-01-07,59.0,61.29,58.0501,60.72,18146946.0
2019-01-04,54.4,59.66,53.8611,58.18,30228637.0
2019-01-03,55.58,56.73,52.26,52.42,19076341.0
2019-01-02,54.1,57.83,53.56,57.2,13434047.0
2018-12-31,56.44,57.35,55.46,56.09,13258786.0
2018-12-28,56.7,57.1,54.92,55.87,18413306.0
2018-12-27,54.44,56.37,52.51,56.15,20228781.0
2018-12-26,51.19,55.47,50.4,55.32,19549195.0
2018-12-24,50.38,52.5,49.82,50.72,11331816.0
2018-12-21,55.14,55.98,52.15,52.51,24945198.0
2018-12-20,58.1,59.9,53.76,55.9,24787642.0
2018-12-19,60.0,62.49,58.81,59.03,18705333.0
2018-12-18,59.17,60.995,58.31,59.92,16083636.0
2018-12-17,61.08,61.86,58.18,58.62,16517265.0
2018-12-14,61.94,63.94,61.0,62.14,10528110.0
2018-12-13,63.97,64.4,62.13,62.9,10708125.0
2018-12-12,63.0,65.69,62.7838,63.65,15966574.0
2018-12-11,64.85,65.75,61.1442,61.78,17887280.0
2018-12-10,59.77,64.13,59.75,63.38,18276837.0
2018-12-07,64.94,66.09,59.0,60.78,20672247.0
2018-12-06,61.51,65.7,60.2,65.69,23253555.0
2018-12-04,70.05,70.8,63.27,63.51,31179667.0
2018-12-03,73.07,73.09,71.07,71.95,16203201.0
2018-11-30,69.4,70.68,68.4,69.84,12218093.0
2018-11-29,69.44,70.72,67.55,69.9,13912768.0
2018-11-28,67.01,70.1,65.43,69.89,16478193.0
2018-11-27,65.59,67.3,65.12,65.88,9607397.0
2018-11-26,64.8,66.9,63.78,66.52,12630427.0
2018-11-23,61.67,64.0,61.53,63.47,6010525.0
2018-11-21,63.31,63.96,60.27,62.62,15670474.0
2018-11-20,56.0,63.58,55.37,61.82,34865547.0
2018-11-19,70.09,70.4,62.7,62.97,22491247.0
2018-11-16,71.51,73.2,69.94,70.59,13311397.0
2018-11-15,70.19,74.22,69.06,73.6,12244430.0
2018-11-14,72.45,73.42,68.51,69.81,14251935.0
2018-11-13,70.29,72.8,68.5,71.85,18485887.0
2018-11-12,73.01,73.8,67.211,69.83,19982104.0
2018-11-09,73.1,74.6,71.5,73.27,17267065.0
2018-11-08,79.43,80.5999,73.66,75.23,35808891.0
2018-11-07,78.52,83.0,78.44,82.69,24041889.0
2018-11-06,76.91,79.37,76.27,77.31,18563340.0
2018-11-05,76.87,76.97,72.22,75.01,16851418.0
2018-11-02,76.77,79.94,76.32,77.76,13561636.0
2018-11-01,74.01,77.17,72.5,76.74,13574021.0
2018-10-31,71.11,74.52,71.04,73.45,17915795.0
2018-10-30,65.91,68.9,64.4941,68.76,17359133.0
2018-10-29,72.47,73.55,65.37,67.28,20295596.0
2018-10-26,70.71,73.31,68.9,71.12,16771822.0
2018-10-25,70.15,74.4,69.5,73.49,13759190.0
2018-10-24,74.07,75.21,69.1,69.34,15587857.0
2018-10-23,72.79,74.42,71.55,74.15,16952900.0
2018-10-22,74.8,76.3499,72.28,75.72,15948047.0
2018-10-19,77.48,78.7,74.01,74.07,16924750.0
2018-10-18,76.19,77.57,73.6,74.96,15367972.0
2018-10-17,79.93,80.32,75.91,78.05,16656849.0
2018-10-16,76.5,79.1,73.86,78.72,23256369.0
2018-10-15,74.56,75.9,72.75,73.77,22583454.0
2018-10-12,76.25,76.38,71.52,73.97,38121505.0
2018-10-11,72.36,74.38,65.0,69.03,63545654.0
2018-10-10,86.74,86.9,76.9,77.45,32581896.0
2018-10-09,83.69,87.66,83.0,86.17,16738447.0
2018-10-08,92.4,92.64,83.55,86.06,30365080.0
2018-10-05,94.41,96.31,91.63,94.11,12099821.0
2018-10-04,96.99,97.06,92.3,94.49,13896305.0
2018-10-03,98.48,98.7,95.69,96.96,9820557.0
2018-10-02,97.66,100.4164,97.25,97.83,11894954.0
2018-10-01,100.8,101.15,96.6,97.28,12616925.0
2018-09-28,97.36,100.39,97.07,99.01,15268212.0
2018-09-27,94.91,99.13,94.77,97.96,21040352.0
2018-09-26,97.46,98.47,94.05,94.65,25510945.0
2018-09-25,88.74,96.0,88.19,95.35,28195216.0
2018-09-24,83.9,87.13,81.53,86.04,8152089.0
2018-09-21,87.05,87.7399,85.16,85.3,10113956.0
2018-09-20,85.98,87.32,84.82,86.51,9195778.0
2018-09-19,88.3,88.56,83.33,84.8,13187712.0
2018-09-18,87.94,89.38,87.06,87.99,10583017.0
2018-09-17,90.14,91.95,86.51,86.86,10516422.0
2018-09-14,90.26,91.29,89.31,90.82,7278501.0
2018-09-13,91.16,92.39,89.43,90.22,9672818.0
2018-09-12,92.29,92.4,88.4,90.44,12707892.0
2018-09-11,88.9,92.919,88.7,92.28,12004277.0
2018-09-10,90.34,90.83,87.79,89.39,10220415.0
2018-09-07,87.66,91.5,86.55,89.97,10503810.0
2018-09-06,87.83,89.7999,86.7,88.54,12523565.0
2018-09-05,91.3,91.41,84.34,87.2,18020934.0
2018-09-04,88.74,91.64,87.76,91.25,13753247.0
2018-08-31,87.83,89.695,87.3801,88.64,11165101.0
2018-08-30,85.72,89.22,85.5,87.76,20083757.0
2018-08-29,82.405,86.17,81.44,85.7,22510552.0
2018-08-28,78.84,81.41,78.6233,80.8,11452011.0
2018-08-27,78.79,79.06,77.26,78.25,8257205.0
2018-08-24,77.84,78.47,77.45,78.18,7050599.0
2018-08-23,76.96,78.43,76.661,77.12,7721737.0
2018-08-22,75.19,76.83,74.75,76.44,6827755.0
2018-08-21,74.26,76.31,74.26,75.19,8587771.0
2018-08-20,72.95,74.4,72.01,74.26,7076703.0
2018-08-17,72.83,73.39,71.801,72.9,5561358.0
2018-08-16,73.4,73.43,71.6,72.76,8180411.0
2018-08-15,74.49,75.45,71.451,72.24,13050926.0
2018-08-14,73.67,75.15,73.48,74.97,10883342.0
2018-08-13,70.69,74.49,70.6,72.37,13091017.0
2018-08-10,69.22,72.23,68.9,70.6,13376613.0
2018-08-09,71.12,71.27,69.3,69.38,6312666.0
2018-08-08,70.85,71.1,69.551,70.82,5008557.0
2018-08-07,70.89,71.59,69.93,71.0,6589678.0
2018-08-06,69.61,71.0,68.74,70.92,10876048.0
2018-08-03,72.1,72.43,67.83,68.36,14949028.0
2018-08-02,65.2499,72.82,64.22,72.65,20831930.0
2018-08-01,65.1,67.41,65.0,66.86,11990436.0
2018-07-31,65.88,66.8,63.21,64.65,10692312.0
2018-07-30,70.04,70.2,64.2101,65.62,13598977.0
2018-07-27,72.48,73.19,68.76,69.85,8700981.0
2018-07-26,71.18,72.33,70.11,71.99,6744477.0
2018-07-25,69.73,72.53,69.63,72.53,8309289.0
2018-07-24,72.57,72.8,68.2,69.36,12188124.0
2018-07-23,70.5,72.21,69.65,71.6,7059718.0
2018-07-20,70.95,72.09,70.17,70.41,9267085.0
2018-07-19,69.4,71.3195,68.85,70.32,11981314.0
2018-07-18,68.45,68.83,67.42,68.29,4913121.0
2018-07-17,66.57,68.67,66.37,68.33,6293097.0
2018-07-16,66.69,68.3383,66.69,66.95,5407869.0
2018-07-13,67.03,67.28,65.5,66.97,7686604.0
2018-07-12,65.81,67.4897,65.7,67.28,8927270.0
2018-07-11,64.29,65.84,64.12,65.33,5857122.0
2018-07-10,66.0,66.85,64.41,64.76,9162679.0
2018-07-09,67.3,67.5,64.85,66.48,9067762.0
2018-07-06,64.6,66.52,63.76,66.44,10443622.0
2018-07-05,62.55,64.43,62.28,64.15,7670960.0
2018-07-03,63.32,63.65,61.52,61.75,4234664.0
2018-07-02,60.47,63.23,60.26,63.14,5427128.0
2018-06-29,62.3,62.77,61.44,61.64,6764464.0
2018-06-28,61.02,61.83,59.4,61.55,11836912.0
2018-06-27,63.85,64.16,59.83,60.09,11125717.0
2018-06-26,62.03,63.4,61.11,62.55,13168856.0
2018-06-25,64.0,64.15,60.87,61.89,15115365.0
2018-06-22,68.17,68.17,65.11,65.75,11540481.0
2018-06-21,68.78,69.4,66.27,67.1,9999482.0
2018-06-20,66.59,68.97,66.55,67.59,12382528.0
2018-06-19,65.32,66.1,63.5501,65.96,9504451.0
2018-06-18,64.15,66.44,63.88,66.2,10488276.0
2018-06-15,63.65,64.6,62.53,64.48,7904386.0
2018-06-14,63.2,64.85,63.2,63.88,11913140.0
2018-06-13,62.25,63.86,62.17,62.5,11262030.0
2018-06-12,61.77,64.08,61.65,63.21,9585627.0
2018-06-11,61.97,62.46,59.5,61.29,6047975.0
2018-06-08,60.58,62.04,60.19,61.78,8300920.0
2018-06-07,62.65,62.77,59.3,60.67,14474633.0
2018-06-06,61.6,62.83,61.08,62.72,8590945.0
2018-06-05,61.36,61.93,60.43,61.57,8752797.0
2018-06-04,60.49,61.49,59.71,61.2,10717891.0
2018-06-01,58.7,60.26,58.281,59.41,10479585.0
2018-05-31,58.0,58.9,57.6,58.25,7980874.0
2018-05-30,57.67,58.39,56.92,57.91,9456970.0
2018-05-29,56.0,57.839,55.89,56.92,10247300.0
2018-05-25,55.84,56.86,55.41,55.77,5509684.0
2018-05-24,55.0,55.84,54.76,55.55,7574112.0
2018-05-23,54.17,55.09,53.66,55.09,9545810.0
2018-05-22,56.4,56.62,54.49,54.63,9693795.0
2018-05-21,56.04,57.05,55.705,56.39,8228795.0
2018-05-18,53.54,55.33,53.0,55.04,10012165.0
2018-05-17,56.5,57.19,54.6,54.82,14528418.0
2018-05-16,54.78,56.72,54.4601,56.59,10878774.0
2018-05-15,54.02,55.0,53.13,54.65,7653631.0
2018-05-14,55.05,56.08,54.05,54.28,10681870.0
2018-05-11,54.54,55.4797,54.01,54.73,7470522.0
2018-05-10,54.52,55.5,53.86,54.65,10628753.0
2018-05-09,53.15,54.89,52.43,54.26,12653548.0
2018-05-08,51.21,53.68,50.24,53.32,18013422.0
2018-05-07,49.1,51.82,49.05,51.12,13758940.0
2018-05-04,48.3,49.67,48.15,49.1,10442063.0
2018-05-03,46.7,49.48,46.501,49.21,20472828.0
2018-05-02,48.34,50.0,48.3,48.66,18113334.0
2018-05-01,47.11,48.5,46.69,48.2,7669999.0
2018-04-30,47.7,48.92,45.76,47.34,16758047.0
2018-04-27,48.0,48.77,47.19,47.57,10176418.0
2018-04-26,46.11,47.37,45.6,46.74,10236845.0
2018-04-25,46.8,46.9,43.72,44.75,16056199.0
2018-04-24,50.35,50.35,45.31,46.01,18383863.0
2018-04-23,51.8,51.99,50.12,50.35,7092091.0
2018-04-20,50.89,52.4999,50.66,51.46,9079211.0
2018-04-19,51.13,51.58,50.09,50.63,8926374.0
2018-04-18,49.34,51.68,48.76,51.38,11145526.0
2018-04-17,47.93,49.69,47.87,49.13,8250241.0
2018-04-16,47.78,47.9,46.37,47.03,7414688.0
2018-04-13,50.34,50.42,47.21,47.5,11286221.0
2018-04-12,48.45,50.14,48.15,49.69,10479904.0
2018-04-11,47.67,48.99,47.46,47.76,7832292.0
2018-04-10,46.99,47.88,46.5015,47.8,8741130.0
2018-04-09,46.13,47.1901,45.83,45.89,8445269.0
2018-04-06,47.5,47.65,44.94,45.87,14184761.0
2018-04-05,48.3,48.88,47.57,48.02,9375247.0
2018-04-04,45.46,47.84,45.16,47.67,10540067.0
2018-04-03,48.7,48.87,46.75,47.58,9794639.0
2018-04-02,48.88,49.37,47.02,47.68,11918444.0
2018-03-29,47.85,49.79,47.65,49.2,18350457.0
2018-03-28,50.4,50.4,46.14,47.39,27553936.0
2018-03-27,54.86,55.15,50.35,51.06,13509342.0
2018-03-26,53.05,53.66,51.11,53.55,11332747.0
2018-03-23,54.06,54.63,51.12,51.67,20521859.0
2018-03-22,56.77,56.77,54.27,55.16,15704051.0
2018-03-21,57.81,58.46,56.52,57.09,13534285.0
2018-03-20,54.39,58.0686,54.3,57.69,17238235.0
2018-03-19,54.78,55.8855,53.15,54.58,16600570.0
2018-03-16,54.52,55.05,53.9,54.89,10818320.0
2018-03-15,55.1,55.54,54.09,54.84,13423122.0
2018-03-14,53.2,54.84,53.2,54.61,22042999.0
2018-03-13,53.4,53.6472,50.76,51.83,13500432.0
2018-03-12,52.62,53.79,52.1,53.19,12482061.0
2018-03-09,52.7,53.22,52.15,52.49,11545289.0
2018-03-08,50.72,52.97,50.7,52.25,16961324.0
2018-03-07,48.7,51.89,48.55,50.72,18318010.0
2018-03-06,49.55,50.01,47.81,49.6,20827152.0
2018-03-05,45.46,50.5,45.44,50.42,30623235.0
2018-03-02,45.34,46.12,45.01,46.02,11010491.0
2018-03-01,46.0,46.25,44.29,46.01,17570464.0
2018-02-28,45.9,48.0,45.55,46.05,24022042.0
2018-02-27,46.56,47.11,45.41,45.91,19449243.0
2018-02-26,45.5,46.85,45.25,46.55,13615246.0
2018-02-23,45.02,45.46,44.22,44.86,7901449.0
2018-02-22,44.37,45.0,44.01,44.9,7078201.0
2018-02-21,45.85,45.9,43.8,44.1,11365412.0
2018-02-20,44.56,46.44,44.36,44.93,15746963.0
2018-02-16,44.03,45.19,43.54,44.11,10391473.0
2018-02-15,42.3,45.04,42.22,44.29,19642257.0
2018-02-14,41.81,42.49,40.72,41.85,16185711.0
2018-02-13,39.85,42.68,39.74,42.11,13293846.0
2018-02-12,39.81,40.46,38.8,39.92,9912845.0
2018-02-09,39.97,40.57,36.76,39.57,18780033.0
2018-02-08,42.85,42.85,39.5,39.5,16509071.0
2018-02-07,42.01,42.79,41.5,41.67,11060632.0
2018-02-06,39.92,41.98,39.1,41.61,20298767.0
2018-02-05,42.04,44.23,40.12,41.02,16631590.0
2018-02-02,43.9,45.35,43.35,43.61,14284125.0
2018-02-01,45.75,46.71,44.02,44.45,15925079.0
2018-01-31,45.9688,47.5,45.8,46.91,15334375.0
2018-01-30,44.42,45.94,42.56,45.52,10229313.0
2018-01-29,46.08,46.249,44.9,45.43,7642543.0
2018-01-26,45.5,46.25,44.85,45.97,11110108.0
2018-01-25,44.83,45.49,44.03,45.12,9049890.0
2018-01-24,45.22,45.82,43.04,44.32,13960533.0
2018-01-23,45.06,45.67,43.5,45.01,19997967.0
2018-01-22,42.8,45.44,42.76,45.29,27197419.0
2018-01-19,42.17,42.98,41.66,42.56,24141608.0
2018-01-18,40.29,41.13,40.02,40.27,9836363.0
2018-01-17,39.32,40.31,39.22,40.06,10952264.0
2018-01-16,41.15,41.25,38.67,39.32,17333857.0
2018-01-12,42.37,42.5,41.01,41.25,13852322.0
2018-01-11,41.03,43.08,41.03,42.3,21023562.0
2018-01-10,40.62,41.2,40.0,40.84,11265588.0
2018-01-09,40.45,41.4814,39.22,40.88,14710920.0
2018-01-08,41.0,41.91,39.81,40.76,26626094.0
2018-01-05,38.39,41.15,38.19,41.14,31102014.0
2018-01-04,38.3,38.66,37.4,38.1,20469808.0
2018-01-03,36.43,37.36,36.05,37.31,11617851.0
2018-01-02,34.7,36.24,34.68,36.17,11240539.0
2017-12-29,34.79,35.08,34.38,34.67,10462309.0
2017-12-28,35.92,36.1,34.96,35.13,8217510.0
2017-12-27,35.01,36.09,35.01,35.75,9559542.0
2017-12-26,35.0,35.5,34.72,35.05,7131296.0
2017-12-22,34.98,35.33,34.14,35.14,14382353.0
2017-12-21,35.96,36.4699,35.66,35.87,9669061.0
2017-12-20,37.0,37.04,35.58,35.66,14012003.0
2017-12-19,37.815,38.1,36.52,36.92,12019125.0
2017-12-18,37.38,38.0,37.22,37.75,11897341.0
2017-12-15,37.32,37.6525,36.87,37.03,12932032.0
2017-12-14,36.065,37.54,35.8,37.01,20939467.0
2017-12-13,38.17,38.45,36.07,36.19,25376218.0
2017-12-12,38.07,39.64,37.93,38.08,18834100.0
2017-12-11,38.01,38.68,37.7,38.3,15780181.0
2017-12-08,39.61,39.79,37.94,38.09,20917818.0
2017-12-07,37.97,39.46,37.96,38.73,23721619.0
2017-12-06,38.47,39.77,37.27,37.61,28820442.0
2017-12-05,36.75,38.59,36.74,37.6,21276177.0
2017-12-04,38.41,38.69,35.9,36.87,29566927.0
2017-12-01,39.34,39.55,36.72,38.22,25390126.0
2017-11-30,39.27,40.78,38.82,39.22,39352700.0
2017-11-29,43.2,43.39,37.18,39.13,52069596.0
2017-11-28,39.89,44.05,39.5,42.55,56515896.0
2017-11-27,47.21,47.4,40.37,41.02,76437517.0
2017-11-24,48.61,49.56,48.11,48.86,16562670.0
2017-11-22,46.861,49.55,46.1,48.81,44557632.0
2017-11-21,46.0,48.24,45.703,48.06,28904547.0
2017-11-20,44.99,46.06,44.58,45.21,28654917.0
2017-11-17,42.49,45.74,42.44,44.18,39182443.0
2017-11-16,40.95,41.97,40.52,41.9,19867811.0
2017-11-15,41.15,41.8,40.17,40.66,20634163.0
2017-11-14,39.98,40.5,39.51,39.74,11563271.0
2017-11-13,39.13,40.19,38.31,39.98,14396976.0
2017-11-10,37.65,39.731,37.39,39.21,19473500.0
2017-11-09,36.45,38.01,34.83,37.96,23461524.0
2017-11-08,36.94,37.159,36.0,36.71,13485388.0
2017-11-07,37.69,37.69,36.29,36.76,10536686.0
2017-11-06,37.31,37.75,36.8,37.18,8502953.0
2017-11-03,36.23,36.98,35.911,36.89,6615572.0
2017-11-02,35.87,36.36,34.75,36.07,8883496.0
2017-11-01,37.48,37.52,35.87,36.47,10557892.0
2017-10-31,35.82,37.44,35.82,37.19,13064660.0
2017-10-30,35.8,35.81,34.66,35.75,10320148.0
2017-10-27,34.69,35.29,34.215,35.2,10183525.0
2017-10-26,33.0,34.75,32.82,34.11,14738223.0
2017-10-25,32.99,32.99,32.2,32.9,5688120.0
2017-10-24,32.8,32.843,32.5,32.71,3846314.0
2017-10-23,32.74,32.976,32.46,32.53,4877303.0
2017-10-20,32.61,32.75,32.2,32.5,5924104.0
2017-10-19,32.09,32.26,31.441,32.12,6978060.0
2017-10-18,33.02,33.06,32.341,32.52,5474339.0
2017-10-17,33.25,33.305,32.13,32.69,10862333.0
2017-10-16,32.95,33.295,32.58,33.22,6299754.0
2017-10-13,33.22,33.22,32.41,32.81,7132482.0
2017-10-12,32.35,33.161,32.21,32.81,10517964.0
2017-10-11,31.34,32.0,31.21,32.0,6895749.0
2017-10-10,31.44,31.44,30.65,31.32,5774666.0
2017-10-09,30.77,31.52,30.76,31.07,5893157.0
2017-10-06,30.55,30.88,30.5,30.76,4008147.0
2017-10-05,30.18,30.9,30.0,30.76,7507263.0
2017-10-04,30.03,30.399,29.56,30.15,7432661.0
2017-10-03,29.45,30.025,29.37,29.94,8843313.0
2017-10-02,28.8,29.55,28.78,29.39,6334263.0
2017-09-29,28.51,28.875,28.27,28.81,5705534.0
2017-09-28,28.45,28.57,27.96,28.49,5875689.0
2017-09-27,28.46,28.55,27.815,28.07,4849307.0
2017-09-26,27.88,28.48,27.38,27.61,5850944.0
2017-09-25,28.75,28.76,27.21,27.45,9481912.0
2017-09-22,28.4,28.94,28.31,28.75,4841490.0
2017-09-21,28.38,28.5,28.07,28.4,3976436.0
2017-09-20,28.53,28.67,28.22,28.47,4327015.0
2017-09-19,28.7,28.85,28.35,28.56,5885287.0
2017-09-18,28.59,29.0,28.5,28.69,9366432.0
2017-09-15,28.23,28.73,28.01,28.5,19450670.0
2017-09-14,27.47,28.8,27.28,28.64,16225444.0
2017-09-13,27.4,27.5,26.671,27.49,6271748.0
2017-09-12,27.6,27.64,26.8,27.27,6133930.0
2017-09-11,26.8,27.66,26.78,27.57,8596222.0
2017-09-08,26.47,26.99,26.4,26.53,5928203.0
2017-09-07,26.12,26.69,25.86,26.3,7855733.0
2017-09-06,25.9,26.17,25.72,26.05,6502455.0
2017-09-05,25.75,25.82,25.24,25.77,4969039.0
2017-09-01,26.1,26.25,25.66,25.93,3257335.0
2017-08-31,25.9,26.49,25.87,26.11,5352808.0
2017-08-30,25.43,25.91,25.18,25.76,4453294.0
2017-08-29,24.76,25.1,24.64,25.04,3640625.0
2017-08-28,25.11,25.15,24.8,24.91,3555813.0
2017-08-25,25.85,25.88,24.92,24.99,5619917.0
2017-08-24,25.7,25.85,25.35,25.66,4734149.0
2017-08-23,25.3,25.88,25.2,25.48,6008590.0
2017-08-22,24.72,25.34,24.7,25.34,7065362.0
2017-08-21,24.92,25.0,24.22,24.46,5867222.0
2017-08-18,24.78,25.08,24.635,24.83,5325691.0
2017-08-17,25.0,25.47,24.51,24.54,5352669.0
2017-08-16,25.08,25.18,24.865,24.99,4170567.0
2017-08-15,25.36,25.38,24.8,24.83,5047452.0
2017-08-14,25.25,25.47,25.03,25.2,4258150.0
2017-08-11,24.41,25.09,24.36,24.82,5266455.0
2017-08-10,25.49,25.5,24.58,24.65,8546192.0
2017-08-09,25.8,25.86,25.37,25.59,5717295.0
2017-08-08,25.9,26.27,25.47,26.02,7229765.0
2017-08-07,25.34,25.85,25.3,25.68,5918518.0
2017-08-04,25.27,25.77,25.0,25.21,8209666.0
2017-08-03,25.4,25.84,24.7,25.22,15868206.0
2017-08-02,27.25,27.3,25.6,26.46,16149726.0
2017-08-01,26.58,26.9,26.39,26.81,6999168.0
2017-07-31,26.47,26.84,26.03,26.35,6473219.0
2017-07-28,26.1,26.58,25.6,26.2,7787898.0
2017-07-27,27.94,27.97,25.2,25.92,14476131.0
2017-07-26,26.93,27.68,26.85,27.31,7892839.0
2017-07-25,26.85,26.92,26.35,26.89,4223350.0
2017-07-24,26.85,26.995,26.22,26.75,9104230.0
2017-07-21,26.54,27.11,26.37,26.85,5700541.0
2017-07-20,26.44,26.55,26.22,26.39,4154795.0
2017-07-19,26.75,26.772,26.2,26.36,4567482.0
2017-07-18,26.3,26.79,26.17,26.59,7662488.0
2017-07-17,26.49,26.62,26.06,26.19,4231257.0
2017-07-14,26.03,26.65,25.97,26.33,6816658.0
2017-07-13,26.18,26.5,25.66,25.98,8412977.0
2017-07-12,25.61,26.435,25.16,26.21,15317864.0
2017-07-11,24.0,25.56,23.81,25.44,17666020.0
2017-07-10,23.58,24.13,23.44,23.94,4661096.0
2017-07-07,23.43,23.82,23.391,23.59,3423880.0
2017-07-06,23.72,23.9,23.19,23.22,5135124.0
2017-07-05,23.3,24.16,23.05,23.76,9202982.0
2017-07-03,23.55,23.6,22.66,22.83,3584138.0
2017-06-30,23.45,23.67,23.303,23.46,4259014.0
2017-06-29,24.27,24.3,23.23,23.4,7136266.0
2017-06-28,23.64,24.34,23.4,24.3,6957710.0
2017-06-27,23.93,24.24,23.21,23.32,5745779.0
2017-06-26,24.33,24.5,23.84,23.93,5205385.0
2017-06-23,24.33,24.42,23.88,24.17,15013719.0
2017-06-22,24.23,24.35,23.93,24.28,5175123.0
2017-06-21,24.04,24.34,23.96,24.16,4203063.0
2017-06-20,24.25,24.46,23.58,23.85,7159920.0
2017-06-19,23.62,24.225,23.56,24.2,8147606.0
2017-06-16,23.58,23.99,23.31,23.56,9809466.0
2017-06-15,23.12,24.17,22.45,23.99,8937169.0
2017-06-14,23.59,23.67,23.03,23.47,6888309.0
2017-06-13,24.11,24.2,23.34,23.48,6790568.0
2017-06-12,22.7,23.6,22.41,23.6,16378790.0
2017-06-09,24.72,24.97,22.413,23.03,16322145.0
2017-06-08,24.31,24.83,24.07,24.78,6943208.0
2017-06-07,24.45,24.5,23.7,24.29,9844901.0
2017-06-06,23.5,24.44,23.49,24.21,14665091.0
2017-06-05,23.11,23.73,22.85,23.39,7817437.0
2017-06-02,23.197,23.23,22.55,23.2,8156486.0
2017-06-01,23.05,23.235,22.741,23.23,5882159.0
2017-05-31,23.07,23.57,22.81,22.99,10844297.0
2017-05-30,22.37,22.86,22.28,22.74,7032588.0
2017-05-26,22.34,22.61,22.22,22.33,6402179.0
2017-05-25,21.97,22.73,21.93,22.33,9841468.0
2017-05-24,21.64,21.98,21.42,21.92,6625731.0
2017-05-23,20.98,21.75,20.9,21.64,12887966.0
2017-05-22,19.98,21.0,19.98,20.95,9835980.0
2017-05-19,19.88,20.0,19.725,19.91,5086741.0
2017-05-18,19.53,19.94,19.45,19.68,5818709.0
2017-05-17,19.87,20.16,19.53,19.56,12443073.0
2017-05-16,20.25,20.69,20.125,20.34,8379003.0
2017-05-15,20.19,20.385,20.12,20.25,4503245.0
2017-05-12,19.75,20.5,19.75,20.08,7809175.0
2017-05-11,19.95,19.99,19.55,19.71,4439223.0
2017-05-10,19.73,19.97,19.65,19.95,5784532.0
2017-05-09,19.64,20.05,19.52,19.8,8102357.0
2017-05-08,19.73,19.84,19.47,19.56,6361646.0
2017-05-05,19.75,19.9,19.35,19.78,9608330.0
2017-05-04,19.23,20.42,19.18,19.9,26529335.0
2017-05-03,18.9,18.9,18.08,18.28,14720665.0
2017-05-02,18.97,19.03,18.47,18.81,9125386.0
2017-05-01,18.33,18.795,18.15,18.61,5865160.0
2017-04-28,18.32,18.4,17.945,18.24,4644522.0
2017-04-27,18.18,18.455,18.151,18.23,5680420.0
2017-04-26,18.25,18.25,17.92,18.08,4504943.0
2017-04-25,17.97,18.3,17.815,18.22,7965525.0
2017-04-24,17.75,17.935,17.585,17.85,5380808.0
2017-04-21,17.83,17.83,17.32,17.49,5177302.0
2017-04-20,17.31,17.75,17.3,17.71,4897124.0
2017-04-19,17.0,17.427,16.98,17.2,3799343.0
2017-04-18,17.01,17.04,16.87,16.98,3282058.0
2017-04-17,16.92,17.1,16.82,17.08,2195952.0
2017-04-13,17.27,17.37,16.75,16.92,5285972.0
2017-04-12,16.88,17.51,16.78,17.3,11161398.0
2017-04-11,16.93,16.99,16.66,16.92,3198961.0
2017-04-10,16.78,17.1,16.778,16.99,3781535.0
2017-04-07,17.0,17.0,16.69,16.69,4319486.0
2017-04-06,16.84,17.01,16.69,17.0,4800134.0
2017-04-05,17.05,17.08,16.74,16.75,5388480.0
2017-04-04,16.97,17.18,16.93,17.04,5979232.0
2017-04-03,17.24,17.3,16.69,17.03,8709084.0
2017-03-31,17.32,17.42,17.22,17.28,2356270.0
2017-03-30,17.25,17.395,17.12,17.32,4580854.0
2017-03-29,17.22,17.59,17.19,17.22,5381470.0
2017-03-28,17.38,17.5,16.92,17.23,7385346.0
2017-03-27,16.37,17.27,16.22,17.25,6935536.0
2017-03-24,16.75,16.94,16.47,16.59,4008488.0
2017-03-23,16.4,17.03,16.4,16.61,6410198.0
2017-03-22,16.46,16.565,16.11,16.41,5054249.0
2017-03-21,17.25,17.28,16.4,16.51,6528121.0
2017-03-20,17.28,17.37,17.17,17.24,4596089.0
2017-03-17,17.18,17.34,17.06,17.28,5685873.0
2017-03-16,17.0,17.28,17.0,17.21,8838380.0
2017-03-15,16.8,17.0,16.74,16.95,4548747.0
2017-03-14,16.95,16.95,16.64,16.77,3950492.0
2017-03-13,16.91,17.092,16.83,16.93,3717992.0
2017-03-10,17.14,17.18,16.83,16.91,4865642.0
2017-03-09,16.85,17.205,16.7,17.07,5693724.0
2017-03-08,16.76,17.0,16.7,16.83,3872065.0
2017-03-07,16.9,16.9,16.5,16.76,5762731.0
2017-03-06,16.91,17.155,16.71,16.86,6005743.0
2017-03-03,16.83,17.2,16.57,16.89,13050544.0
2017-03-02,17.2,17.35,16.98,16.99,7293731.0
2017-03-01,17.53,17.64,17.06,17.22,13025561.0
2017-02-28,17.79,17.79,17.27,17.32,12769726.0
2017-02-27,17.42,18.17,17.31,17.93,12652687.0
2017-02-24,16.95,17.63,16.9,17.43,15892263.0
2017-02-23,16.67,17.75,16.32,17.15,43946638.0
2017-02-22,14.75,15.215,14.6,15.04,12329759.0
2017-02-21,14.63,14.66,14.34,14.63,6042251.0
2017-02-17,14.02,14.6,13.99,14.47,7726391.0
2017-02-16,14.3,14.35,13.84,13.89,5932089.0
2017-02-15,14.31,14.41,14.21,14.31,4068756.0
2017-02-14,14.47,14.52,14.03,14.33,5903867.0
2017-02-13,14.65,15.04,14.45,14.5,7216869.0
2017-02-10,14.74,14.74,14.53,14.61,2160530.0
2017-02-09,14.47,14.745,14.47,14.73,2548295.0
2017-02-08,14.44,14.555,14.35,14.47,2586244.0
2017-02-07,14.38,14.5,14.26,14.4,3085589.0
2017-02-06,14.29,14.5,14.03,14.4,3157568.0
2017-02-03,14.29,14.44,14.11,14.28,3632456.0
2017-02-02,14.25,14.5,14.19,14.36,2376156.0
2017-02-01,14.49,14.565,14.18,14.36,4678993.0
2017-01-31,14.4,14.77,14.365,14.62,3124127.0
2017-01-30,14.46,14.49,14.18,14.45,2422176.0
2017-01-27,14.47,14.55,14.265,14.53,2319859.0
2017-01-26,14.5,14.63,14.13,14.41,4310366.0
2017-01-25,14.69,14.99,14.52,14.6,3234557.0
2017-01-24,14.61,14.75,14.43,14.66,3651872.0
2017-01-23,14.9,14.96,14.57,14.61,3881911.0
2017-01-20,14.75,15.0,14.715,14.89,3153304.0
2017-01-19,14.64,14.89,14.6,14.73,2511796.0
2017-01-18,14.8,14.84,14.62,14.64,8076779.0
2017-01-17,14.69,14.77,14.54,14.69,3198942.0
2017-01-13,14.79,14.92,14.69,14.75,1921854.0
2017-01-12,14.84,14.88,14.545,14.74,2324832.0
2017-01-11,14.95,14.99,14.71,14.9,3952588.0
2017-01-10,15.09,15.49,14.7,14.91,6739895.0
2017-01-09,14.98,15.195,14.85,15.06,4960156.0
2017-01-06,14.56,15.0747,14.53,15.0,6382850.0
2017-01-05,14.25,14.61,14.01,14.56,5779832.0
2017-01-04,13.86,14.26,13.725,14.25,4977442.0
2017-01-03,13.82,14.015,13.66,13.81,3363911.0
2016-12-30,13.71,13.77,13.53,13.63,2986620.0
2016-12-29,13.94,14.11,13.64,13.73,2978663.0
2016-12-28,14.08,14.12,13.85,13.95,2389032.0
2016-12-27,14.12,14.2463,14.0,14.0,2705706.0
2016-12-23,13.94,14.24,13.88,14.07,1610827.0
2016-12-22,14.33,14.34,13.9301,14.05,4086004.0
2016-12-21,14.45,14.54,14.2701,14.38,4275265.0
2016-12-20,14.73,14.82,14.41,14.48,5822772.0
2016-12-19,14.35,14.6,14.3,14.36,4170545.0
2016-12-16,14.29,14.47,14.23,14.38,7372816.0
2016-12-15,13.78,14.37,13.75,14.13,4517052.0
2016-12-14,13.93,14.19,13.8,13.83,3072577.0
2016-12-13,13.74,14.11,13.73,14.07,5392863.0
2016-12-12,13.93,14.09,13.65,13.85,4707960.0
2016-12-09,13.98,13.99,13.73,13.89,3715238.0
2016-12-08,14.12,14.17,13.7,13.94,5539033.0
2016-12-07,13.49,14.16,13.4,14.12,11375114.0
2016-12-06,13.21,13.33,13.03,13.27,3094550.0
2016-12-05,13.18,13.395,13.08,13.2,4764403.0
2016-12-02,12.93,13.275,12.93,13.06,7325733.0
2016-12-01,12.74,12.88,12.46,12.71,9372904.0
2016-11-30,12.47,13.0,12.46,12.94,7805401.0
2016-11-29,12.53,12.69,12.38,12.46,5073685.0
2016-11-28,12.65,12.84,12.51,12.53,4204934.0
2016-11-25,12.51,12.77,12.49,12.75,2312701.0
2016-11-23,12.4,12.5,12.32,12.43,3051058.0
2016-11-22,12.25,12.51,12.25,12.46,4479961.0
2016-11-21,12.24,12.36,12.08,12.22,3760118.0
2016-11-18,12.26,12.47,12.145,12.16,2937028.0
2016-11-17,11.88,12.36,11.88,12.22,4801125.0
2016-11-16,12.0,12.05,11.76,12.04,4296228.0
2016-11-15,12.32,12.49,12.02,12.03,4553074.0
2016-11-14,12.12,12.62,12.12,12.35,19712966.0
2016-11-11,11.63,11.95,11.43,11.88,4766493.0
2016-11-10,12.05,12.11,11.5813,11.65,5720629.0
2016-11-09,11.69,12.19,11.67,12.0,6211487.0
2016-11-08,12.16,12.395,12.12,12.34,4045860.0
2016-11-07,12.26,12.44,12.19,12.22,5571336.0
2016-11-04,11.96,12.3,11.94,12.18,13462801.0
2016-11-03,11.69,12.05,11.67,11.99,7371516.0
2016-11-02,11.45,11.89,11.29,11.78,19530924.0
2016-11-01,11.2,11.35,11.0,11.07,8190936.0
2016-10-31,11.14,11.25,11.06,11.2,2960612.0
2016-10-28,11.15,11.32,11.05,11.14,3150482.0
2016-10-27,11.25,11.25,11.08,11.15,1910189.0
2016-10-26,11.05,11.21,11.0,11.21,2453171.0
2016-10-25,11.31,11.32,11.01,11.07,2853158.0
2016-10-24,11.36,11.5,11.22,11.35,2172839.0
2016-10-21,11.14,11.34,11.04,11.32,2957334.0
2016-10-20,11.3,11.38,11.1,11.19,2024180.0
2016-10-19,11.28,11.34,11.16,11.3,2549032.0
2016-10-18,11.01,11.38,11.01,11.34,6320918.0
2016-10-17,11.02,11.14,10.88,10.93,2452674.0
2016-10-14,11.24,11.35,11.07,11.12,1897747.0
2016-10-13,11.16,11.33,11.06,11.19,2600007.0
2016-10-12,11.15,11.28,11.065,11.27,2510419.0
2016-10-11,11.42,11.5,11.14,11.18,2345117.0
2016-10-10,11.54,11.73,11.44,11.47,1581273.0
2016-10-07,11.4,11.49,11.28,11.48,1660239.0
2016-10-06,11.55,11.64,11.29,11.52,2370582.0
2016-10-05,11.65,11.755,11.55,11.69,1675444.0
2016-10-04,11.63,11.85,11.58,11.63,2132091.0
2016-10-03,11.61,11.82,11.52,11.67,2480369.0
2016-09-30,11.69,11.74,11.59,11.66,3562443.0
2016-09-29,11.8,11.81,11.59,11.64,2707245.0
2016-09-28,11.93,12.02,11.56,11.83,3749202.0
2016-09-27,11.52,11.82,11.51,11.78,2314255.0
2016-09-26,11.83,11.83,11.51,11.55,4612822.0
2016-09-23,11.74,11.94,11.55,11.83,2781586.0
2016-09-22,11.9,11.969,11.66,11.68,3113464.0
2016-09-21,11.66,11.9,11.58,11.9,2297731.0
2016-09-20,11.55,11.71,11.5001,11.66,2801767.0
2016-09-19,11.46,11.61,11.355,11.55,2925508.0
2016-09-16,11.35,11.56,11.3,11.37,5550596.0
2016-09-15,11.25,11.38,11.14,11.38,2881756.0
2016-09-14,11.28,11.35,11.02,11.28,3424142.0
2016-09-13,11.3,11.4,11.1131,11.23,3389447.0
2016-09-12,11.15,11.35,11.021,11.33,3019425.0
2016-09-09,11.67,11.675,11.16,11.27,5310840.0
2016-09-08,11.9,11.91,11.74,11.78,2031239.0
2016-09-07,11.83,11.97,11.83,11.93,2580348.0
2016-09-06,12.05,12.16,11.79,11.83,4337971.0
2016-09-02,12.05,12.07,11.9,12.05,3357129.0
2016-09-01,12.21,12.24,11.99,12.0,6005260.0
2016-08-31,12.04,12.22,12.02,12.19,5458497.0
2016-08-30,11.98,12.09,11.97,12.07,3751658.0
2016-08-29,11.84,12.32,11.79,12.01,4370051.0
2016-08-26,12.31,12.32,11.91,12.04,6469630.0
2016-08-25,12.18,12.41,12.115,12.31,6605647.0
2016-08-24,12.4,12.4,12.11,12.16,6771342.0
2016-08-23,12.35,12.54,12.15,12.39,19081921.0
2016-08-22,11.78,11.86,11.59,11.82,3198891.0
2016-08-19,11.93,12.0,11.78,11.8,5882377.0
2016-08-18,11.38,11.845,11.37,11.75,7219950.0
2016-08-17,11.54,11.61,11.33,11.4,4809074.0
2016-08-16,11.54,11.75,11.5,11.64,3509456.0
2016-08-15,11.62,11.66,11.25,11.48,5912072.0
2016-08-12,11.33,11.74,11.23,11.66,5723191.0
2016-08-11,11.08,11.45,11.08,11.37,6812525.0
2016-08-10,11.26,11.26,10.98,11.07,3376485.0
2016-08-09,11.27,11.4261,11.19,11.3,4700506.0
2016-08-08,11.13,11.45,11.04,11.26,5226682.0
2016-08-05,11.32,11.47,10.85,11.15,12881001.0
2016-08-04,12.09,12.28,11.26,11.32,30313799.0
2016-08-03,10.05,10.47,10.01,10.44,8043840.0
2016-08-02,9.91,10.23,9.85,10.05,2980085.0
2016-08-01,10.02,10.32,10.02,10.19,2792878.0
2016-07-29,10.13,10.15,9.9,10.07,2717590.0
2016-07-28,10.1,10.28,10.07,10.12,2129327.0
2016-07-27,10.2,10.3,10.02,10.13,3082483.0
2016-07-26,9.77,10.18,9.75,10.1,2816635.0
2016-07-25,9.71,10.1799,9.6501,9.85,5623797.0
2016-07-22,9.5,9.79,9.5,9.73,1741883.0
2016-07-21,9.59,9.891,9.42,9.46,2687911.0
2016-07-20,9.34,9.65,9.31,9.58,2608188.0
2016-07-19,9.24,9.44,9.22,9.35,1484575.0
2016-07-18,9.12,9.34,9.1,9.27,1543732.0
2016-07-15,9.33,9.34,9.1,9.17,2338489.0
2016-07-14,9.31,9.5,9.3,9.37,1850181.0
2016-07-13,9.4,9.5,9.21,9.29,1831207.0
2016-07-12,9.25,9.4,9.22,9.4,1613174.0
2016-07-11,9.35,9.45,9.16,9.24,2607130.0
2016-07-08,9.4,9.4,9.17,9.3,3183849.0
2016-07-07,9.02,9.2,8.91,9.08,2740468.0
2016-07-06,8.85,9.05,8.78,9.0,1182463.0
2016-07-05,9.2,9.2,8.91,8.94,3407616.0
2016-07-01,9.2,9.42,9.09,9.27,4211334.0
2016-06-30,9.24,9.24,9.0,9.05,3589076.0
2016-06-29,9.0,9.32,8.91,9.3,3367198.0
2016-06-28,8.75,9.03,8.71,8.9,2374117.0
2016-06-27,8.72,8.72,8.42,8.62,3957044.0
2016-06-24,8.68,8.895,8.52,8.77,4909534.0
2016-06-23,9.05,9.16,8.85,9.13,3792859.0
2016-06-22,9.28,9.42,8.75,8.78,6097961.0
2016-06-21,9.2,9.38,9.12,9.35,2594613.0
2016-06-20,8.99,9.28,8.82,9.2,4263201.0
2016-06-17,8.94,9.3234,8.91,9.04,4075171.0
2016-06-16,8.65,9.11,8.64,9.05,2876282.0
2016-06-15,8.89,9.14,8.68,9.06,3241748.0
2016-06-14,8.98,9.06,8.8,8.89,3510516.0
2016-06-13,9.12,9.26,8.87,8.92,3509083.0
2016-06-10,9.27,9.44,9.045,9.14,3925615.0
2016-06-09,9.48,9.59,9.3,9.34,2496523.0
2016-06-08,9.59,9.67,9.35,9.55,2951566.0
2016-06-07,9.49,9.59,9.41,9.57,2524713.0
2016-06-06,9.42,9.53,9.35,9.51,1865826.0
2016-06-03,9.57,9.58,9.33,9.46,3083024.0
2016-06-02,9.5,9.68,9.4,9.65,2332657.0
2016-06-01,9.5,9.65,9.35,9.6,2171736.0
2016-05-31,9.7,9.73,9.46,9.53,3815677.0
2016-05-27,9.88,9.93,9.5,9.63,2404682.0
2016-05-26,10.0,10.14,9.75,9.75,2578433.0
2016-05-25,10.13,10.15,9.81,10.0,4934898.0
2016-05-24,9.63,10.22,9.48,10.14,7870678.0
2016-05-23,9.6,9.68,9.4,9.46,4961252.0
2016-05-20,9.61,9.66,9.25,9.39,4165941.0
2016-05-19,9.36,9.65,9.245,9.6,3792579.0
2016-05-18,9.11,9.99,9.11,9.4,5261521.0
2016-05-17,8.98,9.5627,8.63,9.18,13089314.0
2016-05-16,9.3,9.56,8.91,9.16,5488548.0
2016-05-13,9.3,9.6847,9.28,9.36,1968912.0
2016-05-12,9.78,9.82,9.2,9.28,2703646.0
2016-05-11,10.2,10.2,9.64,9.68,2430193.0
2016-05-10,9.95,10.16,9.8,10.0,3068830.0
2016-05-09,10.17,10.42,9.5685,9.85,4881801.0
2016-05-06,10.89,11.19,10.1525,10.22,13716846.0
2016-05-05,13.5,13.58,12.86,13.05,4973888.0
2016-05-04,13.45,13.74,12.9,13.39,3135114.0
2016-05-03,13.87,13.87,13.214,13.45,2263505.0
2016-05-02,14.9,15.0,13.72,14.0,2547075.0
2016-04-29,15.42,15.5,14.52,14.89,1819473.0
2016-04-28,14.69,15.67,14.52,15.35,3022049.0
2016-04-27,14.0,14.85,14.0,14.69,1671491.0
2016-04-26,13.63,14.288,13.6,14.18,1702164.0
2016-04-25,13.55,14.23,13.41,13.59,1956920.0
2016-04-22,13.2,13.79,13.19,13.34,1587097.0
2016-04-21,13.68,13.83,13.0,13.24,2085828.0
2016-04-20,14.0,14.35,13.37,13.63,4211917.0
2016-04-19,14.59,14.74,13.63,14.09,2539169.0
2016-04-18,14.2,14.71,14.13,14.51,1385002.0
2016-04-15,14.85,14.87,14.18,14.33,2405130.0
2016-04-14,15.1,15.25,14.6,14.82,1754262.0
2016-04-13,15.52,15.68,14.784,15.01,2646765.0
2016-04-12,15.55,15.81,15.05,15.48,2358904.0
2016-04-11,15.15,15.87,15.13,15.36,3104428.0
2016-04-08,15.01,15.5,14.75,15.13,1869545.0
2016-04-07,15.0,15.29,14.51,14.81,1759421.0
2016-04-06,14.39,15.2893,14.275,14.97,3038855.0
2016-04-05,14.06,14.63,13.85,14.26,1886350.0
2016-04-04,14.28,14.4,13.74,14.28,2242573.0
2016-04-01,15.23,15.76,14.032,14.22,4776702.0
2016-03-31,14.75,15.9099,14.37,15.28,5629318.0
2016-03-30,14.03,15.1325,13.8,15.02,5110357.0
2016-03-29,13.38,14.18,13.15,13.74,3605771.0
2016-03-28,13.11,13.73,12.771,13.4,3367459.0
2016-03-24,12.35,12.99,12.3011,12.88,1765588.0
2016-03-23,13.19,13.8,12.06,12.59,5390013.0
2016-03-22,13.25,13.43,12.95,13.06,2755926.0
2016-03-21,12.05,13.48,12.0499,13.4,5097705.0
2016-03-18,12.0,12.09,11.75,12.04,3161896.0
2016-03-17,11.83,12.05,11.7501,11.95,1307002.0
2016-03-16,11.95,12.06,11.726,11.87,976980.0
2016-03-15,11.63,12.0,11.25,11.95,1764040.0
2016-03-14,11.14,11.83,11.01,11.61,3553607.0
2016-03-11,11.39,11.48,11.01,11.1,2337737.0
2016-03-10,12.38,12.43,10.9,11.3,9802005.0
2016-03-09,11.78,12.2,11.23,12.03,5849484.0
2016-03-08,12.16,12.22,11.23,11.48,1816657.0
2016-03-07,12.0,12.645,11.99,12.26,2091946.0
2016-03-04,12.25,12.4699,11.9101,12.01,1960835.0
2016-03-03,12.03,12.65,11.87,12.25,2687371.0
2016-03-02,10.82,12.0,10.8,11.97,2662937.0
2016-03-01,10.6,10.85,10.24,10.72,905128.0
2016-02-29,10.36,10.88,10.31,10.44,1071125.0
2016-02-26,10.25,10.55,10.151,10.32,1081872.0
2016-02-25,9.85,10.3,9.63,10.26,861134.0
2016-02-24,9.58,9.94,9.3201,9.89,623011.0
2016-02-23,10.39,10.405,9.46,9.71,1004235.0
2016-02-22,10.154,10.5,10.07,10.38,1224076.0
2016-02-19,10.11,10.11,9.75,9.97,1039543.0
2016-02-18,9.81,10.1,9.81,9.98,954537.0
2016-02-17,10.05,10.14,9.69,9.84,2046652.0
2016-02-16,9.75,10.25,9.52,9.93,3491829.0
2016-02-12,9.7,9.8399,8.71,9.3,8306917.0
2016-02-11,8.4,8.81,8.32,8.62,1102816.0
2016-02-10,8.76,9.06,8.63,8.88,1411898.0
2016-02-09,8.27,8.72,8.22,8.62,1799475.0
2016-02-08,8.5,8.61,8.3396,8.37,1142523.0
2016-02-05,8.95,9.0,8.56,8.63,1872034.0
2016-02-04,8.43,8.977,8.33,8.9,1042983.0
2016-02-03,8.4,8.6,8.061,8.43,1236136.0
2016-02-02,8.67,8.73,8.45,8.47,663241.0
2016-02-01,8.79,8.86,8.6,8.76,865385.0
2016-01-29,8.7,9.01,8.58,8.77,1986762.0
2016-01-28,9.13,9.26,8.65,8.74,1202192.0
2016-01-27,9.41,9.5,8.88,9.05,1347275.0
2016-01-26,9.78,9.9,9.54,9.54,756604.0
2016-01-25,9.87,10.08,9.7,9.81,737467.0
2016-01-22,10.35,10.6499,9.75,9.85,1128922.0
2016-01-21,9.57,10.176,9.43,10.02,1384545.0
2016-01-20,9.19,9.57,8.265,9.49,3751354.0
2016-01-19,10.33,10.47,9.05,9.47,2742195.0
2016-01-15,10.62,10.8,10.1,10.27,1203692.0
2016-01-14,11.51,11.645,10.79,10.82,1604884.0
2016-01-13,12.06,12.17,11.08,11.61,2095222.0
2016-01-12,11.94,12.2251,11.71,12.09,2136059.0
2016-01-11,11.43,11.87,11.4,11.84,1676890.0
2016-01-08,11.25,11.54,11.2,11.31,587311.0
2016-01-07,11.13,11.37,11.0,11.16,1635990.0
2016-01-06,11.5,11.64,11.015,11.52,1850671.0
2016-01-05,12.2,12.34,11.5,11.51,2352830.0
2016-01-04,12.75,12.9,12.05,12.16,2751500.0
2015-12-31,12.7,13.5,12.65,13.09,2462306.0
2015-12-30,12.66,12.83,12.53,12.78,939321.0
2015-12-29,12.83,12.83,12.5,12.74,852340.0
2015-12-28,12.6,12.84,12.49,12.83,1622706.0
2015-12-24,12.59,12.6,12.45,12.6,318490.0
2015-12-23,12.41,12.66,12.31,12.5,512322.0
2015-12-22,12.32,12.46,12.12,12.46,502437.0
2015-12-21,12.37,12.48,12.02,12.24,704399.0
2015-12-18,12.4,12.58,12.1,12.34,1608918.0
2015-12-17,12.3,12.5,12.26,12.32,618856.0
2015-12-16,12.55,12.8,12.13,12.27,1592885.0
2015-12-15,12.5,12.7,12.305,12.47,1257986.0
2015-12-14,12.2,12.4,11.87,12.33,2163733.0
2015-12-11,12.0,12.02,11.9,11.95,880217.0
2015-12-10,12.0,12.13,11.91,12.05,711304.0
2015-12-09,12.0,12.24,11.9,11.99,1075773.0
2015-12-08,12.36,12.44,12.03,12.12,1047684.0
2015-12-07,12.14,12.6,12.1,12.36,2660354.0
2015-12-04,11.95,12.04,11.8,12.04,1331595.0
2015-12-03,12.04,12.25,11.91,11.92,1431370.0
2015-12-02,11.97,12.155,11.9,11.93,1708251.0
2015-12-01,12.12,12.18,11.89,11.91,1256106.0
2015-11-30,12.28,12.35,11.9,12.04,1997100.0
2015-11-27,12.05,12.31,11.9,12.05,942319.0
2015-11-25,12.12,12.4,11.85,11.9,3583421.0
2015-11-24,12.0,12.23,11.52,12.02,4714682.0
2015-11-23,13.0,13.15,12.1,12.12,5172246.0
2015-11-20,13.92,14.05,12.5,12.85,16550328.0
2015-11-19,11.2,14.78,9.0,13.07,47466050.0
