date,open,high,low,close,volume,SMA_10,EMA_10,Bollinger_High,Bollinger_Low,Bollinger_Mid,Lowest,Highest,Stochastic,Stochastic_Signal,MACD,MACD_Signal,MACD_Hist,MACD_Hist_Signal,ATR,RSI,CCI,Williams_R,ROC,MFI,Standard_Deviation,Historical_Volatility,Chandelier_Exit_Long,Keltner_Channel_High,Keltner_Channel_Low,Keltner_Channel_Mid,MAE_Upper,MAE_Lower,ADX,Ichimoku_Conversion_Line,Ichimoku_Base_Line,Ichimoku_Leading_Span_A,Ichimoku_Leading_Span_B,Ichimoku_Lagging_Span,Cumulative_Volume_Price,Cumulative_Volume,VWAP,ADL,CMF,Volume_Oscillator,Awesome_Oscillator,trix,trix_signal,Pivot_Point,R1,S1,R2,S2,R3,S3
2023-11-22,191.49,192.93,190.825,191.31,39630011,,191.31,,,,,,,,0.0,0.0,0.0,0.0,,0.0,0.0,,,0.0,,,,,,,,,0.0,,,,,177.15,7596610758.571668,39630011,191.68833333333336,-21368200.70546283,,,,,,,,,,,,
2023-11-21,191.41,191.52,189.74,190.64,38134485,,191.18818181818182,,,,,,,,-0.05344729344727739,-0.010689458689455478,-0.04275783475782191,-0.008551566951564383,,0.0,0.0,,,0.0,,,,,,,,,0.0,,,,,178.72,14866314749.071667,77764496,191.17097793666233,-20939723.345913265,,,,-0.0006840174324396209,-0.0006840174324396209,191.68833333333336,192.55166666666673,190.44666666666672,193.79333333333338,189.58333333333334,194.65666666666675,188.3416666666667
2023-11-20,189.89,191.905,189.88,191.45,46538614,,191.23578512396693,,,,,,,,-0.030097482974980494,-0.014571063546560483,-0.015526419428420011,-0.009946537446935508,,0.0,0.0,,,0.0,,,,,,,,,0.0,,,,,178.85,23758835547.835,124303110,191.1362921477588,4685241.893592391,,,,-0.00096860593742365,-0.0007409351334364267,190.63333333333333,191.52666666666664,189.74666666666664,192.41333333333333,188.85333333333332,193.30666666666664,187.96666666666664
2023-11-17,190.25,190.38,188.57,189.69,50941404,,190.95473328324567,,,,,,,,-0.15185934106105492,-0.04202871904945937,-0.10983062201159555,-0.029923354359867517,,0.0,0.0,,,0.0,,,,,,,,,0.0,,,,,180.71,33414608871.354996,175244514,190.67420776067772,16787343.396355,,,,-0.0027683383159060604,-0.0011464157699303534,191.0783333333333,192.27666666666659,190.25166666666658,193.1033333333333,189.05333333333328,194.3016666666666,188.22666666666657
2023-11-16,189.57,190.96,188.65,189.71,54412915,,190.72841814083736,,,,,,,,-0.2439307758457403,-0.08240913040871556,-0.16152164543702474,-0.05624301257529897,,0.0,0.0,,,0.0,,,,,,,,,0.0,,,,,179.8,43740729127.28833,229657429,190.4607628751619,12311822.24916891,,,,-0.005480078520125886,-0.00201314831996946,189.54666666666665,190.5233333333333,188.7133333333333,191.35666666666665,187.73666666666665,192.33333333333331,186.9033333333333
2023-11-15,187.845,189.5,187.78,188.01,53790499,,190.23416029704873,,,,,,,,-0.4488992130605993,-0.15570714693909232,-0.293192066121507,-0.10363282328454058,,0.0,0.0,,,0.0,,,,,,,,,0.0,,,,,178.39,53876472853.85833,283447928,190.07538080806972,-27092845.622924745,,,,-0.010411631487095008,-0.0036928449533945697,189.77333333333334,190.89666666666668,188.58666666666667,192.08333333333334,187.46333333333334,193.20666666666668,186.27666666666667
2023-11-14,187.7,188.11,186.3,187.44,60108378,,189.7261311521308,,,,,,,,-0.6498414449177119,-0.2545340065348162,-0.39530743838289567,-0.16196774630421162,,0.0,0.0,,,0.0,,,,,,,,,0.0,,,,,178.99,65133770246.95833,343556306,189.58688607787724,-11484592.772097016,,,,-0.017181282612932502,-0.006390532485302157,188.42999999999998,189.07999999999996,187.35999999999996,190.14999999999998,186.70999999999998,190.79999999999995,185.63999999999996
2023-11-13,185.82,186.03,184.21,184.8,43627519,,188.83047094265245,,,,,,,,-1.010467507541705,-0.405720706736194,-0.6047468008055109,-0.2505235572044715,,0.0,0.0,,,0.0,,,,,,,,,0.0,,,,,177.49,73205442962.21165,387183825,189.07154234093238,-26826137.914953887,,,,-0.027556483611945737,-0.010623722710630872,187.28333333333333,188.26666666666665,186.45666666666665,189.09333333333333,185.47333333333333,190.07666666666665,184.64666666666665
2023-11-10,183.97,186.565,183.53,186.4,66177922,,188.38856713489747,,,,,,,,-1.1538586676312264,-0.5553482989152004,-0.5985103687160259,-0.3201209195067824,,0.0,0.0,,,0.0,,,,,,,,,0.0,188.23000000000002,,,,174.91,85481337196.67499,453361747,188.5499554435831,32156161.594107404,,,,-0.03821907897835208,-0.016142793964175117,185.01333333333332,185.81666666666663,183.99666666666664,186.83333333333331,183.19333333333333,187.63666666666663,182.17666666666665
2023-11-09,182.96,184.12,181.81,182.41,53763540,188.18599999999998,187.30155492855246,194.13482770897852,182.23717229102144,188.18599999999998,,,,,-1.5713433808907666,-0.7585473153103137,-0.8127960655804529,-0.41865594872151657,,0.0,0.0,,,0.0,,,,,,,192.89064999999997,183.48135,0.0,186.85750000000002,,,,173.66,95308237037.87498,507125287,187.93824619097526,6321733.282418802,,,,-0.052625346653634164,-0.023439304502066927,185.49833333333333,187.46666666666667,184.43166666666667,188.53333333333333,182.46333333333334,190.50166666666667,181.39666666666668
2023-11-08,182.35,183.45,181.59,182.89,49340282,187.344,186.499454032452,193.69740118886463,180.99059881113536,187.344,,,,,-1.8422348983347092,-0.9752848319151929,-0.8669500664195163,-0.5083147722611165,,0.0,0.0,,-4.401233599916375,0.0,,,,,,,192.0276,182.66039999999998,0.0,186.7475,,,,172.4,104319910609.96165,556465569,187.4687607311094,25951737.949085113,,,,-0.06834178090957543,-0.032419799783568626,182.78,183.75,181.44,185.09,180.47,186.06,179.13
2023-11-07,179.18,182.44,178.97,181.82,70529966,186.462,185.64864420836983,193.21788829589914,179.70611170410083,186.462,,,,,-2.1188338376616116,-1.2039946330644766,-0.914839204597135,-0.5896196587283202,,0.0,0.0,,-4.62652119177507,0.0,,,,,,,191.12355,181.80044999999998,0.0,184.965,,,,173.75,117091241753.35498,626995535,186.74972183550713,71277912.0643587,,,,-0.08523910525392031,-0.04298366087763897,182.64333333333332,183.69666666666663,181.83666666666664,184.5033333333333,180.78333333333333,185.55666666666662,179.97666666666666
2023-11-06,176.38,179.43,176.21,179.23,63841310,185.24,184.48161798866622,192.39490197153137,178.08509802846865,185.24,,,,,-2.5180058404087617,-1.4667968745333337,-1.051208965875428,-0.6819375201577418,,0.0,0.0,,-6.382867589448941,0.0,,,,,,,189.871,180.609,0.0,183.585,,,,171.21,128473508913.25497,690836845,185.96794575028056,127188624.54883006,,,,-0.104709706361783,-0.05532886997446778,181.07666666666668,183.18333333333337,179.71333333333337,184.54666666666668,177.60666666666668,186.65333333333336,176.24333333333337
2023-11-03,174.24,176.82,173.35,176.65,79829246,183.936,183.05768744527236,192.15967422614608,175.71232577385393,183.936,173.35,192.93,16.85393258426971,,-3.0078641805621373,-1.7750103357390945,-1.2328538448230428,-0.7921207850908021,3.0689285714285695,14.208984374999986,0.0,-83.14606741573029,-6.874373978596654,30.027854963379838,,,,,,,188.5344,179.3376,0.0,181.425,,,,170.69,142492056705.8283,770666091,184.8946753592514,199195984.7736145,0.258472491653476,,,-0.1275421261426768,-0.06977152120810959,178.29,180.36999999999998,177.14999999999998,181.51,175.07,183.58999999999997,173.92999999999998
2023-11-02,175.52,177.78,175.46,177.57,77334752,182.722,182.05992609158648,190.73903076096283,174.70496923903718,182.722,173.35,191.905,22.74319590406897,,-3.283988359536295,-2.0768059404985344,-1.2071824190377605,-0.8751331118801938,3.0842857142857105,17.897196261682197,0.0,-77.25680409593103,-6.399240946708142,36.471934350907354,,,,,,,187.29005,178.15395,0.0,180.73000000000002,,,,170.43,156175409942.20163,848000843,184.1689324148486,262530479.94602773,0.3511985705237452,,,-0.1505018479480924,-0.08591758655610615,175.60666666666665,177.86333333333332,174.39333333333332,179.07666666666665,172.13666666666666,181.33333333333331,170.92333333333332
2023-11-01,171.0,174.23,170.12,173.97,56934906,181.318,180.58903043857075,190.1002082770921,172.53579172290793,181.318,170.12,191.905,17.672710580674753,19.08994635633781,-3.7500800854045053,-2.4114607694797288,-1.3386193159247766,-0.9678303526891104,3.48928571428571,15.741882449650603,0.0,-82.32728941932525,-7.4676878889420735,35.85247883869849,,,,,,,185.85095,176.78505,0.0,178.3425,,,,171.96,166012243434.84164,904935749,183.4519673007654,312261942.85113746,0.4028206553220856,,,-0.17601564344414955,-0.10393719793371484,176.93666666666664,178.41333333333327,176.09333333333328,179.25666666666663,174.61666666666665,180.73333333333326,173.77333333333328
2023-10-31,169.35,170.9,167.9,170.77,44846017,179.651,178.80375217701243,189.5286670659964,169.77333293400363,179.651,167.9,190.96,12.445793581960123,17.62056668890128,-4.32778636538211,-2.794725888660205,-1.533060476721905,-1.0808763774956693,3.7782142857142804,11.302395209580794,0.0,-87.55420641803988,-8.893512590695684,30.224059949039216,,,,,,,184.142275,175.159725,0.0,177.23250000000002,,,,176.08,173629638395.7383,949781766,182.81003553793042,353221305.0444709,0.4222229861638948,,,-0.2051681960919871,-0.1241833975653693,172.77333333333334,175.42666666666668,171.3166666666667,176.88333333333333,168.66333333333336,179.53666666666666,167.2066666666667
2023-10-30,169.02,171.17,168.87,170.29,51130955,178.2,177.25579723573745,188.9412144978532,167.45878550214678,178.2,167.9,190.96,10.36426712922804,13.494257097287639,-4.76937634125764,-3.189655979179692,-1.579720362077948,-1.1806451744121251,3.736785714285708,11.871069182389874,0.0,-89.63573287077197,-7.851731601731611,30.418477074115785,,,,,,,182.655,173.74499999999998,0.0,176.01,,,,174.79,182327525150.7883,1000912721,182.16126274089817,365225964.04447085,0.42200803869406567,,,-0.2357001215626875,-0.14648674236483294,169.85666666666668,171.81333333333336,168.81333333333336,172.85666666666668,166.85666666666668,174.81333333333336,165.81333333333336
2023-10-27,166.91,168.96,166.83,168.22,58499129,176.382,175.6129250110579,187.10891236511668,165.65508763488333,176.382,166.83,189.5,6.131451257168006,9.647170656118723,-5.226127731573143,-3.596950329658383,-1.6291774019147605,-1.2703516199126523,3.8189285714285637,10.913059294288743,0.0,-93.86854874283199,-9.753218884120175,23.562953635370263,,,,,,,180.79155,171.97245,0.0,175.14,,,,173.93,192155573819.88498,1059411850,181.37948317255936,383077810.9224045,0.44683822018856784,,,-0.26763272483147915,-0.1707159388581622,170.10999999999999,171.34999999999997,169.04999999999998,172.40999999999997,167.81,173.64999999999995,166.75
2023-10-26,170.37,171.3775,165.67,166.89,70625258,174.82999999999998,174.026938645411,186.15498123618775,163.50501876381222,174.82999999999998,165.67,188.11,5.436720142602485,7.31081284299951,-5.6305212398650895,-4.003664511699725,-1.6268567281653645,-1.3416526415631949,4.088749999999992,11.061946902654782,-107.11780320320871,-94.56327985739752,-8.508305465709123,23.29179330279824,8.143813021325801,,,,,181.50799999999998,179.20074999999997,170.45925,0.0,174.055,,,,175.49,204019145804.34332,1130037108,180.54198783385732,342645392.0849099,0.4367386761402202,,,-0.300116728985822,-0.19659609688369414,168.00333333333333,169.17666666666665,167.04666666666665,170.13333333333333,165.87333333333333,171.30666666666664,164.91666666666666
2023-10-25,171.88,173.06,170.65,171.1,57156962,173.651,173.494767982609,183.62035504433493,163.6816449556651,173.651,165.67,186.565,25.987078248384798,12.518416549385096,-5.5473478205512095,-4.312401173470022,-1.2349466470811876,-1.3203114426667935,4.400178571428564,23.439531859557817,-70.75024818805217,-74.01292175161521,-6.446497894909505,30.115092984113005,8.117353649013806,0.05043045585106558,,187.93125,173.06375,180.4975,177.992275,169.30972500000001,0.0,172.55,,,,179.07,213827471006.75,1187194070,180.1116400511923,306833353.65337414,0.3773159050114204,,,-0.32675053051379743,-0.2226269836097148,167.97916666666666,170.28833333333333,164.58083333333332,173.68666666666667,162.27166666666665,175.99583333333334,158.8733333333333
2023-10-24,173.05,173.67,171.45,173.44,43816644,172.81300000000002,173.48481016758916,180.97558700821457,164.65041299178546,172.81300000000002,165.67,186.565,37.18592964824124,22.86990934640951,-5.232299155042597,-4.496380769784537,-0.73591838525806,-1.2034328311850468,4.353035714285708,31.35259356533156,-54.761410834062836,-62.814070351758765,-4.608953910460893,35.32695973565093,7.894312326305754,0.0539443409831219,,186.9565625,172.3184375,179.6375,177.133325,168.49267500000002,0.0,171.725,,,,177.97,221401323977.63,1231010714,179.85328759505012,341570873.2209421,0.4365788954325393,,,-0.34532390126190693,-0.24716636714015325,171.60333333333335,172.5566666666667,170.1466666666667,174.01333333333335,169.19333333333336,174.9666666666667,167.7366666666667
2023-10-23,170.91,174.01,169.93,173.0,55980109,172.19,173.39666286439115,179.0176691972205,165.3623308027795,172.19,165.67,184.12,39.72899728997293,34.300668395532995,-4.960938529301728,-4.589292321687975,-0.371646207613753,-1.0370755064707882,4.427678571428564,27.13310580204775,-53.84555722524773,-60.27100271002707,-3.4759805836076496,27.53196200213233,7.5099383275903335,0.0531785651066708,180.86125,186.07610937499996,171.353890625,178.71499999999997,176.49475,167.88524999999998,0.0,171.725,,,,175.01,231047443159.78333,1286990823,179.52532297099629,369835340.01996183,0.4050712578862285,,,-0.3575247027620909,-0.2692380342645408,172.85333333333332,174.25666666666666,172.03666666666666,175.07333333333332,170.63333333333333,176.47666666666666,169.81666666666666
2023-10-20,175.31,175.42,172.64,172.88,64244028,171.813,173.30272416177456,177.9249776759342,165.70102232406578,171.813,165.67,183.45,40.55118110236225,39.155369346858805,-4.701371788002746,-4.61170821495093,-0.0896635730518156,-0.8475931197869937,4.29839285714285,31.2622886354699,-37.06947186970633,-59.44881889763775,-2.1341636003396602,27.28289857774729,7.148986291775898,0.05315971213425003,180.98414772727273,185.14555390624997,170.60344609375,177.87449999999998,176.10832499999998,167.517675,0.0,170.545,,,,175.74,242203204475.22333,1351234851,179.24582414076835,316683806.0631277,0.36767984396479236,,,-0.36439242847081665,-0.28826891310579594,172.31333333333336,174.69666666666672,170.61666666666673,176.39333333333335,168.23333333333338,178.7766666666667,166.53666666666675
2023-10-19,176.04,177.84,175.19,175.46,59302863,171.602,173.694956132361,176.92548924839573,166.27851075160427,171.602,165.67,182.44,58.37805605247475,46.21941148160331,-4.238618679714335,-4.537090307903611,0.29847162818927586,-0.6183801701917399,4.519821428571423,36.5056302215765,-7.92621111991715,-41.62194394752526,-1.1882637832967198,27.986544853794257,6.596050333343405,0.056473062773149174,179.85918646694216,184.56550121093747,169.7584987890625,177.16199999999998,175.89205,167.31195,0.0,171.755,,,,174.21,252650194497.51334,1410537714,179.11622779730465,269465300.0518074,0.2851205996218531,,,-0.3639832754008032,-0.3034117855647974,173.64666666666665,174.6533333333333,171.8733333333333,176.42666666666665,170.86666666666665,177.4333333333333,169.0933333333333
2023-10-18,175.58,177.575,175.11,175.84,54764375,171.789,174.08496410829534,177.5919682060138,165.98603179398617,171.789,165.67,179.43,73.90988372093025,57.61304029192241,-3.7974460885514816,-4.389161464033185,0.5917153754817033,-0.37636106105705125,4.41589285714285,38.859910581222074,-1.7327169281041592,-26.090116279069754,1.074897970914528,35.232882549919196,6.084115880933828,0.05651594408789097,180.0276325366266,183.83332615039063,169.2736738496094,176.5535,176.083725,167.494275,0.0,171.755,179.3,,,176.3,262298308263.13834,1465302089,179.00630199888997,247137431.13699996,0.20977948726933285,1528560.512820512,,-0.35758404832449964,-0.3142462381167379,176.16333333333333,177.13666666666666,174.48666666666665,178.81333333333333,173.51333333333332,179.78666666666666,171.83666666666664
2023-10-17,176.645,178.42,174.8,177.15,57549350,172.427,174.64224336133256,179.0736034767981,165.7803965232019,172.427,165.67,178.42,90.03921568627466,74.10905181989322,-3.304020883639822,-4.172133347954512,0.8681124643146898,-0.12746635598270306,4.273749999999993,45.93114241001568,12.163962344464874,-9.960784313725348,3.736019207120686,42.59391143970907,5.524388892138076,0.05753481412981165,178.57092196677996,183.31683484287106,168.76116515712891,176.039,176.737675,168.116325,0.0,172.045,178.7875,,,179.36,272472457849.63834,1522851439,178.92254679061858,264306850.47401685,0.16480266922479822,-809428.3333333358,,-0.34533009021990857,-0.32046300853737203,176.17499999999998,177.23999999999995,174.77499999999998,178.63999999999996,173.71,179.70499999999993,172.31
2023-10-16,176.75,179.075,176.51,178.72,52516984,173.27,175.38365365927208,180.79263547199056,165.74736452800946,173.27,165.67,179.075,97.35173442745251,87.1002779448858,-2.7545393597501686,-3.888614550313643,1.1340751905634745,0.12484195332653245,4.036964285714278,54.21588594704683,35.366295425622425,-2.6482655725474804,4.950378765635097,50.73296333616819,5.1730216152243695,0.05735239355607108,177.3279255137445,182.90544310072752,168.56455689927245,175.73499999999999,177.60175,168.93825,56.76567628677752,172.3725,178.7875,,,178.18,281825820228.34503,1575368423,178.89518166909775,302286969.50715566,0.12811070707017805,-1730761.5384615362,,-0.3272895578421364,-0.32182831839832493,176.79,178.77999999999997,175.16,180.40999999999997,173.17000000000002,182.39999999999995,171.54000000000002
2023-10-13,181.42,181.93,178.14,178.85,51456082,174.333,176.01389844849535,181.68636083403777,166.97963916596223,174.333,165.67,181.93,81.05781057810573,89.48292023061096,-2.2822727600104145,-3.5673461922529976,1.2850734322425832,0.3568882491097426,4.14196428571428,52.69360269360269,66.14786243366503,-18.942189421894273,6.319105932707167,49.111431122566295,4.597217550924242,0.05639635200436568,175.7562016267561,182.54842094569116,168.16657905430887,175.35750000000002,178.691325,169.974675,53.019772834628,175.93,178.315,,,177.56,291069390798.825,1626824505,178.91874010025748,270109947.2538576,0.009731942771700095,-1369056.1730769202,,-0.3053132540609016,-0.3185253055308403,178.10166666666666,179.69333333333333,177.12833333333333,180.66666666666666,175.53666666666666,182.25833333333333,174.56333333333333
2023-10-12,180.07,182.34,179.04,180.71,56743119,175.715,176.86773509422346,181.96286007810346,169.46713992189655,175.715,165.67,182.34,90.22195560887826,89.5438335381455,-1.7378784410119295,-3.201452642004784,1.4635742009928547,0.5782254394863651,3.859107142857139,65.30426884650316,86.46223113486762,-9.778044391121739,8.280903589190498,56.537882114800254,4.474023121837482,0.05371911408505376,175.77160155281265,182.45287489840658,168.09212510159338,175.27249999999998,180.107875,171.322125,49.39169009525626,176.135,178.315,,,182.91,301322683258.395,1683567624,178.9786635017846,270797742.63567615,-0.053252636511267,-1124518.7243589684,,-0.2790058790280936,-0.310621420230291,179.64,181.14,177.34999999999997,183.43,175.84999999999997,184.93,173.55999999999995
2023-10-11,178.2,179.85,177.6,179.8,47551098,176.58499999999998,177.400874168001,182.38348447632868,170.78651552367128,176.58499999999998,165.67,182.34,84.76304739052196,85.34760452583532,-1.3641463854887377,-2.8339913907015752,1.4698450052128376,0.7565493526316596,3.647678571428569,72.88393309680684,68.56830971280523,-15.236952609478042,5.084745762711875,56.16504877775016,4.244596069059255,0.05380180232816377,173.39311966404844,182.25035615348625,167.98564384651374,175.118,180.99962499999998,172.17037499999998,46.516085684168914,176.135,177.58499999999998,,,189.7,309838292391.895,1731118722,178.98153861679222,316235458.50234354,-0.047336614834493196,-1772938.602564104,,-0.25130612698289756,-0.2987583615808123,180.6966666666667,182.35333333333338,179.05333333333337,183.9966666666667,177.39666666666668,185.6533333333334,175.75333333333336
2023-10-10,178.1,179.72,177.95,178.39,43698019,177.07999999999998,177.58071522836445,182.5192483140802,171.64075168591978,177.07999999999998,165.67,182.34,76.30473905218949,83.76324735052991,-1.1682691752014591,-2.500846947601552,1.332577772400093,0.8717550365853464,3.615535714285715,69.60309777347526,66.63578729494247,-23.695260947810517,2.854012915129145,56.53429696684711,4.02306674722545,0.05403544549150257,172.95843240659167,181.90723834581195,167.98576165418802,174.9465,181.50699999999998,172.653,43.84588158815924,177.49,176.89,,,189.46,317646545746.9417,1774816741,178.97427853197252,294263008.27070487,-0.09169477601856355,-3628702.878205128,,-0.2248626892536354,-0.28397922711537693,179.08333333333334,180.5666666666667,178.3166666666667,181.33333333333334,176.83333333333334,182.8166666666667,176.0666666666667
2023-10-09,176.81,179.05,175.8,178.99,42390772,177.67900000000003,177.83694882320725,182.3921442677782,172.96585573222185,177.67900000000003,165.67,182.34,79.90401919616083,80.32393521295744,-0.9536272677091233,-2.1914030116230663,1.237775743913943,0.9449591780510658,3.600535714285716,78.06149035956219,54.56798079704809,-20.09598080383918,3.462427745664745,63.17541673865422,4.009954029136628,0.05228780373508443,171.9821400244739,181.87220142852135,167.99679857147862,174.93449999999999,182.12097500000004,173.23702500000002,42.0737835396328,178.57,176.1175,,,187.87,325189842321.7684,1817207513,178.95030699323792,335088582.53532016,-0.06332739910004509,-4177772.32692308,,-0.19929978607553522,-0.2670433389074086,178.68666666666664,179.4233333333333,177.65333333333328,180.45666666666665,176.91666666666663,181.1933333333333,175.88333333333327
2023-10-06,173.8,177.99,173.18,177.49,57266675,178.14000000000001,177.77386721898776,181.46405375006697,174.81594624993306,178.14000000000001,169.93,182.34,60.918614020950876,72.37579075643373,-0.894251103517604,-1.931972630001974,1.03772152648437,0.9635116477377266,3.6078571428571444,77.3760330578512,24.526295744942914,-39.08138597904912,2.6665895418787677,64.028284099925,4.033199428689158,0.050854441937036976,171.56522456881598,182.1483163570953,167.80468364290473,174.97650000000002,182.5935,173.68650000000002,41.151909257986276,177.76,176.1175,,,187.65,335281375790.2684,1874474188,178.86689394640433,380449503.89706653,0.05078214509701302,-3581519.333333336,-0.9065661764705624,-0.17665027619729878,-0.24896472636538666,177.9466666666667,180.09333333333336,176.84333333333336,181.1966666666667,174.6966666666667,183.34333333333336,173.59333333333336
2023-10-05,173.79,175.45,172.68,174.91,48527918,178.08499999999998,177.2531640882627,181.6177829760058,174.55221702399416,178.08499999999998,169.93,182.34,40.12892828364215,60.31718716691796,-1.0433523868032637,-1.754248581362232,0.7108961945589682,0.9129885571019749,3.510714285714286,60.74450084602365,-5.196462522054516,-59.87107171635785,-0.3134617576655713,57.142643397340045,3.986765309317636,0.0526560468962041,171.39907799750617,182.13772553924053,167.54927446075948,174.8435,182.53712499999997,173.63287499999998,40.42273438742169,177.51,174.89499999999998,,,184.12,343742056533.8417,1923002106,178.75282375475552,410056789.608258,0.1402858230742182,-3523688.9423076957,-1.7076691176470717,-0.15938410072974252,-0.23104860123825785,176.22000000000003,179.26000000000005,174.45000000000005,181.03000000000003,171.41000000000003,184.07000000000005,169.64000000000004
2023-10-04,171.09,174.21,170.97,173.66,53020286,177.86700000000002,176.59986152676038,182.19502803441338,173.53897196558665,177.86700000000002,169.93,182.34,30.0564061240934,43.70131614289548,-1.2479946755677247,-1.6529978002033308,0.40500312463560606,0.8113914706087012,3.6085714285714294,50.661057692307686,-29.403680482469778,-69.9435938759066,-1.2397634212920876,50.690111288992455,3.9909405302245573,0.04895953882186391,171.35911990671042,182.15151426227854,167.50448573772152,174.82800000000003,182.31367500000002,173.42032500000002,40.16262728966065,176.655,174.56,,,180.19,352911738263.255,1976022392,178.59703396683724,445076361.22554165,0.13893136317334293,-4430414.083333336,-2.4040808823529574,-0.14753200121839782,-0.21434528123428587,174.34666666666666,176.01333333333332,173.24333333333334,177.11666666666665,171.57666666666668,178.7833333333333,170.47333333333336
2023-10-03,172.255,173.63,170.82,172.4,49594613,177.392,175.83625034007667,182.94034750173435,171.84365249826564,177.392,170.82,182.34,13.715277777777873,27.966870728504475,-1.494617612057624,-1.6213217625741894,0.12670415051656536,0.6744540065902741,3.5200000000000022,48.28178694158078,-44.27688571852138,-86.28472222222213,-2.681343494213943,51.11838096352764,3.919717330033892,0.04566687817644244,171.47097809276903,182.15083854916458,167.66816145083544,174.9095,181.8268,172.9572,39.95687477962014,176.57999999999998,174.055,,,178.61,361456063506.27167,2025617005,178.44245117120334,451253626.1899549,0.11022935302609282,-5249216.878205128,-3.177036764705889,-0.14091978487045242,-0.1996601819615192,172.9466666666667,174.92333333333337,171.68333333333337,176.1866666666667,169.70666666666668,178.16333333333338,168.44333333333336
2023-10-02,171.22,174.3,170.93,173.75,52164535,176.895,175.45693209642636,182.7939584768087,170.9960415231913,176.895,170.82,182.34,25.434027777777814,23.068570559883028,-1.5631157234151942,-1.6096805547423902,0.04656483132719602,0.5488761715376586,3.5621428571428595,52.32744783306581,-35.52249429066868,-74.56597222222219,-2.7808863025962394,59.00271008428846,3.7789275490610086,0.04609363523271632,171.50547908855228,182.29877162170632,167.86622837829364,175.08249999999998,181.317375,172.47262500000002,39.40583863536163,176.57999999999998,174.005,,,176.38,370480180297.705,2077781540,178.30564627006217,486391161.6350584,0.23358079823543276,-4759507.480769232,-3.643154411764698,-0.13637715768562986,-0.18700357710634133,172.28333333333333,173.74666666666667,170.93666666666667,175.09333333333333,169.47333333333333,176.55666666666667,168.12666666666667
2023-09-29,172.02,173.07,170.341,171.21,51861083,176.131,174.68476262434882,182.8294273444512,169.4325726555488,176.131,170.341,182.34,7.242270189182433,15.463858581579373,-1.8015901329013957,-1.6480624703741915,-0.15352766252720418,0.40839540472468605,3.451357142857144,38.605898123324415,-71.00634555063884,-92.75772981081757,-4.271736091696946,51.480968186360606,3.545055266438715,0.046908608297330665,171.53309367543625,182.42835804062102,168.03564195937898,175.232,180.534275,171.727725,39.056721062249935,175.09550000000002,174.005,,,181.12,379376447762.5527,2129642623,178.14089728732512,467558500.1279131,0.27547190625019885,-4772751.769230768,-3.886716176470543,-0.13593304953014584,-0.17678947159110223,172.99333333333334,175.05666666666667,171.68666666666667,176.36333333333334,169.62333333333333,178.42666666666668,168.31666666666666
2023-09-28,169.34,172.03,167.62,170.69,56294419,175.129,173.9584421471945,181.7807262588163,168.4772737411837,175.129,167.62,182.34,20.85597826086952,17.844092075943255,-2.0093795975085413,-1.7203258958010617,-0.2890537017074797,0.2689055834382529,3.590285714285717,36.29590207557214,-108.4745767848124,-79.14402173913047,-5.544795528747723,43.892445433566394,3.154776829207555,0.04618974070063141,171.42295305382552,182.69954013858998,168.14445986141,175.422,179.50722499999998,170.750775,39.402213228302074,173.67000000000002,174.005,,,177.23,388952879026.706,2185937042,177.93416349760818,489642251.7991148,0.3365154849241886,-3552779.865384616,-4.181333823529457,-0.13857878315305383,-0.16914733390349254,171.54033333333334,172.73966666666666,170.01066666666668,174.26933333333332,168.81133333333335,175.46866666666665,167.2816666666667
2023-09-27,172.62,173.04,169.05,170.43,66921808,174.192,173.31690721134095,180.55281616007153,167.83118383992849,174.192,167.62,182.34,19.089673913043494,15.72930745436515,-2.1700194390382705,-1.8102646044485036,-0.359754834589767,0.14317349983264893,3.6167142857142887,31.05975197294255,-90.72397039958325,-80.9103260869565,-5.211345939933262,35.50656855729392,3.2062246613341028,0.038839006197031435,171.37509155137892,182.7011631316605,168.07583686833954,175.38850000000002,178.54680000000002,169.8372,39.1666233819573,173.335,174.005,,,175.84,400385800705.42596,2252858850,177.72342936861133,469012220.7615209,0.2804154686691312,-1863471.519230768,-4.015039705882373,-0.1432171042892061,-0.16396128798063525,170.11333333333332,172.60666666666663,168.19666666666663,174.5233333333333,165.70333333333332,177.01666666666662,163.78666666666663
2023-09-26,174.82,175.2,171.66,171.96,64588945,173.549,173.07019680927897,179.29391427264198,167.80408572735803,173.549,167.62,182.34,29.483695652173935,23.143115942028984,-2.1490960164300645,-1.878030886844816,-0.27106512958524864,0.06032577394906941,3.7742142857142875,30.90395480225996,-46.8527733358123,-70.51630434782606,-3.604462133527652,36.40969030269478,3.270008007393968,0.03735328204844179,171.22304193540714,182.73852997507745,167.89047002492256,175.3145,177.88772500000002,169.210275,37.87013653557898,172.805,174.005,,,174.49,411555812853.72595,2317447795,177.59011173484748,415370554.5750807,0.15238745252162195,-1504038.8012820482,-3.430216176470566,-0.1470559278292094,-0.16058021595035007,170.84,172.63,168.64000000000001,174.82999999999998,166.85000000000002,176.61999999999998,164.65000000000003
2023-09-25,174.2,176.97,174.15,176.08,46172740,173.25799999999998,173.61743375304644,177.98211120388504,168.53388879611492,173.25799999999998,167.62,182.34,57.47282608695659,35.348731884058004,-1.779550930153789,-1.8583348955066106,0.0787839653528215,0.06401741222981983,3.8613571428571425,43.6145689257723,8.346235713093131,-42.52717391304342,-1.6257891502318544,35.85118513345461,3.227520271859305,0.04433998340237458,171.04517639288864,183.0223284763236,167.91467152367642,175.4685,177.58944999999997,168.92655,35.89597594164014,172.29500000000002,174.005,,,174.0,419669902363.05927,2363620535,177.55384003001956,432398799.1140882,0.22026292929432656,-1669929.7756410316,-2.5621720588235064,-0.14539490554245083,-0.15754315386877024,172.94000000000003,174.22000000000006,170.68000000000006,176.48000000000002,169.40000000000003,177.76000000000005,167.14000000000007
2023-09-22,174.67,177.079,174.05,174.79,56725385,172.988,173.8306276161289,176.87083745045717,169.10516254954283,172.988,167.62,179.85,58.62632869991818,48.52761681301624,-1.5726475043800292,-1.8011974172812943,0.22854991290126514,0.09692391236410888,3.8284285714285704,35.984848484848484,-2.6178703947573374,-41.37367130008182,-1.521212462673963,27.945346578061745,3.1747231955590474,0.04508301713145258,171.1455320113937,183.04303705250743,168.0849629474926,175.56400000000002,177.3127,168.6633,34.01656820480306,172.3495,174.005,,,176.57,429614221614.33093,2420345920,177.50116545916336,403390010.28444076,0.17996223337279815,-799486.3269230798,-1.572710294117627,-0.14123999151043343,-0.15428252139710288,175.73333333333335,177.3166666666667,174.4966666666667,178.55333333333334,172.91333333333336,180.13666666666668,171.6766666666667
2023-09-21,174.55,176.3,173.86,173.93,63149116,172.89000000000001,173.84869532228728,176.6029922045592,169.17700779544083,172.89000000000001,167.62,179.72,52.14876033057856,56.08263837248444,-1.4612257604902652,-1.7332030859230887,0.2719773254328235,0.13193459497785182,3.7805714285714265,36.070242050308515,-14.226148865553503,-47.851239669421446,-0.5602881481904921,27.40776622869005,3.195725558007893,0.042771696115000146,171.32164419269398,182.83658519988205,168.13841480011797,175.4875,177.21225,168.56775000000002,32.341853337309395,172.3495,174.005,,,177.45,440646161682.4776,2483495036,177.4298540142029,343864204.21886665,0.03672197702454925,751530.0192307681,-0.3028867647058746,-0.13625744998427836,-0.15067750711453798,175.30633333333333,176.56266666666664,173.53366666666665,178.33533333333332,172.27733333333333,179.59166666666664,170.50466666666665
2023-09-20,179.26,179.695,175.4,175.49,58436181,173.073,174.14711435459867,177.120024146759,169.02597585324102,173.073,167.62,179.695,65.1759834368531,58.65035748911661,-1.2328329325368657,-1.6331290552458442,0.4002961227089785,0.18560690052407716,4.060214285714281,43.16682375117819,31.747784118599977,-34.8240165631469,1.053783254635502,34.63961205501742,3.1946517807109425,0.04372922885951185,171.03634218393518,183.02813093988792,167.91186906011208,175.47,177.39982500000002,168.746175,30.646903356984165,173.6575,174.98000000000002,,,179.46,450981282047.7726,2541931217,177.41679201690712,287877036.6251531,-0.008324665803271604,1317799.506410256,1.0904808823529208,-0.1289475976732124,-0.14633152522627285,174.6966666666667,175.53333333333336,173.09333333333336,177.13666666666668,172.2566666666667,177.97333333333336,170.65333333333336
2023-09-19,177.52,179.63,177.13,179.07,51826941,173.73999999999998,175.04218447194435,179.23398054439832,168.24601945560164,173.73999999999998,167.62,179.695,94.824016563147,70.71625344352621,-0.7542592589831827,-1.4573550959933121,0.7030958370101295,0.2891046878212876,4.123785714285709,50.165289256198314,65.98069108137857,-5.175983436853007,3.8689095127610136,35.46891490091154,3.27561549057652,0.047724618604763853,170.98559935739266,183.16022439289353,167.97177560710648,175.566,178.0835,169.39649999999997,29.073021232396453,173.6575,174.98000000000002,,,177.79,460238091979.7826,2593758158,177.44063399290235,316485508.05715305,-0.02395603506087776,1797718.897435896,2.064010294117651,-0.11618000617287239,-0.14030122141559276,176.86166666666668,178.32333333333335,174.02833333333336,181.15666666666667,172.5666666666667,182.61833333333334,169.73333333333338
2023-09-18,176.48,179.38,176.17,177.97,67257573,174.16199999999998,175.57451456795445,180.2730304641147,168.05096953588526,174.16199999999998,167.62,179.695,85.71428571428574,81.90476190476194,-0.45846211578322027,-1.2575764999512937,0.7991143841680735,0.3911066270906448,3.938071428571423,51.00840336134451,50.201116700659846,-14.285714285714253,2.4287769784172655,34.98460222607086,3.241725133644871,0.04733749905615366,171.06398120478391,183.06401317324887,167.99298682675115,175.5285,178.51604999999998,169.80794999999998,27.19392105700327,173.6575,174.98000000000002,,,177.97,472199178762.1026,2661015731,177.45072802882373,324656988.888929,-0.07093397100849333,2082585.2884615362,2.427892647058826,-0.1012699265116268,-0.13249496243479958,178.60999999999999,180.08999999999997,177.58999999999997,181.10999999999999,176.10999999999999,182.58999999999997,175.08999999999997
2023-09-15,176.48,176.495,173.82,175.01,109259461,174.54199999999997,175.47187555559907,180.29955966823943,168.78444033176052,174.54199999999997,167.62,179.695,61.20082815734984,80.57971014492752,-0.45761293389401203,-1.0975837867398373,0.6399708528458252,0.4408794722416809,3.8909285714285664,50.20678246484698,-2.9229108076186745,-38.79917184265016,2.219496524735695,32.45501392257796,3.1469789606775205,0.0501250485998907,171.01061842274828,182.9102375145864,167.7627624854136,175.3365,178.90554999999998,170.17844999999997,25.966207168355215,174.3725,174.98000000000002,,,178.19,491331420878.71094,2770275192,177.35834414486246,312607814.6851901,-0.11501483586965727,5005450.10897436,2.3895073529411945,-0.08863019928445626,-0.12372200980473091,177.84,179.51000000000002,176.3,181.05,174.63,182.72000000000003,173.09
2023-09-14,174.0,176.1,173.58,175.74,60895757,175.047,175.52062545458105,180.1518303922204,169.9421696077796,175.047,167.62,179.695,67.2463768115943,71.38716356107663,-0.39349904000479796,-0.9567668373928295,0.5632677973880316,0.465357137270951,3.7894999999999937,54.39560439560443,4.388674630290843,-32.7536231884057,2.9585798816568114,39.28325799475181,2.885711806743449,0.0490096338472946,171.181953948987,182.53505063885711,167.64094936114293,175.08800000000002,179.423175,170.670825,24.912866062102644,175.6775,174.98000000000002,,,179.8,501996703759.6909,2831170949,177.31062970146735,356104783.97090495,-0.10404224684277492,5861831.596153848,2.263124999999974,-0.07707589227439193,-0.11439278629866312,175.10833333333335,176.3966666666667,173.7216666666667,177.78333333333336,172.43333333333334,179.07166666666672,171.04666666666668
2023-09-13,176.51,177.3,173.98,174.21,84267928,175.425,175.2823299173845,179.4575591543506,171.39244084564942,175.425,167.62,179.695,54.575569358178136,61.0075914423741,-0.4608343192653024,-0.8575803337673241,0.39674601450202174,0.4516349127171652,3.8237857142857092,53.7818637693272,10.481112952864466,-45.424430641821864,2.217919380390777,37.710846506005176,2.6677889031140625,0.04943716146559537,171.2364105876694,182.21519810691424,167.40180189308577,174.8085,179.81062500000002,171.039375,23.396996644055502,176.6375,174.98000000000002,,,178.85,516757354921.2643,2915438877,177.24856418633271,283512532.74199015,-0.18851086799085198,7602207.2051282,1.6980955882353044,-0.06828984005896599,-0.1051721970507237,175.14000000000001,176.70000000000002,174.18000000000004,177.66,172.62000000000003,179.22,171.66000000000005
2023-09-12,179.49,180.13,174.82,176.3,90370192,175.85899999999998,175.4673608414964,179.0883301679042,172.62966983209577,175.85899999999998,167.62,180.13,69.38449240607525,63.735479525282564,-0.3416145600618279,-0.754387179026225,0.4127726189643971,0.4438624539666116,4.005928571428565,55.168220510741804,66.03451958024974,-30.615507593924754,2.5238427541288693,40.389621020755676,2.5588225088072334,0.05073149375165771,168.72384647004804,182.33236320156854,167.07563679843147,174.704,180.255475,171.46252499999997,22.548698304587482,176.85500000000002,174.98000000000002,175.5275,,181.99,532760409754.5976,3005809069,177.24359649092455,243518191.64971203,-0.26170879892653104,9072400.455128208,1.2978308823529403,-0.059288936317403174,-0.0959955449040596,175.16333333333333,176.34666666666666,173.02666666666664,178.48333333333335,171.8433333333333,179.66666666666669,169.70666666666662
2023-09-11,180.07,180.3,177.34,179.36,58953052,176.187,176.17511341576977,180.10825886815877,172.26574113184125,176.187,167.62,180.3,92.58675078864356,72.18227085096565,-0.00021315829204127112,-0.6035523748793883,0.603339216587347,0.4757578064907587,4.048142857142851,66.17705438666137,113.4047808176883,-7.413249211356445,1.8627896410722404,46.41854554368229,2.592555891901114,0.05367119744587432,168.86685344868226,182.3694450414901,167.07555495850994,174.72250000000003,180.591675,171.78232500000001,21.820406969645763,176.94,174.98000000000002,175.41625,,191.17,543313006062.5976,3064762121,177.2773822606892,265028089.0010636,-0.21658238498931354,8354348.916666672,1.1855073529411868,-0.04701774329221031,-0.08619998458168975,177.08333333333334,179.3466666666667,174.0366666666667,182.39333333333335,171.77333333333334,184.6566666666667,168.7266666666667
2023-09-08,178.35,180.239,177.79,178.18,65602066,176.526,176.53963824926618,180.4963254834392,172.55567451656083,176.526,169.05,180.3,81.15555555555551,81.04226625009143,0.17313794746257827,-0.448214310410995,0.6213522578735733,0.5048766967673217,3.908071428571424,64.48742746615088,97.67105273005339,-18.844444444444484,1.9394702214085557,45.81791924272641,2.6355566674552873,0.0533979459564554,169.05258738283305,182.2664977894156,167.2475022105844,174.757,180.93915,172.11285,21.144136444342738,176.94,174.98000000000002,175.57999999999998,,192.58,555038478798.5289,3130364187,177.3079570433154,220320106.9046984,-0.2851698474787237,7935503.282051288,1.648355882352945,-0.03429416081593972,-0.07581881982853975,179.0,180.66,177.7,181.96,176.04,183.62,174.73999999999998
2023-09-07,175.18,178.21,173.54,177.56,112488803,176.889,176.72515856758142,180.4467827052505,173.3312172947495,176.889,171.66,180.3,68.287037037037,80.67644779374535,0.25752256937900597,-0.3070669344529949,0.5645895038320008,0.5168192581802575,3.9566428571428554,63.60167874856922,36.754860455715026,-31.712962962963015,2.0870465129649833,43.608619592135426,2.709236588918812,0.05125746913695609,168.9270152290679,182.4905228999448,167.2884771000552,174.8895,181.311225,172.466775,20.470442691092693,176.92000000000002,174.98000000000002,177.1225,,195.605,574885628237.1722,3242852990,177.27773352968808,301495110.35437703,-0.16921020401913078,11114429.519230768,1.737120588235257,-0.022434630967849145,-0.06514198205640162,178.73633333333336,179.68266666666673,177.23366666666672,181.18533333333338,176.28733333333335,182.13166666666675,174.7846666666667
2023-09-06,188.4,188.85,181.47,182.91,81755816,177.631,177.8496751916575,182.67611601011873,172.58588398988127,177.631,173.54,188.85,61.20182887001961,70.21480715420404,0.7474817737935666,-0.09615719280368257,0.8436389665972492,0.582183199863656,4.422357142857142,68.2317682317682,176.49619801138797,-38.79817112998038,4.228161148783399,44.843425701422504,3.228148565028309,0.05805995903357112,176.45442362774662,183.7019717549476,167.00202824505246,175.35200000000003,182.071775,173.190225,21.09278373522056,181.195,178.235,177.225,,196.45,589962218265.7323,3324608806,177.45312386859277,251644003.03730384,-0.16256244011591994,12238271.961538464,3.27053235294116,-0.005678792610241956,-0.05324934416716969,176.43666666666664,179.3333333333333,174.66333333333327,181.10666666666665,171.76666666666662,184.0033333333333,169.99333333333325
2023-09-05,188.28,189.98,187.61,189.7,45280027,178.69400000000002,180.00427970226522,187.87272031748796,169.51527968251207,178.69400000000002,173.54,189.98,98.29683698296836,75.92856763000833,1.6644870561833613,0.2559716569937262,1.408515399189635,0.7474496397288518,4.569499999999999,70.82568807339445,191.5144010052281,-1.7031630170316374,5.936226056849274,44.98164899870878,4.473219845868662,0.06613695869259247,177.1837680083036,184.8564731672002,167.57752683279983,176.217,183.16135000000003,174.22665,21.873950562781232,181.76,178.8,176.85999999999999,,195.83,598524520438.0089,3369888833,177.60957411321493,286224951.9275991,-0.1452632935739064,10836530.096153848,5.039679411764695,0.021189551127664963,-0.038361565108202766,184.41,187.35,179.97,191.79,177.03,194.73,172.59
2023-09-01,189.485,189.92,188.28,189.46,45766503,179.84300000000002,181.7235015745806,191.22994398569398,168.45605601430606,179.84300000000002,173.54,189.98,96.83698296836994,85.44521627378596,2.3448246756490505,0.6737422607247912,1.6710824149242594,0.9321761947679335,4.470285714285713,73.175355450237,154.3978400934129,-3.1630170316300603,6.456144293982137,45.30700532731869,5.316978638484909,0.06632249135625197,177.5417785533807,185.37399950884017,168.63100049115982,177.0025,184.339075,175.34692500000003,22.59931975980186,181.76,178.8,177.19,,193.22,607184458135.669,3415655336,177.76514267587945,306317563.00077075,-0.09752991956389774,9701166.519230768,6.652444117647093,0.05335522875145049,-0.020018206336272118,189.09666666666666,190.58333333333331,188.21333333333334,191.46666666666664,186.7266666666667,192.9533333333333,185.84333333333336
2023-08-31,187.84,189.12,187.48,187.87,60794467,181.12900000000002,182.84104674283867,192.9851280919755,169.27287190802454,181.12900000000002,173.54,189.98,87.16545012165459,94.09975669099764,2.7242934695250085,1.0838525024848347,1.6404409670401738,1.0738291492223817,4.437428571428571,71.52563310685609,121.5511540234695,-12.834549878345411,7.3481515341980534,45.203411019850755,5.655954919607402,0.06469673740898715,177.83715225549977,185.98642453339818,169.6845754666018,177.8355,185.657225,176.60077500000003,22.97164036360459,181.76,178.8,177.34375,,194.5,618623342398.1656,3476449803,177.9468646043228,274437537.6227228,-0.0699192641029376,9740625.929487176,8.162926470588246,0.08578280097610858,0.0011419951262040193,189.22,190.16,188.52,190.85999999999999,187.58,191.79999999999998,186.88000000000002
2023-08-30,184.94,187.85,184.74,187.65,60813888,182.32,183.71540188050437,194.16295008292536,170.47704991707462,182.32,173.54,189.98,85.82725060827259,89.94322789943237,2.9730021431369664,1.461682430615261,1.5113197125217055,1.1613272618822466,4.249214285714286,69.58762886597938,94.68660878507106,-14.172749391727399,6.77705701604643,39.17155650815951,5.797871002177811,0.0644896071311787,177.96228169843158,186.7398783067283,170.62712169327173,178.6835,186.878,177.762,22.355127390178836,181.76,178.8,176.93875,,193.62,629980133269.2057,3537263691,178.0981539126102,327429703.6934628,0.03973814589747789,9067220.910256408,9.954205882352994,0.11653553291013363,0.024220702682989943,188.15666666666667,188.83333333333334,187.19333333333333,189.79666666666668,186.51666666666665,190.47333333333336,185.5533333333333
2023-08-29,179.695,184.9,179.5,184.12,53003948,183.311,183.7889651749581,193.7080485128123,172.91395148718772,183.311,173.54,189.98,64.35523114355239,79.11597729115987,2.852383558153349,1.7398226561228785,1.1125609020304705,1.1515739899118915,4.535642857142859,58.14778960955148,42.67872603074036,-35.644768856447605,5.688536823374086,33.917802292606936,5.576054632368435,0.06851427506310656,177.39717798486652,187.83655939139186,170.89944060860813,179.368,187.893775,178.728225,21.19068299301918,181.76,178.8,176.2025,,192.75,639671375121.5256,3590267639,178.16815887845448,365121400.0490183,0.04880625113878396,4207106.493589751,9.197794117647078,0.14065787081496417,0.04750813630938479,186.74666666666667,188.75333333333333,185.64333333333335,189.85666666666665,183.63666666666668,191.86333333333332,182.53333333333336
2023-08-28,180.09,180.59,178.545,180.19,43820697,183.7,183.13460787042027,193.18203447461417,174.2179655253858,183.7,173.54,189.98,40.45012165450126,63.54420113544208,2.411871748742783,1.8742324746468595,0.5376392740959235,1.028787046748698,4.704571428571431,53.28208160851567,-0.30380264074396635,-59.54987834549874,2.2064662507090107,34.70761599543438,5.297297697386509,0.07279633198151816,177.20889716737258,188.38213142182227,171.17686857817776,179.7795,188.2925,179.1075,20.336377761727185,181.76,178.8,175.60750000000002,,191.94,647549240924.7007,3634088336,178.1875345488852,391799526.095473,0.06900054205774699,3138015.17307692,7.300088235294112,0.15465191994823435,0.0689368930371547,182.84,186.18,180.78,188.24,177.44,191.58,175.38
2023-08-25,177.38,179.15,175.82,178.61,51449594,183.625,182.3119518939802,193.27006667219595,173.97993332780405,183.625,173.54,189.98,30.8394160583943,45.214922952149315,1.9132158097602314,1.882029141669534,0.031186668090697367,0.8292669710170979,4.720285714285716,55.54870530209621,-27.312758330200296,-69.16058394160571,-0.4181534344335414,36.80251856930728,5.234135327977154,0.06996563175623138,177.19349275067384,188.51549985073115,171.29650014926887,179.906,188.215625,179.034375,20.1535026727562,181.76,178.8,175.3175,,193.13,656700065713.5406,3685537930,178.18296221239558,426562765.2846625,0.1245051785331966,331808.5833333358,5.052088235294121,0.15921693488407662,0.08699290140653909,179.775,181.00500000000002,178.96,181.82000000000002,177.73,183.05000000000004,176.915
2023-08-24,180.674,181.104,176.01,176.38,54945798,183.445,181.23341518598377,193.59563106959882,173.29436893040116,183.445,173.54,189.98,17.274939172749416,29.521492295214994,1.3228361902182257,1.7701905513792726,-0.4473543611610469,0.573942704581469,4.904142857142863,50.942840306423086,-29.930342537888063,-82.72506082725059,-1.0102143899427607,30.51814091396409,5.16394430541938,0.07078721670359488,177.08006126200684,188.6739248581946,171.2970751418054,179.9855,188.031125,178.85887499999998,19.413524909680564,182.89999999999998,178.8,175.2925,,195.1,666471150232.9447,3740483728,178.17779696352275,379598885.3294211,0.025837205746028644,-2727195.903846152,3.1662235294117522,0.15452009970937652,0.10049834106710658,177.86,179.90000000000003,176.57000000000002,181.19000000000003,174.53,183.23000000000005,173.24
2023-08-23,178.52,181.55,178.325,181.12,52722752,183.801,181.21279424307764,193.2604923518944,174.34150764810556,183.801,173.54,189.98,46.10705596107064,31.407137064071453,1.223332657070273,1.6608189725174727,-0.43748631544719974,0.3716569005757353,5.036285714285719,59.30013458950201,0.27149526201431834,-53.89294403892936,2.0049560711872054,37.49629992361208,4.966695925970524,0.07512291463543662,176.9614221137338,189.11600361528485,171.57399638471514,180.345,188.39602499999998,179.205975,18.59789158876762,182.89999999999998,178.8,174.55025,,193.73,675978731972.358,3793206480,178.2077341522305,418262236.7960876,0.15351410053589942,-3279528.6858974323,1.8590617647058991,0.14877218128104275,0.11015310910989382,177.83133333333333,179.65266666666668,174.55866666666665,182.92533333333336,172.7373333333333,184.7466666666667,169.46466666666663
2023-08-22,177.06,177.68,176.25,177.23,42084245,183.233,180.48864983524533,193.57154513727875,172.89445486272126,183.233,173.54,189.98,22.445255474452544,28.609083536090868,0.8211195452641107,1.4928790870668003,-0.6717595418026896,0.16297361210005032,4.9612857142857205,51.193838254171986,-46.08969346903051,-77.55474452554746,-3.105352359083706,29.003266491875465,4.89185208710411,0.07833874672747862,176.88908474492771,189.2514534345206,171.61254656547936,180.432,187.813825,178.652175,18.33914410834039,182.87,179.515,173.8375,,193.99,683429887830.4247,3835290725,178.19506703248024,433859894.033849,0.2294706591849415,-4692801.948717952,0.8670617647058805,0.1380022238901102,0.11572293206593709,180.33166666666668,182.33833333333337,179.11333333333334,183.5566666666667,177.10666666666665,185.5633333333334,175.88833333333332
2023-08-21,175.07,176.13,173.735,175.84,46311879,181.847,179.6434407742916,192.04758407913744,171.64641592086258,181.847,173.54,189.98,13.990267639902749,27.51419302514198,0.38575463378901986,1.2714541964112442,-0.8856995626222244,-0.046761022844404615,4.92521428571429,45.27896995708153,-67.59205368349359,-86.00973236009725,-7.30627306273062,22.3611615870429,4.991486936986296,0.07589870254379874,177.00753543834008,188.99848076279463,171.54251923720543,180.27050000000003,186.393175,177.300825,18.64614541021785,181.4275,180.82,173.67000000000002,,190.69,691545349946.9896,3881602604,178.15975010794526,468956370.1862501,0.24965496376504445,-9414856.038461536,0.013370588235289915,0.12255831543033224,0.11709000873881613,177.0533333333333,177.85666666666663,176.42666666666662,178.48333333333332,175.6233333333333,179.28666666666663,174.9966666666666
2023-08-18,172.3,175.1,171.96,174.49,61172150,180.35,178.7064515426022,189.961900031847,170.738099968153,180.35,171.96,189.98,14.039955604883483,16.825159573079592,-0.06743160322182007,1.0036770364846315,-1.0711086397064515,-0.251630546216814,5.027428571428574,45.07343124165554,-80.90115374294419,-85.96004439511653,-7.901403990288186,22.526914758372868,5.134507894218203,0.07602687401697181,177.06810200932463,188.77608172465486,171.41691827534513,180.0965,184.85875,175.84125,19.285428686473647,179.905,180.97,173.405,,190.54,702180128224.4896,3942774754,178.0928843353575,506360996.9378429,0.3520890811273069,-10998746.346153848,-0.7171882352941168,0.10295087632659072,0.11426218225637105,175.235,176.735,174.34000000000003,177.63,172.84000000000003,179.13,171.94500000000005
2023-08-17,177.14,177.5054,173.48,174.0,66062882,178.963,177.85073308031087,187.7166356891167,170.20936431088327,178.963,171.96,189.98,11.3207547169811,13.116992653922447,-0.4608119130938917,0.7107792465689269,-1.1715911596628186,-0.435622668906015,4.981385714285717,45.23043944265809,-65.57245730244267,-88.6792452830189,-7.382764677702669,23.87125439928505,5.191815826755311,0.07423658306757336,177.10608828162805,188.6941426384221,171.39785736157788,180.046,183.437075,174.488925,19.099393382210803,178.43,180.97,173.15,,189.77,713740811068.4639,4008837636,178.04183553331214,457366082.66278976,0.2034909878708099,-10031847.224358968,-1.3720394117647174,0.08067946426866257,0.10754563865882937,173.85,175.73999999999998,172.6,176.98999999999998,170.71,178.87999999999997,169.46
2023-08-16,177.13,178.54,176.5,176.57,46964857,177.85500000000002,177.61787252025434,184.1934067398678,171.51659326013223,177.85500000000002,171.96,189.98,25.582685904550445,16.981132075471677,-0.5587501967475532,0.4568733579056309,-1.015623554653184,-0.5516228460554488,4.49924285714286,40.82223508975101,-38.337365007305095,-74.41731409544956,-5.904609645616846,19.97882582461085,5.15879716192586,0.07562881847342472,177.0721751779177,188.75723550650102,171.417764493499,180.0875,182.301375,173.40862500000003,18.60898921226785,176.755,180.97,173.17725000000002,,188.08,722063140278.3872,4055802493,178.03212595401578,413624304.0843581,0.22152858254512547,-9556579.46794872,-2.0005394117646915,0.06024754296292123,0.09808601951964774,174.99513333333334,176.5102666666667,172.48486666666668,179.02053333333336,170.96973333333332,180.5356666666667,168.45946666666666
2023-08-15,178.88,179.48,177.05,177.45,43622593,177.188,177.58735024384447,181.7516028651837,172.62439713481626,177.188,171.96,189.92,30.56792873051218,22.49045645068124,-0.5589155164562953,0.25371558303324565,-0.8126310994895409,-0.6038244967422672,4.202100000000003,28.606356968215152,-30.265989007679035,-69.43207126948784,-3.6226374103845402,19.49263332491236,5.0133353484271375,0.07515681213925415,177.26207630619416,188.77674873117596,171.722251268824,180.24949999999998,181.61769999999999,172.7583,17.86539616248275,176.755,180.97,173.17725000000002,,188.61,729827671015.1006,4099425086,178.03171315596046,384363058.5740693,0.13452121980628998,-10236548.852564104,-1.9181864705882674,0.04276846146149538,0.08702250790801727,177.2033333333333,177.90666666666658,175.8666666666666,179.24333333333328,175.1633333333333,179.94666666666657,173.8266666666666
2023-08-14,177.97,179.69,177.305,179.46,43675627,177.115,177.92783201769092,181.4844011794145,172.7455988205855,177.115,171.96,189.12,43.706293706293714,33.28563611378545,-0.39233375250779545,0.12450571592503742,-0.5168394684328329,-0.5864274910803804,4.25531428571429,33.552631578947384,-20.28806777882965,-56.293706293706286,-0.4051279205283255,25.60645541198548,4.93143821767407,0.07505760947870153,177.51493647409444,188.74688629461716,172.06811370538284,180.4075,181.542875,172.687125,17.108641090770757,176.755,180.97,174.31875000000002,,190.68,737637673842.5289,4143100713,178.0400055272634,419614874.91578877,0.15574683061738384,-11097023.653846152,-1.3782011764705828,0.03012793764118893,0.07564359385465161,177.99333333333334,178.93666666666667,176.5066666666667,180.42333333333332,175.56333333333336,181.36666666666665,174.0766666666667
2023-08-11,177.32,178.62,176.55,177.79,52036672,177.033,177.90277165083802,181.30745175171973,172.75854824828025,177.033,171.96,187.85,36.68974197608552,36.987988137630474,-0.3905693077902299,0.02149071118198395,-0.4120600189722139,-0.5515539966587472,4.321742857142859,33.464566929133866,-35.321468537471716,-63.31025802391448,-0.4591008342198206,26.044559428060452,4.961395071210431,0.07366478693757583,177.68471208890833,188.5424169798863,172.11558302011372,180.329,181.458825,172.60717499999998,16.618791232290395,176.755,180.97,174.31875000000002,,191.81,746882162078.9022,4195137385,178.03520922805302,429921655.3602325,0.21634451691070064,-11185696.564102568,-0.7401276470588414,0.019381935901141567,0.0643912622639496,178.81833333333336,180.3316666666667,177.94666666666672,181.20333333333335,176.43333333333337,182.7166666666667,175.56166666666672
2023-08-10,179.48,180.75,177.6,177.97,54686851,177.19199999999998,177.91499498704928,181.4767720022322,172.90722799776776,177.19199999999998,171.96,184.9,46.445131375579535,42.28038901931959,-0.3703770014412555,-0.05688283134266394,-0.3134941700985916,-0.503942031346716,4.323171428571432,34.099868593955335,-19.88907805009944,-53.554868624420465,0.9014627508787864,34.08705350414294,4.9664021447278595,0.07338740796308495,177.8140433575943,188.43624613089202,172.20075386910804,180.31850000000003,181.62179999999998,172.76219999999998,15.463442472664909,176.35500000000002,180.97,174.31875000000002,,191.33,756658712721.6755,4249824236,178.0447074286193,388081874.11896276,0.08511862023668444,-9796694.42307692,-0.2786676470587963,0.010523669677731107,0.05361774374670591,177.65333333333334,178.75666666666666,176.68666666666667,179.72333333333333,175.58333333333334,180.82666666666665,174.61666666666667
2023-08-09,180.87,180.93,177.01,178.19,60378492,176.899,177.96499589849486,180.29943722678948,173.49856277321052,176.899,171.96,181.55,64.9635036496349,49.36612566709999,-0.33278614032519727,-0.1120634931391706,-0.22072264718602666,-0.44729815451457816,4.021028571428575,39.07113896056028,-22.648333128152384,-35.03649635036509,-1.6177120141342796,42.23842425742307,4.949955874338105,0.07330717289487362,177.83249593224912,188.45385882434738,172.2461411756526,180.35,181.321475,172.476525,14.574429342502727,176.445,180.97,174.67625,,,767448953026.9955,4310202728,178.0540270278896,364053698.7312077,-0.0014830522002945402,-7172582.320512816,-0.22175588235296573,0.0035287914833981304,0.043599953294044355,178.77333333333334,179.9466666666667,176.79666666666668,181.92333333333335,175.62333333333333,183.0966666666667,173.64666666666668
2023-08-08,179.69,180.27,177.58,179.8,67823003,177.156,178.29863300785942,181.02395610684073,173.28804389315928,177.156,171.96,181.55,81.75182481751825,64.38681994757758,-0.17110912788015753,-0.12387262008736799,-0.04723650779278954,-0.36728582517022046,3.8149571428571454,49.214026602176574,-12.158264337502851,-18.248175182481745,1.4500930993624226,50.0748823423001,4.914021265725211,0.06720615962964664,178.01783702623777,188.16216588313003,172.22683411686998,180.1945,181.5849,172.7271,13.748917150209275,176.445,180.97,175.32875,,,779603965547.9788,4378025731,178.0720382769214,408176470.1996093,0.022013874035914226,-6365914.442307696,-0.2513735294117794,-0.00016623458132247748,0.03484671571897099,178.71,180.41000000000003,176.49,182.63000000000002,174.79,184.33000000000004,172.57
2023-08-07,182.13,183.13,177.35,178.85,97576069,177.45700000000002,178.39888155188498,181.338248939882,173.57575106011805,177.45700000000002,171.96,183.13,61.68307967770809,69.46613604828708,-0.11827261809693823,-0.12275261968928204,0.00448000159234381,-0.2929326598177076,3.915671428571431,50.49627791563271,2.801717054949602,-38.31692032229191,1.7117834394904405,47.083108115342405,4.379206368858668,0.054595045322305816,177.77338988868152,187.7992825889735,171.50471741102646,179.652,181.89342500000004,173.020575,13.484954823718152,178.305,180.97,175.80875,,,797145865979.2355,4475601800,178.10920220365347,361245419.71172,-0.08267350027402545,-3139989.602564104,-0.04052058823532434,-0.002530226638752797,0.027371327247426233,179.2166666666667,180.85333333333338,178.16333333333338,181.9066666666667,176.5266666666667,183.54333333333338,175.4733333333334
2023-08-04,185.52,187.38,181.92,181.99,115956841,178.20700000000002,179.05181217881497,182.42411907981437,173.98988092018567,178.20700000000002,171.96,187.38,65.04539559014273,69.4934333617897,0.17495567438956527,-0.06321096087351258,0.23816663526307785,-0.1867128008015505,4.1611,61.17975288959744,81.24105651602056,-34.95460440985727,4.298240586853114,57.529245357794245,3.77562023486135,0.058268220516004166,177.16505398465054,187.87141845952485,170.68558154047517,179.2785,182.66217500000002,173.75182500000003,14.324199379195132,181.94,180.97,175.91750000000002,179.3,,818454481604.1989,4591558641,178.25199362496804,248261831.04505426,-0.15431902912213669,2031958.1794871837,1.1052588235293968,-0.00046524639051304106,0.02180401251983838,179.77666666666667,182.20333333333335,176.42333333333335,185.55666666666667,173.99666666666667,187.98333333333335,170.64333333333335
2023-08-03,191.57,192.37,190.69,191.17,62243282,179.924,181.25511905539406,188.3797367771498,171.46826322285023,179.924,171.96,192.37,94.12052915237619,73.61633480674236,1.1350068360312662,0.1764325985074432,0.958574237523823,0.0423446068635242,4.533242857142857,67.01659329495422,193.89315423804072,-5.879470847623798,9.867816091954015,58.191218318023274,4.217134565954481,0.07706390815315624,178.72209698534826,188.64477253654863,170.24222746345143,179.44350000000003,184.4221,175.4259,16.04273964799803,184.46,182.16500000000002,175.96,178.7875,,830368468211.8188,4653801923,178.4279782317282,221586138.75933906,-0.22853490526413195,3233027.788461536,3.0924352941176494,0.014509776289184373,0.02034516527370758,183.76333333333332,185.60666666666665,180.14666666666665,189.22333333333333,178.3033333333333,191.06666666666666,174.68666666666664
2023-08-02,195.04,195.18,191.8507,192.58,50389327,181.525,183.31418831804967,192.76316612164882,170.2868338783512,181.525,171.96,195.18,88.80275624461673,82.65622699571189,1.9867277537160248,0.5384916295491595,1.4482361241668653,0.32352291032419245,4.471814285714286,78.37338262476892,182.93348843558658,-11.197243755383266,9.067225462989194,63.5566080561164,4.822676697262156,0.07729687267057307,181.6056380314688,188.83220890972117,170.54779109027882,179.69,186.063125,176.986875,18.062704508551253,185.865,183.57,175.96,178.7875,,840103865910.1519,4704191250,178.58624814842548,193272885.51724672,-0.27688671095762357,2919564.551282048,5.53186264705883,0.038996670042812376,0.024075466227528538,191.41,192.13,190.45,193.09,189.73,193.81,188.76999999999998
2023-08-01,196.235,196.73,195.28,195.605,35281426,183.3405,185.54888135113154,197.21048714250767,169.4705128574923,183.3405,171.96,196.73,95.45821558336696,92.79383366011997,2.8727002361902123,1.00533335087737,1.8673668853128422,0.6322917053219224,4.5186,84.45180407878672,170.11346161799977,-4.5417844166330275,10.231051000281772,68.49416715711781,5.9337263686843995,0.07545569816784882,183.20674539367474,189.36434846423512,171.1641515357649,180.26425,187.9240125,178.75698749999998,20.153746477521086,186.64,184.345,175.95000000000002,178.315,,847014497623.1486,4739472676,178.71492369020433,173807271.1724187,-0.34404871861974856,3323957.71794872,8.429480294117639,0.0720090570123455,0.033662184384491936,193.2035666666667,194.5564333333334,191.22713333333337,196.5328666666667,189.87426666666667,197.8857333333334,187.89783333333335
2023-07-31,196.06,196.49,195.26,196.45,38824113,185.0395,187.53090292365306,200.82672299836148,169.25227700163853,185.0395,173.48,196.73,98.79569892473118,94.3522235842383,3.6015083038131195,1.5245683414645201,2.0769399623485993,0.9212213567272578,4.329314285714288,88.96380411639448,141.49099466826496,-1.2043010752688221,9.467290761172395,74.84555199274637,6.94992114211221,0.07087278410493866,183.65371151214407,189.84534354102334,172.30915645897664,181.07725,189.6654875,180.4135125,22.087515090804118,186.87,184.345,179.715,178.315,,854626612045.3485,4778296789,178.85590824177424,210106238.61144185,-0.3545744407882686,4296781.730769232,11.02412735294115,0.11004699315702027,0.04893914613899761,195.87166666666667,196.46333333333334,195.01333333333335,197.32166666666666,194.42166666666668,197.91333333333333,193.56333333333336
2023-07-28,194.67,196.626,194.14,195.83,48291443,186.8435,189.03982966480703,203.06580840540246,170.62119159459755,186.8435,176.5,196.73,95.55116164112715,96.60169204974177,4.082010256465679,2.036056724464752,2.045953532000927,1.1461677917819917,4.219357142857144,88.55528081949839,117.23285855796576,-4.448838358872851,10.146802407334508,75.90014291478361,7.658694968362447,0.06999138693448624,183.90908826159205,190.5165388639722,173.35996113602778,181.93824999999998,191.5145875,182.1724125,23.426974630928495,186.87,184.345,180.28,177.825,,864069134478.0245,4826588232,179.02275747272085,227472509.74659926,-0.2811292025230032,4570028.871794872,12.575859705882351,0.14885190800708603,0.06892169851261529,196.0666666666667,196.8733333333334,195.64333333333337,197.2966666666667,194.83666666666667,198.1033333333334,194.41333333333336
2023-07-27,196.02,197.2,192.55,193.22,47460180,188.36849999999998,189.7998606348421,203.72763629660753,173.00936370339244,188.36849999999998,176.55,197.2,80.72639225181601,91.69108427255814,4.203748136675387,2.469595006906879,1.7341531297685076,1.263764859379295,4.227214285714287,79.36507936507932,94.55364003057596,-19.27360774818399,8.568859920211272,69.9451511835995,7.936129985372962,0.07021660146963708,184.32776606788332,191.39462442077357,174.16587557922642,182.78025,193.0777125,183.65928749999998,24.04507467129722,187.27499999999998,184.57999999999998,180.28,177.825,,873291754856.2245,4874048412,179.17174411033005,193689026.77885714,-0.26878872500126827,4820266.865384616,12.655595000000005,0.18328470192972013,0.09179429919603627,195.532,196.92400000000004,194.43800000000002,198.01800000000003,193.046,199.41000000000005,191.952
2023-07-26,193.67,195.64,193.32,194.5,47471868,189.99949999999998,190.65443142850717,203.95456634404346,176.0444336559565,189.99949999999998,176.55,197.2,86.92493946731238,87.73416445341853,4.353329118188071,2.8463418291631175,1.5069872890249538,1.3124093453084267,4.192214285714286,79.65217391304344,86.02386164813693,-13.07506053268761,9.153151130815424,70.23411587531135,8.34236465830307,0.0663798518380957,184.58286761025226,191.8749056997349,175.0235943002651,183.44925,194.7494875,185.24951249999998,24.61902470878246,187.27499999999998,184.57999999999998,180.28,177.825,,882524400223.9845,4921520280,179.3194683785768,194507507.26161617,-0.2309410792060332,4952274.185897432,12.294407352941164,0.21426918990272714,0.11628927733737444,194.32333333333335,196.0966666666667,191.44666666666672,198.97333333333333,189.67333333333337,200.74666666666667,186.79666666666674
2023-07-25,193.33,194.44,192.915,193.62,37283201,191.38150000000002,191.19362571423312,203.45815705216236,179.30484294783767,191.38150000000002,176.55,197.2,82.66343825665865,83.43825665859569,4.350712176430903,3.147215898616675,1.2034962778142284,1.2906267318095872,4.13507142857143,75.63359884141923,71.69442128632058,-17.336561743341345,7.6863181312569475,65.37190356177042,8.502753095166712,0.06154134956251842,184.9402372643317,192.43162291474817,176.10587708525185,184.26875,196.16603750000002,186.59696250000002,24.981767296327963,189.56,184.57999999999998,180.28,177.825,,889744602790.9762,4958803481,179.42727639844864,191695987.18620682,-0.27941414038401546,4406996.442307696,11.35236323529412,0.24016283198222688,0.14106398826634492,194.48666666666668,195.65333333333336,193.33333333333337,196.80666666666667,192.16666666666669,197.97333333333336,191.01333333333338
2023-07-24,193.41,194.91,192.25,192.75,45505097,192.7715,191.4766028570998,201.03563946585467,184.50736053414533,192.7715,177.01,197.2,77.95938583457162,82.51592118618089,4.229679390992317,3.3637085970918035,0.8659707939005132,1.2056955442277726,4.1172142857142875,77.889634601044,62.40075640368232,-22.040614165428376,7.771875873637129,65.56509898669407,8.46114886982654,0.0609216592221366,185.13477193413482,193.13497926901076,177.09352073098924,185.11425,197.5907875,187.9522125,25.032186364052574,193.945,184.57999999999998,180.28,177.825,,898540889724.7329,5004308578,179.55345393265893,163298069.5095151,-0.32950207342677534,3455964.2051282004,10.45924558823529,0.2600621127894831,0.16486361317097256,193.65833333333333,194.40166666666667,192.87666666666667,195.18333333333334,192.13333333333333,195.92666666666668,191.35166666666666
2023-07-21,194.1,194.97,191.23,191.94,71951683,193.7665,191.56085688308167,197.30777425276807,190.22522574723195,193.7665,177.01,197.2,73.94749876176328,78.19010761766452,4.022036275437955,3.4953741327610337,0.5266621426769214,1.0698888639176025,4.159357142857145,75.44626593806919,52.20518663797993,-26.052501238236708,5.4673333699653766,57.56639850810137,8.2037244871171,0.060275696162166555,185.17319139167415,193.98044280556022,177.99305719443979,185.98675,198.61066250000002,188.9223375,24.642803093549563,194.21499999999997,184.57999999999998,180.28,177.825,,912406938394.6062,5076260261,179.7399840596168,118664939.94801801,-0.32599853590717415,2718059.871794872,9.5883661764706,0.27366642534030206,0.18662417560483846,193.3033333333333,194.35666666666663,191.69666666666663,195.9633333333333,190.64333333333332,197.01666666666662,189.03666666666663
2023-07-20,195.09,196.47,192.495,193.13,59581196,193.9625,191.84615563161228,197.05338714341335,190.87161285658667,193.9625,177.35,197.2,79.49622166246854,77.13436875293449,3.908446526494373,3.5779886115077018,0.3304579149866713,0.9220026741314163,4.202928571428572,76.28430682617874,57.307653241235684,-20.503778337531458,1.025265470523622,57.77526043285426,7.8397328557801185,0.059754193408529055,185.10213723750712,194.9902581652822,178.8962418347178,186.94325,198.8115625,189.1134375,24.691658772946518,194.21499999999997,184.57999999999998,180.28,177.825,,923967577156.4795,5135841457,179.90578270229489,78119748.7077662,-0.3463184804445402,-760933.4679487199,8.962586764705861,0.2831908525376736,0.2059375109914055,192.71333333333334,194.1966666666667,190.45666666666668,196.45333333333335,188.97333333333333,197.9366666666667,186.71666666666667
2023-07-19,193.1,198.23,192.65,195.1,80507323,194.2145,192.43776369859185,197.21399051228997,191.21500948771,194.2145,177.35,198.23,85.00957854406133,79.48443298943107,3.9320620049403487,3.6488032901942313,0.2832587147461174,0.7942538822543566,4.409357142857142,76.58095899930504,62.121884594817125,-14.990421455938678,1.3085470973101991,58.7169336918759,7.641737966244002,0.059170711540711525,185.92113099943862,196.0724077570181,179.6670922429819,187.86975,199.0698625,189.35913749999997,25.1787035334106,194.73,185.095,180.85,177.825,,939692804200.3262,5216348780,180.14378329209922,68308820.45687002,-0.40541370077818206,-4698195.5448718,8.852233823529389,0.2911040333064996,0.22297081545442432,194.03166666666667,195.56833333333333,191.59333333333333,198.00666666666666,190.05666666666667,199.54333333333332,187.61833333333334
2023-07-18,193.35,194.33,192.415,193.73,48353774,194.027,192.6727157533933,196.87053535819723,191.18346464180274,194.027,181.92,198.23,72.4095646842428,78.97178829692423,3.796466587712075,3.6783359496978,0.11813063801427504,0.6590292334063402,4.188285714285714,75.47945205479452,40.963233913020254,-27.5904353157572,-0.9585644538738786,61.88111037459727,7.334297382306185,0.06038273330452165,186.11448868128232,196.7447748691672,180.6227251308328,188.68375,198.87767499999998,189.176325,25.520424188828763,194.73,185.095,180.85,177.825,,949048856521.2095,5264702554,180.26637721444376,86362579.4177047,-0.3483494837644209,-5687616.929487184,8.656601470588214,0.29551941402174986,0.23748053516788944,195.32666666666668,198.00333333333336,192.42333333333337,200.90666666666667,189.7466666666667,203.58333333333334,186.8433333333334
2023-07-17,191.9,194.32,191.81,193.99,50520159,193.781,192.91222198004905,196.06311305591657,191.49888694408344,193.781,190.69,198.23,43.766578249337066,67.06190715921375,3.6677070262060454,3.6762101649994494,-0.00850313879340403,0.5255227589663913,3.758285714285713,72.79635258358664,34.92054747886419,-56.233421750662934,-1.2522270297785594,58.747337354174455,7.088051932468221,0.06000768156868702,186.32292101395132,197.31922362570882,181.50127637429117,189.41025,198.625525,188.936475,25.544451294930166,194.73,185.095,181.1925,177.825,,958818108067.5695,5315222713,180.39095628532874,123598553.18264553,-0.17226677775763435,-6001172.493589744,8.436983823529403,0.2970807175993073,0.24940057165417304,193.49166666666667,194.56833333333336,192.65333333333334,195.4066666666667,191.57666666666665,196.48333333333338,190.73833333333332
2023-07-14,190.23,191.1799,189.63,190.69,41616242,193.267,192.50818162004015,195.79963235915756,190.73436764084244,193.267,189.63,198.23,12.325581395348873,42.83390810964292,3.261781933559348,3.5933245187114293,-0.33154258515208124,0.35410969014269683,3.3282857142857147,48.82583170254406,1.2973768257136564,-87.67441860465112,-2.624725527243024,51.72839339749484,6.540787711092371,0.06228618546571946,186.26960642240806,198.0047749444234,182.1057250555766,190.05525,198.098675,188.435325,24.584994290694443,193.93,185.095,181.12375,177.825,,966746000781.3615,5356838955,180.46949122467345,138906263.0763159,-0.1176038699523628,-5292669.737179488,7.836063529411774,0.29255508189056645,0.25803147370145174,193.37333333333333,194.93666666666667,192.42666666666668,195.88333333333333,190.86333333333334,197.44666666666666,189.91666666666669
2023-07-13,190.5,191.19,189.78,190.54,41342338,192.999,192.15033041639646,196.0648035017099,189.9331964982901,192.999,189.63,198.23,10.581395348837177,22.22451833117438,2.894612337513564,3.4535820824718564,-0.5589697449582922,0.171493803122499,3.142571428571427,44.68196037539098,-5.35753169299164,-89.41860465116282,-1.3870199772280338,45.20622834791069,5.889945240340398,0.06238778663312152,186.62098794866225,198.3767986972022,182.99070130279776,190.68374999999997,197.823975,188.174025,23.697488735390984,193.93,185.855,180.4375,177.825,,974621853978.1548,5398181293,180.5463360858182,142131551.85645732,-0.0736917397830582,-4320132.57692308,6.913328235294102,0.28343916045339146,0.2631130110518397,190.49996666666667,191.36993333333334,189.82003333333333,192.04986666666667,188.95006666666666,192.91983333333334,188.27013333333332
2023-07-12,189.68,191.7,188.47,189.77,60750248,192.526,191.71754306796072,195.9955014050993,189.05649859490072,192.526,188.47,198.23,13.31967213114767,12.07554962511125,2.512532313973253,3.265372128772136,-0.7528398147988828,-0.013372920461777377,3.0768571428571425,32.76218611521425,-20.81075314101623,-86.68032786885233,-2.431876606683799,38.73545466700013,5.115374008808929,0.06280433605434711,186.7082157691776,198.8941462623421,183.63135373765792,191.26275,197.33915000000002,187.71285,22.307036391224546,193.35,187.365,179.7,177.825,,986163186093.1948,5458931541,180.65131952773007,130282432.27751054,-0.060496632972766466,-3077566.75,5.610416470588206,0.2702954981872008,0.2645495084789119,190.50333333333333,191.22666666666666,189.81666666666666,191.91333333333333,189.09333333333333,192.63666666666666,188.40666666666667
2023-07-11,189.16,189.3,186.6,188.08,46638119,191.972,191.0561716010588,196.32248707362342,187.6215129263766,191.972,186.6,198.23,12.725709372313146,12.208925617432675,2.049734206481844,3.0222445443140775,-0.9725103378322335,-0.20520040393586864,3.215428571428571,26.44907146876767,-64.175925495237,-87.27429062768685,-2.861274661708497,32.99099598430314,4.427672037431243,0.0636035718839422,186.79966050694225,199.243576449225,184.109923550775,191.67675,196.7713,187.17270000000002,21.141225542335537,192.415,187.39,178.8625,177.825,,994930841544.4015,5505569660,180.71351431132405,134773510.40343678,-0.10358248081551916,-3133504.987179488,4.279372352941152,0.2527365389775271,0.26218691457863497,189.98,191.48999999999998,188.26,193.20999999999998,186.75,194.71999999999997,185.03
2023-07-10,189.26,189.99,187.035,188.61,59922163,191.558,190.61141312813902,196.3454354071637,186.77056459283628,191.558,186.6,198.23,17.28288907996578,14.442756861142207,1.7060635045272932,2.759008336356721,-1.0529448318294277,-0.3747492895145804,3.2489285714285705,29.581447963800954,-82.94189388388536,-82.71711092003422,-2.147859922178981,40.50780514316083,3.345050339877362,0.06310548054726949,186.91626684753578,199.64873512676374,184.68076487323626,192.16475,196.34695,186.76905,19.7748717245097,192.415,187.39,178.8625,177.825,,1006228865767.2365,5565491823,180.79783382465612,138727764.8146047,-0.1201032800664715,-2722886.9423076957,3.0445341176470606,0.23307677142638816,0.25636488594818563,187.99333333333334,189.38666666666668,186.68666666666667,190.69333333333336,185.29333333333332,192.0866666666667,183.98666666666665
2023-07-07,191.41,192.67,190.24,190.68,46814998,191.432,190.62388346847735,196.2410266975517,186.6229733024483,191.432,186.6,198.23,35.081685296646725,21.696761249641895,1.5824917180440536,2.5237050126941876,-0.9412132946501339,-0.4880420905416911,3.206785714285713,42.59043173862314,-44.391567572498616,-64.91831470335327,-0.6564551422319428,46.8937942086168,2.378644170972849,0.06182993374903447,186.8768910817387,200.11503587042554,185.08346412957442,192.59924999999998,196.21779999999998,186.6462,19.206397991642294,192.415,187.39,178.8625,178.8,,1015179737334.8431,5612306821,180.88457557884524,108866346.3372385,-0.11489565090970551,-2049315.5641025677,2.8751911764705937,0.21459614524461657,0.24801113780747183,188.545,190.05499999999998,187.09999999999997,191.5,185.58999999999997,193.01,184.14499999999995
2023-07-06,189.84,192.02,189.2,191.81,45156009,191.3,190.83954101966327,195.97240599453485,186.62759400546517,191.3,186.6,198.23,44.797936371453225,32.38750358268859,1.5577845723031203,2.3305209246159744,-0.7727363523128541,-0.5449809428959238,3.235357142857144,42.083578575632735,-48.79421049728447,-55.202063628546775,-0.683477450421992,46.66547903449401,2.362655661816515,0.037741202121723244,187.00839603256875,200.0532465769043,185.2092534230957,192.63125,196.0825,186.5175,18.25032466274225,190.465,187.62,178.8625,178.8,,1023804986613.9331,5657462830,180.96539338888297,147296992.29468513,-0.06414972876202228,-1813765.3461538479,2.586294117647043,0.19846552340303525,0.23810201492658453,191.19666666666663,192.15333333333325,189.72333333333327,193.6266666666666,188.76666666666665,194.58333333333323,187.2933333333333
2023-07-05,191.565,192.98,190.62,191.33,46920261,190.92300000000003,190.92871537972448,194.7677776991061,187.07822230089397,190.92300000000003,186.6,198.23,40.67067927773018,40.183433648610055,1.4823839929072165,2.1608935382742227,-0.6785095453670063,-0.5716866633901403,3.290714285714285,43.09825195901148,-28.787817453611304,-59.32932072226982,-1.9323423885186992,46.08751095102069,2.380548297633608,0.03704752723110375,187.1966507583611,199.85564674805906,185.28185325194093,192.56875,195.69607500000004,186.14992500000002,17.702927808159593,190.45999999999998,187.62,178.66250000000002,178.8,,1032796941832.8431,5704383091,181.0532226459899,128608413.76078731,-0.08461547577115136,-3601002.1794871837,2.492970588235295,0.18370633945441472,0.2272228798321506,191.01,192.82,189.99999999999997,193.83,188.18999999999997,195.64000000000001,187.17999999999995
