date,open,high,low,close,volume,SMA_10,EMA_10,Bollinger_High,Bollinger_Low,Bollinger_Mid,Lowest,Highest,Stochastic,Stochastic_Signal,MAE_Upper,MAE_Lower,RVI,PVT,Chaikin_Oscillator,DPO,Williams_R,Bull_Power,Bear_Power,ROC,OBV,MFI,PPO,PPO_Signal,PPO_Histogram,CCI,Stoch_RSI,Ultimate_Oscillator,PSAR,ADL,ADX,ForceIndex,Keltner_Channel_High,Keltner_Channel_Low,Keltner_Channel_Mid,CoppockCurve,Ichimoku_a,Ichimoku_b,Ichimoku_base_line,Ichimoku_conversion_line,HMA,QStick,TRIX,Vortex_Positive,Vortex_Negative
2023-08-11,241.77,243.79,238.02,242.65,99038642,230.70499999999998,235.08501731038268,247.88451816683084,213.52548183316912,230.70499999999998,212.36,260.51,62.90758047767395,53.74264699522081,236.472625,224.93737499999997,0.15251299826689743,99789115.09818152,-13936402.812743843,-15.806000000000012,-37.092419522326054,7.503691818135053,1.7336918181350711,1.7016639423278437,524614260,47.55570670664876,-2.1453801658727496,-2.409611414409129,0.2642312485363796,7.633774568714055,0.6801057711400424,50.857597929928644,215.50608128000002,100271349.64535357,14.505121536791437,-172629469.35923046,265.66466489497617,215.33833510502387,240.50150000000002,-20.1152005311859,236.8725,245.67000000000002,245.67000000000002,228.075,229.6497619047619,-0.7563999999999993,-0.00422210566953677,0.6855228661993505,0.8595142983030207
2023-08-10,245.4,251.8,243.0,245.34,109498608,232.23499999999999,236.9495596175858,251.72160679657875,212.74839320342122,232.23499999999999,212.36,257.48,73.09397163120565,64.04203041072988,238.04087499999997,226.429125,-0.006818181818182068,100252535.49070677,-18375841.99419,-12.695999999999998,-26.906028368794352,14.210919310821652,5.41091931082164,6.651017214397502,634112868,55.39881012035027,-1.679288218079605,-2.263430959054492,0.5841427409748869,38.68707149070439,0.8013708798208463,42.43193983752811,217.76879477760002,49006092.2635354,14.736096885149891,-152858859.6146154,265.16350665022736,215.5234933497727,240.34350000000003,-17.02435319790867,238.875,245.67000000000002,245.67000000000002,232.08,236.80761904761903,0.1186000000000007,-0.004084901205135273,0.7355277130822385,0.8078686604886742
2023-08-09,250.87,251.1,241.9,242.19,101596324,232.76799999999997,237.9023669598429,253.09049066100636,212.4455093389936,232.76799999999997,212.36,251.8,75.63387423935087,70.54514211607682,238.58719999999997,226.94879999999998,-0.9434782608695671,108194179.77549523,-48784742.36403656,-15.103999999999985,-24.366125760649123,12.84956011152022,3.6495601115202305,2.2502744237102017,532516544,47.43022507964221,-1.3942753962711523,-2.089489598062491,0.6952142017913387,30.79976137641726,0.7153253923829677,34.61602401054927,221.17191529984,-46185246.0929865,14.816142239195472,-25407997.5284615,264.3775063177159,215.37949368228402,239.87849999999997,-15.341190553998803,238.72750000000002,245.67000000000002,245.375,232.08,244.5069047619048,-2.182500000000001,-0.0038848142895713663,0.7892464034407277,0.7817357337834127
2023-08-08,247.45,250.92,245.01,249.7,96642183,234.41899999999995,240.04739114896236,257.40222760430163,211.43577239569828,234.41899999999995,212.36,251.8,94.67545638945228,81.1344340866696,240.27947499999996,228.55852499999995,0.38071065989847735,104593073.63594697,-38741471.11210259,-6.651999999999987,-5.3245436105477255,11.025202934673814,5.1152029346738175,7.08006346755864,629158727,54.34517702057698,-0.9215695874181832,-1.8557870946861574,0.9342175072679743,52.02703831679609,1.0,40.642832568910535,224.234723769856,10557287.749653108,14.890470067952082,32307664.583846036,263.91455600183014,215.62044399816983,239.76749999999998,-12.33389680919557,238.72750000000002,245.67000000000002,245.375,232.08,250.72976190476194,-2.0725000000000016,-0.0035829593970418145,0.8723947514476954,0.7439136137178723
2023-08-07,251.45,253.6511,242.76,251.45,111097943,236.436,242.1205927582419,261.62888647394163,211.2431135260584,236.436,212.36,253.6511,94.66931130437304,88.32621397772539,242.3469,230.5251,0.0,97420802.94493392,-10059041.64418926,-3.4320000000000164,-5.3306886956269635,12.098034472895819,1.2069344728957958,8.72103078519543,740256670,61.61421622554363,-0.4886426792383823,-1.5822472506534107,1.0936045714150284,58.54490405229235,1.0,48.61420601998902,226.9912513928704,76749264.89913255,15.223956435415102,112886006.4184615,263.54431320173865,215.48668679826133,239.51549999999997,-8.646371032485987,240.807775,245.67000000000002,245.375,236.24055,255.63690476190482,-1.2175000000000011,-0.00320460084960659,0.8919098032409639,0.6954650931086126
2023-08-04,260.97,264.77,253.11,253.86,99539907,240.27299999999997,244.25503043856156,262.83815120465414,217.7078487953458,240.27299999999997,212.36,264.77,79.18336195382565,89.509376549217,246.27982499999996,234.26617499999998,-0.6097770154373956,112051974.3218135,-24997537.25897117,0.7390000000000043,-20.816638046174347,21.451935669356658,9.79193566935669,17.805930669636645,839796577,68.2309788099085,-0.07169020877199184,-1.280037769693464,1.2083475609214722,98.69481444447777,1.0,46.464085432941935,230.19043322572594,-9985336.740661576,16.462855433794118,78312291.43153845,264.1173725416517,215.79862745834828,239.958,-3.7077200771911953,244.34,245.67000000000002,243.60500000000002,245.075,258.98166666666674,-1.8037500000000009,-0.0027653321646873485,0.962341077615015,0.6191256336503506
2023-08-03,252.04,260.49,252.0,259.32,97829545,244.283,246.99411581336855,264.332128659371,224.23387134062895,244.283,212.36,264.77,89.60122114100363,87.81796479973411,250.390075,238.17592499999998,0.8574793875147224,101644016.80737413,-6294266.372102395,8.688499999999976,-10.398778858996359,14.878297814704098,6.388297814704089,18.292126630781862,937626122,68.35349728960644,0.4210771300939475,-0.9397264398635418,1.3608035699574892,99.63071793640316,0.9830620824222032,47.24193588501286,235.0315725741243,60880588.08265965,17.45143542961662,156269488.14846152,263.8204039145691,216.21959608543085,240.01999999999998,1.6102509920274204,243.6275,245.67000000000002,238.565,248.69,261.6919047619048,-0.17250000000000298,-0.0022545225622835254,0.9479092532642331,0.6438655097033403
2023-08-02,255.57,259.52,250.49,254.11,101752865,247.13400000000001,248.28791293821064,263.0596667748083,231.20833322519175,247.13400000000001,212.36,264.77,79.66037015836677,82.81498441773202,253.31235,240.95565000000002,-0.16168327796234594,95785227.4516042,-4487106.761822194,6.237000000000023,-20.33962984163323,12.690775914476887,3.6607759144769147,12.637411347517741,835873257,69.24505343597419,0.6383582983857531,-0.6240439275209976,1.2624022259067507,86.03865433283337,0.946404588043977,45.4155280635354,239.1949524137469,40710308.0881971,18.142069811690394,135427924.6838463,263.39388371884064,216.36711628115933,239.88049999999998,6.402225983785051,243.9125,245.67000000000002,238.565,249.26,264.24119047619047,-0.8625000000000007,-0.001755330744794399,0.9357143734353901,0.6568720667101454
2023-08-01,266.26,266.47,260.25,261.07,83645720,249.945,250.61192876762686,264.62609971660487,235.26390028339512,249.945,212.36,266.47,90.02032895952684,86.42730675296575,256.193625,243.696375,-0.8344051446945298,104043897.27421194,-22932567.244751096,15.718999999999966,-9.979671040473171,17.60138389026119,11.381383890261162,12.06644917582417,919518977,77.2465221016532,1.0127634692505154,-0.2966280468723422,1.3093915161228575,119.1963324426594,1.0,42.7292563144666,242.77545907582234,-20880913.390902855,19.345552487020253,345734191.80384606,263.6487145328986,216.50128546710135,240.075,11.11179167713915,245.83,245.67000000000002,239.41500000000002,252.245,266.66714285714284,-1.6212499999999999,-0.0012260112940551168,1.0239542512645579,0.5316251146728852
2023-07-31,267.48,269.08,263.78,267.43,84582172,252.712,253.6697599007856,269.18259548272493,236.24140451727504,252.712,218.83,269.08,96.7164179104478,88.79903900944714,259.02979999999997,246.39419999999998,-0.009433962264153068,85706250.17933887,-18239091.09776678,23.99599999999998,-3.2835820895521954,17.554178656803117,12.254178656803106,11.540707374040714,1004101149,85.28929586042783,1.4838315777830826,0.05951121708674798,1.4243203606963346,121.2993431901007,1.0,48.07019551415742,246.56658562369077,11036887.363814965,20.657392324473307,352477493.22769237,264.7015288062537,218.30947119374628,241.50549999999998,15.893389074789132,248.10500000000002,245.67000000000002,240.72,255.49,267.99309523809524,-1.620000000000001,-0.0006459737492993639,1.142388320256689,0.4530170789356546
2023-07-28,259.86,267.25,258.2312,266.44,111446026,255.09100000000004,255.9916217370064,271.96963725410194,238.21236274589813,255.09100000000004,225.38,269.08,93.95881006864991,93.56518564620818,261.46827500000006,248.71372500000004,0.7295870847562852,84169609.58837827,14425424.216424659,24.391999999999996,-6.041189931350085,13.589740521072912,4.570940521072913,9.80424479703276,892655123,76.95065842880992,1.8000360899809922,0.40765321247253883,1.3923828775084535,95.55690530792916,0.9610336155587237,51.75302720462316,250.61900021142642,102464445.03986937,21.015485454314323,288786508.35538465,265.854107365941,219.94189263405897,242.898,19.597673867544483,248.10500000000002,245.67000000000002,240.72,255.49,268.4035714285714,0.28749999999999787,-6.426348062617213e-05,1.0818459942374516,0.5274201607209619
2023-07-27,268.31,269.13,255.3,255.71,103697263,256.12800000000004,255.9404177848234,271.5559163999694,240.70008360003064,256.12800000000004,232.61,269.13,63.253012048192794,84.6427466757635,262.53120000000007,249.72480000000004,-0.9110629067245126,107269957.72200121,-4558241.21006909,15.208499999999987,-36.74698795180721,15.176468063803412,1.346468063803428,4.226787315562079,788957860,69.31705685780202,1.700219102497156,0.6661883842175056,1.0340307182796504,70.08832210210691,0.6702331043604489,41.896533854421854,253.94198017336967,4915537.474431872,20.922662561990826,153262972.9223077,267.372801997644,220.99019800235604,244.1815,21.637629195753316,248.345,245.67000000000002,240.745,255.945,268.30404761904765,-1.5687500000000014,0.0004066016673447706,1.0587566216792017,0.6062025936851572
2023-07-26,263.25,268.04,261.75,264.35,95856177,258.344,257.4694327330373,270.9891262460196,245.69887375398034,258.344,233.75,269.13,86.48954211418888,81.23378807701053,264.8026,251.8854,0.17488076311606027,106936077.94380353,-17194431.489634857,24.00649999999999,-13.510457885811118,12.599292037493825,6.309292037493805,9.149841033899015,884814037,69.7171988176609,1.863158664498164,0.9055987336977145,0.9575599308004494,81.75957546004477,0.6620510309436272,46.18148210279235,255.3,-11695469.350686928,20.83646987626187,165397520.49769256,268.82073689776183,222.29126310223828,245.55600000000004,23.814605130983306,248.345,245.67000000000002,240.745,255.945,269.3107142857143,-1.4312499999999986,0.0008509528204218156,1.0612274916509614,0.6611112681046797
2023-07-25,272.38,272.9,265.0,265.28,112757327,259.90200000000004,258.88953587248506,271.6188247500002,248.18517524999984,259.90200000000004,238.02,272.9,78.15366972477061,75.9654079623841,266.39955000000003,253.40445000000005,-0.8987341772151953,96252864.39969735,-54131733.63061572,25.4015,-21.84633027522939,16.052084113879573,8.152084113879596,6.239487384861828,997571364,70.28109912221922,1.9952471269486904,1.1235402782142485,0.8717068487344419,84.95635371864786,0.6087014122348394,38.065998172367365,255.3,-116459871.90511806,21.23530541317872,151446954.24615356,270.11700005287366,224.20399994712633,247.1605,24.834720958739403,252.1625,245.67000000000002,242.63,261.695,269.61619047619047,-1.4299999999999997,0.0012634045710383402,1.0770560831456746,0.6303468459936963
2023-07-24,255.85,269.85,254.12,269.06,137005037,261.663,260.73871116839683,273.021998586534,250.304001413466,261.663,241.9,272.9,87.61290322580652,84.08537168825534,268.20457500000003,255.12142500000002,0.8397965670692938,114709524.82818156,-25109558.24871504,29.292500000000018,-12.387096774193479,11.255804347062565,-4.474195652937453,7.0033803937164505,1134576401,71.2610634099251,2.186968979880689,1.3362352827215611,0.8507336971591277,64.15052797368072,0.6115725508177499,47.88837814566938,272.9,6783692.846947715,20.092358170695245,168626014.58000004,272.43117505022997,225.66782494977,249.0495,25.376397879123065,252.1625,245.67000000000002,242.63,261.695,269.03714285714284,-0.6887499999999989,0.0016636167947137919,0.9700980850007294,0.6966131545579592
2023-07-21,268.0,268.0,255.8,260.02,161796073,262.27900000000005,260.6080364105065,272.35269489754785,252.20530510245223,262.27900000000005,241.9,272.9,58.45161290322578,74.73939528460097,268.8359750000001,255.72202500000006,-0.6540983606557398,131568939.10391733,-26819439.86502578,20.504500000000007,-41.54838709677421,9.201948276799044,-2.9980517232009447,2.4265343102497314,972780328,61.50291970881607,2.0394284929393094,1.476878825477315,0.5625496674619943,47.373317036210885,0.4005903101417236,48.2090370678548,272.9,-43081326.3727251,19.031050016960595,80733085.40153827,274.8145912977185,227.73740870228153,251.276,24.303796541675027,252.1625,245.67000000000002,242.63,261.695,269.037380952381,-1.5037500000000037,0.001962122535052057,0.9446805366380285,0.7645980282469294
2023-07-20,279.56,280.93,261.2,262.9,175158273,262.637,261.02475706314164,272.4954833181035,252.77851668189652,262.637,242.76,280.93,52.763950746659624,66.27615562523064,269.202925,256.071075,-0.844399391789154,163736138.4805015,-71206609.52912372,22.94199999999998,-47.236049253340376,21.54553715848391,1.8155371584838917,1.3805337035323093,1147938601,69.64360055333036,1.986744672668207,1.5788548375918217,0.4078898350763853,80.20802787140447,0.2347864581906809,40.49053119623875,254.12,-188055203.6200644,19.315677598602047,63707934.00999982,277.91266173283253,229.0073382671674,253.45999999999998,22.532803523681928,257.085,246.645,246.645,267.525,272.0735714285715,-2.937500000000007,0.002198378024548057,0.9809280739359051,0.6913870817462842
2023-07-19,296.04,299.29,289.5201,291.26,142355353,266.352,266.5220739607522,285.52641536121587,247.17758463878405,266.352,242.76,299.29,85.7951530160976,65.670238888661,273.01079999999996,259.6932,-0.489257822495627,190514673.95503995,-112052079.68216929,51.24000000000001,-14.204846983902398,35.349101721200725,25.579201721200718,14.619652906221706,1290293954,70.90156923156998,2.7641473985153144,1.8159186364758948,0.9482287620394196,181.2974339299583,0.47449701177930753,34.95594988944333,254.6562,-279707053.2710646,20.805999007116117,359306119.45846146,283.61202864619094,229.87397135380905,256.743,22.94020927946218,266.26500000000004,255.82500000000002,255.82500000000002,276.70500000000004,277.6438095238095,-3.5287500000000094,0.002602623169554132,0.9910036354673092,0.604940512189554
2023-07-18,290.15,295.26,286.01,293.34,112434713,269.579,271.39806051334267,294.7322926053206,244.42570739467945,269.579,250.49,299.29,87.80737704918023,75.45549360397915,276.31847500000003,262.839525,0.3448648648648646,143158292.65199476,-97651839.49245968,53.45949999999999,-12.192622950819763,27.117026759582643,17.867026759582643,12.360669552227366,1402728667,71.2430370389822,3.3855364027533086,2.129847790414636,1.2556886123386728,146.7921055081926,0.44154318203862336,40.62519051638677,256.441552,-213947940.0462001,21.750404498400265,358842506.1638458,286.2125772138814,233.31142278611858,259.762,23.289665556282436,266.26500000000004,255.82500000000002,255.82500000000002,276.70500000000004,282.8478571428571,-3.9525000000000077,0.0031105709320063506,0.9843170102822424,0.6370018063682351
2023-07-17,286.625,292.23,283.57,290.38,131569593,271.87399999999997,274.8493222381894,300.14995319151717,243.59804680848276,271.87399999999997,250.49,299.29,81.74180327868848,85.1147777813221,278.67085,265.07714999999996,0.43360277136258485,111107086.37124157,-58906786.78849806,50.30500000000001,-18.258196721311524,20.908880301774104,12.24888030177408,8.581684926896752,1271159074,63.51668703191495,3.7344994158164573,2.4507826960310357,1.2837167197854216,118.7628874660733,0.33436901792627377,44.63832167657811,258.15548992,-138591683.54735535,22.322810844241832,287796713.01153845,288.39804835318733,236.18795164681268,262.293,21.96096733247552,266.26500000000004,255.82500000000002,255.82500000000002,276.70500000000004,285.74095238095236,-1.908125000000009,0.0036336366424885957,0.9186029732433751,0.708672708071454
2023-07-14,277.01,285.3,276.31,281.38,120062369,273.368,276.03671819488227,301.9450440894238,244.7909559105762,273.368,250.49,299.29,63.29918032786881,77.61612021857917,280.2022,266.5338,0.4860956618464961,127848395.53116606,-32814679.667632535,39.87450000000001,-36.70081967213119,12.54134362739245,3.5513436273924412,5.607266176249811,1151096705,56.77638661744435,3.6997278083232805,2.7005745706084983,0.9991532377147823,76.32787691801084,0.043175361193967886,46.9380018427286,259.8008703232,-123233315.98895745,21.996931438026376,245456028.8307691,290.436295935528,238.02270406447207,264.22950000000003,20.066505578469602,266.26500000000004,255.82500000000002,255.82500000000002,276.70500000000004,287.9045238095238,-1.4993750000000112,0.0040638336417115435,0.8626796160441088,0.7044981337784039
2023-07-13,274.59,279.45,270.6,277.9,112681458,275.587,276.37549670490364,301.38063582143604,249.79336417856393,275.587,254.12,299.29,52.64556121319451,65.89551493991728,282.476675,268.697325,0.3740112994350299,118668767.91307129,4136583.5714249313,35.00199999999998,-47.35443878680549,5.956623367365069,-2.8933766326348973,8.677799069258132,1038415247,56.13597103291702,3.528579463845853,2.8661770619329205,0.6624024019129324,47.54264111947154,0.08286999382525906,44.835030322453825,261.380435510272,-50022199.20929687,21.083172319482156,170509437.67384595,291.83195613875154,239.88304386124838,265.85749999999996,19.55994300555844,267.88250000000005,255.82500000000002,259.06,276.70500000000004,289.66,-0.1981250000000081,0.004376581236214899,0.832388905917955,0.7223295967677239
2023-07-12,276.325,276.52,271.46,271.99,95672139,276.351,275.57813366764844,301.09666170732385,251.60533829267615,276.351,254.12,299.29,39.56165596634934,51.83546583580422,283.259775,269.442225,-0.8567193675889284,110646832.80572149,-5186909.849066839,27.80850000000001,-60.43834403365065,3.241452259037601,-1.8185477409624013,2.890107811613386,942743108,50.89040014489098,3.1843273945023225,2.9298075934274306,0.2545198010748919,29.723376561881548,0.0,44.038388382819186,262.8968180898611,-125652348.61641039,20.234681709405383,85635210.33461536,292.667233331814,242.027766668186,267.34749999999997,18.49259564730505,269.52000000000004,255.82500000000002,262.33500000000004,276.70500000000004,289.0026190476191,-2.3912500000000065,0.0045418881318171145,0.8051647899307657,0.7835234469983902
2023-07-11,268.65,270.9,266.37,269.79,91972358,276.80199999999996,274.525745728076,300.80411249962015,252.79988750037978,276.80199999999996,254.12,299.29,34.691166703564335,42.299461294369394,283.72204999999997,269.88194999999996,0.2516556291390839,94928217.57788889,6392987.49054414,24.23399999999998,-65.30883329643567,-1.8800628503885832,-6.410062850388556,1.700090470446339,850770750,45.80716611169925,2.815261850292941,2.9068983108727173,-0.09163646057977637,2.5079973606855557,0.0,52.71284057808457,264.35254536626667,-78752536.92104466,18.901807595247707,78557700.96076936,292.9677466652233,243.73625333477668,268.352,16.768849382425095,271.74750000000006,255.82500000000002,265.95000000000005,277.545,285.2185714285715,-1.2512499999999989,0.004575625483828457,0.771071967368833,0.8336641078650914
2023-07-10,276.47,277.52,265.1,269.61,119425405,276.85699999999997,273.6319737775167,300.7826646024023,252.93133539759768,276.85699999999997,254.12,299.29,34.29267212751827,36.181831599143976,283.77842499999997,269.935575,-0.5523349436392944,91892679.09084843,146815.42265845835,22.4495,-65.70732787248173,5.192897457174411,-7.227102542825548,0.20441537203598134,731345345,45.52223947255352,2.4890465757309777,2.8233275730003045,-0.3342809972693268,6.536511035378541,0.021916574992995142,52.991661030164394,299.29,-111445481.92909607,18.290802966282246,162494243.96769232,293.88695933196215,244.63304066803792,269.26000000000005,15.187319950732308,273.3825,255.82500000000002,266.52,280.245,279.22619047619054,-0.026249999999997442,0.004510056304702915,0.7985143913387908,0.7928180617903355
2023-07-07,278.43,280.78,273.77,274.43,113879174,278.29799999999994,273.7770694543318,299.2702055216999,257.3257944783,278.29799999999994,254.12,299.29,44.9634713305291,37.98243672053723,285.25544999999994,271.34054999999995,-0.570613409415122,121461299.8803086,-31832836.888897955,25.380500000000012,-55.0365286694709,8.15242998252944,1.1424299825294497,5.5418813937389535,845224519,51.740356810339996,2.344589581874159,2.7275796165394395,-0.38299003466528037,34.745980419252916,0.46665146243510686,48.245349162207766,298.6062,-203880931.29571435,18.012491704019975,141009647.76769212,294.801111365364,245.77588863463598,270.2885,15.179806464383754,275.42500000000007,255.82500000000002,268.65500000000003,282.19500000000005,275.0664285714286,0.07125000000000625,0.004409471506698722,0.8355021693716856,0.7601912260967382
2023-07-06,278.09,279.97,272.88,276.54,120707419,279.66200000000003,274.27942046263513,297.7606477088446,261.56335229115547,279.66200000000003,254.12,299.29,49.634713305291136,42.96361892111283,286.65355000000005,272.67045,-0.21861777150916045,114807252.75993879,-40775572.4542613,25.26400000000001,-50.36528669470886,6.783426015561076,-0.30657398443895545,5.188284518828469,965931938,52.54250875304731,2.265343255617476,2.6351320676451713,-0.3697888120276951,30.862811532263844,0.3112563452079045,46.10831221114105,297.936076,-199965175.8133445,17.647043867231137,152534904.68923116,295.1454807970958,247.1535192029042,271.1495,15.065057741961033,275.38750000000005,255.82500000000002,270.595,280.18,273.0800000000001,-0.5212499999999878,0.004297181439492355,0.8235872141085699,0.7850101956461837
2023-07-05,278.82,283.85,277.6,282.48,131530862,278.784,275.77043492397416,295.1510541705647,262.4169458294353,278.784,254.12,299.29,62.78503431481073,52.46107298354365,285.7536,271.8144,0.585600000000004,123532664.24582338,-17223817.225089997,29.02000000000004,-37.21496568518928,9.335619859134965,3.0856198591349653,-3.014488772917659,1097462800,53.20515531328115,2.347809637234431,2.577667443962586,-0.22985780672815537,55.946012660450414,0.4326700891294279,48.40224433013791,297.27935448,-126097443.7141447,17.668104971383126,172797541.64461547,296.09518175724105,249.04081824275903,272.56800000000004,13.562119008800043,274.63,255.82500000000002,270.595,278.665,271.6869047619048,-0.5331249999999841,0.004218263181842899,0.8282553687364743,0.7866938571666388
2023-07-03,276.49,284.25,275.11,279.82,119685891,277.43199999999996,276.5067194832516,290.3186539058387,264.54534609416123,277.43199999999996,255.8,299.29,55.23108760634623,55.883611742149355,284.36779999999993,270.4962,0.3643326039387297,130403828.33368734,-4856592.237970054,23.076999999999998,-44.768912393653764,8.97758908521422,-0.16241091478576664,-4.608986159405462,977776909,46.040823031314474,2.3076289172989015,2.523659635171442,-0.21603071787254047,40.5413381659523,0.2518172955578104,43.7438635386361,296.6357673904,-122430917.51283215,17.363376526026503,260818467.01846164,296.77032266937897,250.24067733062103,273.5055,10.359496427850571,273.1125,255.82500000000002,271.025,275.20000000000005,269.5566666666668,-0.6631249999999866,0.004135906289290737,0.8700604769035827,0.758726529201705
2023-06-30,260.6,264.45,259.89,261.77,112620784,274.571,273.82731594084214,287.38492454411244,261.7570754558876,274.571,259.89,299.29,4.771573604060898,40.92923184173928,281.43527500000005,267.706725,0.25657894736841197,112421202.44592953,-5642392.595248327,2.0079999999999814,-95.2284263959391,-8.893309482759093,-13.453309482759096,-9.852606928851854,865156125,47.284594033186366,1.7298343318999116,2.3648943312100155,-0.6350599993101038,-75.78315024770899,0.0,45.818869948545114,296.005052042592,-142188949.79353416,16.803402666540794,65644545.676923126,297.31708153591006,249.12791846409002,273.2225,6.789297802647343,271.5475,255.82500000000002,271.025,272.07,267.06023809523816,-0.930624999999992,0.003910665731245417,0.8200116479006048,0.7878423650784848
2023-06-29,258.03,260.74,253.61,257.5,131283360,272.183,270.8587130425072,287.9235860401981,256.4424139598019,272.183,253.61,299.29,8.515761821365993,22.83947434392437,278.987575,265.378425,-0.07433380084151095,110479285.9398709,-1642815.6649158448,-4.793000000000006,-91.484238178634,-10.339792905998365,-17.46979290599836,-8.486743905039447,733872765,38.41061040652321,1.1315768302122646,2.1182305286015235,-0.9866536983892589,-100.66387789081686,0.0,47.344302741254886,294.5604499608883,-130220621.04178141,16.816121187023118,-288030666.4984614,296.48135245911453,249.0696475408855,272.7755,4.079268882178892,271.90999999999997,255.82500000000002,274.89,268.93,264.2990476190476,-0.4549999999999912,0.0035614429339420554,0.7374949265846967,0.8719117822609529
2023-06-28,249.7,259.88,248.89,256.24,159770797,270.017,268.2007652165968,288.05465456544215,251.97934543455784,270.017,248.89,295.26,15.850765581194787,9.712700335540555,276.767425,263.266575,0.5950864422202016,130501568.91565049,17303934.851780623,-7.989500000000021,-84.14923441880522,-9.07967263989201,-20.06967263989202,-7.794170564951411,574101968,29.381433382041465,0.6104932004940694,1.8166827672228487,-1.2061895667287792,-109.51421708223134,0.0,52.4702951161423,292.103422963235,-76285256.44942424,17.198813586740254,-321505697.8261535,296.4215598361588,249.18244016384122,272.802,0.6171287122457404,270.33000000000004,255.82500000000002,274.09000000000003,266.57,260.37428571428575,0.22000000000000597,0.003129504296751189,0.6454193049106519,1.050654284508232
2023-06-27,243.24,250.3899,240.85,250.21,164968214,267.83900000000006,264.9297169953973,289.67720189993264,246.00079810006744,267.83900000000006,240.85,292.23,18.21720513818608,14.194577513582283,274.53497500000003,261.1430250000001,0.730615624901727,155888661.77357164,73991908.53870404,-15.647499999999951,-81.78279486181391,-15.891085693606726,-25.430985693606743,-8.007647339975735,409133754,21.846124553598997,0.013720192113345346,1.4560899692662381,-1.4423697771528927,-135.70796478573376,0.0,60.746771220398145,288.6463491261762,82461135.16279382,18.126327200840638,-368068185.14461523,296.0725818443509,248.11741815564918,272.095,-2.904517701611299,266.31,255.82500000000002,270.07,262.55,255.01428571428573,1.9487500000000075,0.002611059094474905,0.5900991367682769,1.0459266253034802
2023-06-26,250.065,258.37,240.7,241.05,179990552,264.96500000000003,260.58795026896144,292.4870012999702,237.44299870002988,264.96500000000003,240.7,285.3,0.7847533632287502,11.617574694203201,271.589125,258.34087500000004,-0.5101867572156185,158378895.20250988,35454997.23551567,-26.297499999999957,-99.21524663677125,-4.306371983900988,-21.976371983901004,-10.65272990103414,229143202,21.549477705635596,-0.7342928049480367,1.0180131394381005,-1.752305944386137,-120.2776297876401,0.0,48.8183660450829,283.86671421355857,-90399061.0703693,18.065964213439926,-411772195.553846,295.42920275213334,246.33779724786672,270.8835,-6.034903154075904,266.235,255.82500000000002,269.995,262.475,249.80190476190478,1.3218750000000092,0.001985144222493,0.632602766039186,0.9802144960942505
2023-06-23,259.29,262.45,252.8,256.6,177460803,263.66400000000004,259.86286840187756,291.43894826477845,235.8890517352216,263.66400000000004,240.7,284.25,36.50975889781867,18.503905799744498,270.2556000000001,257.0724,-0.27875647668393827,191438448.64654636,4471617.660692185,-11.751999999999953,-63.49024110218133,0.6417197955174743,-9.008280204482503,-4.825488668817918,406604005,30.442817752693614,-0.8469385785038369,0.6450226085457523,-1.4919611870495892,-64.80980482189126,0.3908681388475022,45.91477780343387,278.68670850793154,-128097988.13254473,17.57641576598752,-169337813.9776918,295.7189176145266,244.80208238547334,270.2605,-7.686661426703014,266.235,255.82500000000002,269.995,262.475,246.8733333333333,1.1793750000000038,0.0014263534317016924,0.7266827716959211,0.8729735184392394
2023-06-22,250.77,265.0,248.25,264.61,166875944,262.68199999999996,260.7259832378998,289.44102638986215,235.92297361013775,262.68199999999996,240.7,284.25,54.902411021814046,30.73230776095382,269.24904999999995,256.11494999999996,0.8262686567164181,182669985.81932968,42014359.22718333,-4.650000000000034,-45.09758897818595,2.7914588398783167,-13.958541160121683,-3.578325984768427,573479949,38.40847699916534,-0.6830049748554765,0.3794169851625614,-1.062421960018038,-54.28991658602186,0.571886969804388,53.727341548983176,274.12830348697975,31007016.385664493,17.49291007806488,-23022532.983076792,296.3504967338003,244.6295032661997,270.49,-9.282007112079746,266.235,255.82500000000002,269.995,262.475,247.3228571428571,2.451875000000001,0.000992616777213677,0.7545427189048858,0.839272480528676
2023-06-21,275.13,276.99,257.78,259.46,211797109,260.974,260.4958044673726,285.9207596648901,236.02724033510984,260.974,240.7,284.25,43.076923076923045,44.82969766551859,267.49835,254.44965,-0.8157209786569488,162753820.45459354,-2049574.722569108,-10.82850000000002,-56.92307692307695,15.174120417584902,-4.035879582415134,-6.176321689448196,361682840,36.226033141298245,-0.7028412527980799,0.1629652680055334,-0.8658065208036132,-26.969077160708476,0.5804476560143231,46.91461306169492,240.7,-143744892.91417927,16.255502470581124,-91362219.42538513,296.8064718971103,243.82952810288975,270.31800000000004,-11.38464693040236,266.235,255.82500000000002,269.995,262.475,249.52999999999994,0.07687500000000114,0.0006208314772944678,0.8268855967078192,0.7762408779149519
2023-06-20,261.5,274.75,261.12,274.45,165611217,260.171,263.03293092785026,282.4112367093721,237.9307632906279,260.171,240.7,284.25,77.49712973593569,58.49215461155759,266.675275,253.66672499999999,0.9501100513572995,221365104.61716643,30485403.171474583,3.3004999999999995,-22.502870264064313,11.129195480727958,-2.5008045192720374,-2.842679127725867,527294057,43.08509864944657,-0.2569860595421667,0.07897498090124336,-0.33596104044341,4.800395985205562,0.8013104510441706,52.01034264158439,241.42579999999998,14576028.39983368,15.10648112077478,101253835.63076888,296.1705483022548,242.78445169774523,269.4775,-12.680638171168232,264.42,255.82500000000002,269.995,258.845,252.64190476190473,1.5493750000000048,0.00041561451759826185,0.8707268653605673,0.7669336181742393
2023-06-16,258.92,263.6,257.2091,260.54,167915649,258.24300000000005,262.5796707591502,275.7522916285426,240.7337083714575,258.24300000000005,240.7,284.25,45.55683122847308,55.3769613471106,264.69907500000005,251.78692500000005,0.25348542458808515,157100717.17274553,43288476.47718693,-12.02800000000002,-54.44316877152693,0.41932098626551806,-5.971579013734527,-6.890143663783851,359378408,42.20485448240955,-0.3250362697177674,-0.0018272858426210542,-0.32320898387514635,-40.765461612023955,0.6551570936729394,51.24401986466838,242.137084,21693703.424338274,14.381090208313191,-120638802.54384603,294.91998588714205,240.75501411285794,267.8375,-13.800876767397465,264.42,255.82500000000002,269.995,258.845,256.2197619047619,1.818125000000002,0.0002271255252533323,0.8053226349986204,0.8078177948764087
2023-06-15,248.4,258.95,247.29,255.9,160171238,257.656,261.3651851665774,275.0328510125146,240.2791489874854,257.656,240.7,284.25,34.90241102181404,52.6521239954076,264.0974,251.21460000000002,0.6432246998284736,165063132.90143546,68892438.43957096,-17.605499999999978,-65.09758897818597,-3.190560592361976,-14.850560592361973,-2.242426557665117,199207170,35.97079136688261,-0.5152868955691927,-0.10451922468594073,-0.410767670883252,-71.78987812481117,0.56794648825481,51.64801873072581,242.83414231999998,98070382.95092535,14.539267218909687,-197399356.2676925,293.1668615927849,239.06013840721505,266.1135,-14.32200671750268,264.42,255.82500000000002,269.995,258.845,259.9390476190476,1.9381249999999994,2.3260693755580524e-05,0.7267887832717792,0.8625390992596854
2023-06-14,260.17,261.57,250.5,256.79,170575536,257.58500000000004,260.5333333181088,274.9704837276523,240.19951627234772,257.58500000000004,240.7,284.25,36.94603903559134,39.13509376195948,264.024625,251.14537500000003,-0.3053297199638661,160764486.24947247,80507064.39895146,-16.432500000000005,-63.05396096440867,0.19381869887359926,-10.876181301126394,-0.2757281553397979,369782706,37.11766358644835,-0.6321791072520385,-0.21005121509142996,-0.42212789216060853,-52.674954425416566,0.5530671589596408,57.76311336910798,243.51725947359998,121337687.31948978,14.405688839132742,-245820978.82461533,291.69169351314565,238.07630648685426,264.88399999999996,-13.888721776689417,264.42,255.82500000000002,269.995,258.845,261.9816666666666,0.6443750000000001,-0.0001756848756799911,0.7523674697696119,0.8483236514236379
2023-06-13,253.51,259.68,251.34,258.71,162384343,257.832,260.20181816936173,275.20273349695515,240.4612665030448,257.832,240.7,284.25,41.354764638346694,37.73440489858402,264.2778,251.3862,0.6235011990407657,171789671.8252268,117588772.58382532,-14.065500000000043,-58.6452353616533,-1.3152924953639626,-9.655292495363966,0.9639400561973035,532167049,37.62129604632506,-0.6584914586376668,-0.2997392732459322,-0.3587521853917346,-45.62984619145446,0.5499794965255834,61.20566759947094,244.186714284128,245949173.55450073,14.281651772197007,-197348485.8538464,290.2258088374884,237.62319116251155,263.92449999999997,-12.587391144946508,264.42,255.82500000000002,269.995,258.845,261.0342857142857,2.421249999999997,-0.00034839239267165685,0.7397838109923474,0.882598271410272
2023-06-12,247.94,250.97,244.59,249.83,150740523,257.794,258.3160330476596,275.24033727876605,240.34766272123392,257.794,240.7,276.99,25.15844585285208,34.486416508930034,264.23884999999996,251.34914999999998,0.29623824451410913,157210303.17069307,152891211.48028606,-22.97200000000001,-74.84155414714792,-8.43023002500101,-14.810230025001005,-0.1518724271611828,381426526,37.36623976374472,-0.9433840451040623,-0.42846823846295207,-0.5149158066411101,-87.40338160274756,0.5549927391844148,58.1285318392039,276.99,342820042.5670405,14.736752130194313,-143946231.47230744,289.214743395614,236.41825660438602,262.8165,-11.44259858969566,265.39250000000004,255.82500000000002,269.995,260.79,256.0885714285714,2.9937499999999986,-0.000560983007469279,0.6920654046316552,0.8919591841230512
2023-06-09,249.07,252.42,242.02,244.4,200242371,258.129,255.78584522081238,274.2225941707672,242.03540582923284,258.129,240.7,276.99,10.195646183521673,25.56961889157348,264.582225,251.67577500000002,-0.44903846153846133,146388299.18968898,118881609.09936279,-27.69500000000002,-89.80435381647833,-4.837316201401137,-15.237316201401114,1.3897531632441378,181184155,36.145061188948176,-1.3255335494008016,-0.6078813127429392,-0.7176522366578624,-90.02103331531592,0.6863288190020318,62.586362849564054,276.342,234227064.44780976,15.364122255415804,-184464395.11307696,287.6653312258333,235.42866877416674,261.547,-9.50201287166728,263.7425,255.82500000000002,267.98,259.505,249.16476190476192,0.6799999999999997,-0.0008303351559705311,0.7109602576062235,0.8572863731546778
2023-06-08,224.22,235.23,223.01,234.86,164489739,255.95499999999998,251.98114608975555,277.8091046233633,234.1008953766367,255.95499999999998,223.01,276.99,21.952575027788104,19.102222354720613,262.35387499999996,249.55612499999998,0.8707037643207869,193821617.68551555,143329422.8170783,-36.02350000000001,-78.0474249722119,-18.82766911573367,-31.04766911573367,-8.472330475448171,16694416,35.89477001861583,-1.9116279832799745,-0.868630660909923,-1.0429973223700515,-147.57547088504796,0.6276580207296804,63.76735646869577,274.96912,388755886.3561574,17.167578521936054,-289689080.17769235,286.7609146645416,232.85808533545833,259.80949999999996,-9.268470989724142,253.81,255.82500000000002,257.62,250.0,240.65547619047618,3.9687500000000036,-0.0011953595228885163,0.6946504861632982,0.8912992227692792
2023-06-07,228.0,230.8296,223.2,224.57,185710777,251.95100000000002,246.99730134616362,280.42627808858504,223.47572191141504,251.95100000000002,223.01,276.99,2.889959244164509,11.679393485158089,258.249775,245.65222500000002,-0.4495648526790398,156353130.40198416,102431839.65186259,-45.690499999999986,-97.1100407558355,-19.015510553848202,-26.645110553848212,-15.131703261403581,-169016361,35.82047497492793,-2.6843659061483556,-1.2317777256222904,-1.4525881805260652,-144.59796653654357,0.5396946705448296,60.73815778070432,271.8515728,269738976.5287485,18.842216483704856,-360166431.3246157,284.08634393131456,230.54665606868548,257.3165,-11.088985317894227,251.51749999999998,255.82500000000002,254.155,248.88,232.2042857142857,1.9212500000000041,-0.0016833604015623175,0.6997362334055258,0.889342337892372
2023-06-06,216.14,221.91,212.53,221.31,146911576,248.13600000000002,242.32688291958843,281.8757677657823,214.39623223421773,248.13600000000002,212.53,276.99,13.62085013962147,12.821128137191357,254.3394,241.93260000000004,0.5511727078891278,183578115.74622613,117153493.4448643,-49.18000000000001,-86.37914986037853,-23.85863765375774,-33.238637653757735,-14.703615200801657,-315927937,36.33502277189888,-3.3797508705097234,-1.6613723694245432,-1.7183785010851802,-149.8792340697975,0.5651645872175665,62.14036649291943,268.921078432,397855894.6183009,20.935990061555657,-270183222.20461565,281.19035173474884,227.9196482652512,254.555,-12.874212601729079,243.2275,255.82500000000002,248.39,238.065,223.1788095238095,2.3650000000000055,-0.002255214029496614,0.7099073587350577,0.9000600006957984
2023-06-05,217.8,221.29,214.52,217.61,151143052,242.452,237.83290420693598,275.6361217719833,209.26787822801668,242.452,212.53,276.99,7.880856345020186,8.130555242935385,248.5133,236.3907,-0.028064992614475367,144384671.24016088,108334580.6698586,-52.70800000000003,-92.11914365497982,-20.455950995719206,-27.225950995719188,-20.710511932956816,-467070989,37.040706165228606,-4.0230620543946,-2.1337103194583813,-1.889351734936219,-134.7317797791257,0.23586245200446893,63.370432119363194,264.40979215744,384683900.4262778,22.880208383845687,-525471282.1315387,277.29408414801134,225.3289158519886,251.31149999999997,-15.556740519642233,242.72,255.91000000000003,248.39,237.05,214.08928571428567,1.4037500000000058,-0.0028839453730085756,0.7046989985971415,0.9377213171692109
2023-06-02,210.15,217.25,209.752,213.97,164398372,237.795,233.49419435112944,272.7224832887933,202.8675167112067,237.795,209.752,276.99,6.2732383473630815,9.258314944001574,243.73987499999998,231.850125,0.5094691917844756,148393132.07867286,101422047.99407035,-55.50750000000002,-93.72676165263691,-20.527937589444207,-28.025937589444197,-17.87441467720888,-631469361,29.851447738019587,-4.61899178971929,-2.630766624488344,-1.9882251652309462,-134.03085367082622,0.0,61.24713328298872,260.2594087848448,405250141.14860356,24.91424960633472,-674324081.0176927,273.48825494061083,222.5497450593892,248.019,-18.30865720568344,241.33100000000002,254.52100000000002,247.001,235.661,205.64095238095237,2.3037500000000044,-0.0035481133946841112,0.6535851299479152,1.0383994511590324
2023-06-01,202.59,209.8,199.37,207.52,148029931,232.95700000000002,228.771613560015,270.0728104077262,195.84118959227385,232.95700000000002,199.37,276.99,10.49987116722495,8.2179886198694,238.78092500000002,227.13307500000002,0.4726749760306811,159936096.65789598,115882110.72311312,-60.31749999999997,-89.50012883277505,-23.6553560220581,-34.08535602205811,-18.905822586948023,-779499292,22.908189196630573,-5.269478545935689,-3.158509018102214,-2.110969527833475,-138.16420534413658,0.0,60.77868855265099,255.20866790636035,488561329.5445767,27.242511802779376,-663865461.294615,270.96229219358025,219.65070780641975,245.3065,-20.97112328559187,235.66750000000002,249.33,241.81,229.525,198.9740476190476,2.2700000000000067,-0.004252266319307011,0.5949424557279348,1.0706628709437847
2023-05-31,199.78,203.95,195.12,203.93,149356274,227.671,224.25495654910316,264.7576821858685,190.5843178141315,227.671,195.12,274.75,11.063669471304788,9.278926328630934,233.362775,221.97922499999999,0.46998867497168895,145446136.55291057,158570024.13785154,-62.18349999999998,-88.93633052869521,-25.28743208182584,-34.117432081825825,-20.584913742746995,-928855566,24.009426038665694,-5.864287497579716,-3.699664721646829,-2.1646227759328873,-129.9059795658282,0.009910893394173037,70.78080630138926,248.50802775759712,637241017.9318933,29.564778864083873,-896073243.3323076,268.24100258390126,217.01499741609874,242.628,-24.237783270813047,231.7275,247.205,239.685,223.76999999999998,193.59095238095236,2.5525000000000055,-0.004976076704221486,0.48098061251727847,1.1542633589668168
2023-05-30,200.1,204.48,197.53,201.16,128818746,221.916,220.0558735401753,255.26874661353597,188.56325338646403,221.916,195.12,263.6,8.820093457943912,10.127878032157879,227.4639,216.3681,0.15251798561151136,147606517.09115872,163446035.81872094,-63.72399999999996,-91.17990654205609,-20.74635736540654,-27.696357365406527,-22.244984731939233,-1057674312,16.32223809522651,-6.382454982323585,-4.236222779849482,-2.1462322024741036,-112.42953117345537,0.0,65.26769538408516,241.03370387153353,642986890.0556344,31.64079389482484,-743851800.9346159,264.90135245470617,214.84664754529376,239.87399999999997,-28.280091450463992,231.7275,247.205,239.685,223.76999999999998,188.93214285714282,3.2687500000000043,-0.005698302532019698,0.45957412129875336,1.1553136092140273
2023-05-26,184.62,198.6,184.53,193.17,162061496,216.25,215.16753289650705,247.7249876003871,184.7750123996129,216.25,184.53,261.57,11.21495327102802,10.366238733425568,221.65625,210.84375,0.607675906183368,122381723.96261682,162346337.63658476,-70.75449999999998,-88.78504672897198,-22.04686502919415,-36.116865029194145,-22.679422006964746,-1219735808,16.725156336606815,-7.023653223206377,-4.793708873564023,-2.229944349642354,-119.06275453440445,0.007571396592166224,68.15440831061404,234.60578532951882,679960408.3328197,34.03209133058069,-786288478.5284617,262.46098483197085,211.5830151680291,237.022,-32.07729678950365,222.135,241.91000000000003,234.39,209.88,184.19142857142856,3.0075000000000003,-0.006443550940728989,0.4528322726241506,1.1739101362404325
2023-05-25,186.54,186.78,180.58,184.47,96870719,210.257,209.5861632789603,240.71574302506184,179.79825697493817,210.257,180.58,261.57,4.803062106432877,8.279369611801599,215.513425,205.000575,-0.333870967741935,157698627.77356732,154992468.98137093,-78.34650000000002,-95.19693789356712,-28.698729156469795,-34.898729156469784,-24.521276595744684,-1316606527,17.509667982014633,-7.79349704456483,-5.393666512106082,-2.3998305324587488,-120.5412895778867,0.0022764703499905414,65.62899011018165,226.59365967679582,704646817.3683034,36.37423025941616,-862795207.9392312,259.61903559037233,208.76696440962766,234.19299999999998,-36.58903596620501,219.05990000000003,239.935,232.41500000000002,205.7048,179.88809523809525,3.177500000000002,-0.007233026157636655,0.4576751099869334,1.1888035099917282
2023-05-24,182.23,184.22,178.22,182.9,137605054,205.061,204.7341335918766,234.57948754029854,175.54251245970147,205.061,178.22,259.68,5.7451509943530645,7.25438879060465,210.187525,199.93447500000002,0.11166666666666931,95699580.41497263,162412561.53828335,-78.64700000000002,-94.25484900564693,-26.60461549921314,-32.60461549921314,-22.123818445031084,-1454211581,8.885190543700176,-8.403184572670199,-5.995570127703688,-2.4076144449665104,-109.86703816145234,0.0,68.13315902013996,218.3112009349726,781705647.6083038,38.621256193433275,-903396582.8115382,255.2877338108537,205.72826618914627,230.50799999999998,-40.84683457968647,213.835,238.755,227.60500000000002,200.065,177.06785714285715,2.615000000000002,-0.008024892641063939,0.4056191287387819,1.2248490908417582
2023-05-23,186.2,192.96,185.26,185.77,156952130,201.18099999999998,201.2861093024445,229.47717241489443,172.88482758510554,201.18099999999998,178.22,252.42,10.175202156334247,6.907805085706724,206.210525,196.15147499999998,-0.055844155844152914,140067889.50082013,107359299.71671128,-74.03949999999995,-89.82479784366576,-14.285378456605514,-21.98537845660553,-17.277463597096666,-1297259451,6.459981545616728,-8.707700860829084,-6.537996276841114,-2.1697045839879694,-85.7885539049299,0.030309281888835773,62.68183168732041,210.29296074797807,645544578.9849279,39.4092473204999,-765779009.1700001,251.112747120311,202.01925287968893,226.56599999999997,-43.27219203853154,213.68,238.755,227.60500000000002,199.755,175.0583333333333,2.5850000000000044,-0.00875547642275303,0.43531495437833595,1.1558563070270798
2023-05-22,180.7,189.32,180.11,188.87,132001430,197.93699999999998,199.0286348838182,223.2586096557004,172.61539034429956,197.93699999999998,178.22,252.42,14.35309973045823,10.091150960381842,202.885425,192.98857499999997,0.8870792616720993,159154877.6610863,112973749.81370282,-68.44650000000001,-85.64690026954177,-15.300320457975374,-24.510320457975354,-14.658171795219374,-1165258021,12.181935369705997,-8.749410733518875,-6.980279169815478,-1.7691315637033975,-81.76889527588925,0.1472023461748437,64.63913017174225,203.87836859838245,764646846.4442116,40.372244567859624,-650662047.0523077,247.27690976429545,198.79609023570453,223.0365,-44.51055576540083,212.67000000000002,238.755,227.60500000000002,197.735,173.06666666666663,3.1287500000000072,-0.00938030235101821,0.47200493615735245,1.1774850781977986
2023-05-19,177.17,181.95,176.31,180.14,136196668,194.19,195.5943376322149,217.5896201298725,170.7903798701275,194.19,176.31,235.23,6.500339443312941,10.342880443368468,199.04475,189.33525,0.5265957446808521,125706110.93588181,120521029.24897754,-74.41500000000002,-93.49966055668705,-19.173127329510805,-24.81312732951079,-17.218877808924233,-1301454689,12.905091959433307,-9.040317631770185,-7.392286863427725,-1.6480307683424593,-89.13763465542172,0.14583229154835362,62.84332854656076,198.74669487870597,813426504.1321546,41.430063704332234,-621413185.6353849,242.6053892760807,194.0366107239193,218.321,-46.41476072482814,209.85250000000002,237.8,226.65,193.055,170.76809523809524,2.8837500000000063,-0.009964535881808371,0.4284642333590078,1.186905856337118
2023-05-18,174.22,177.06,172.45,176.89,109520332,190.482,192.19354897181216,211.59038653763804,169.37361346236196,190.482,172.45,230.8296,7.60539640559373,9.486278526454962,195.24405,185.71995,0.5791757049891496,134220754.38281336,144929384.714635,-74.42149999999998,-92.39460359440626,-20.601248185647393,-25.211248185647406,-17.32953217740805,-1410975021,13.510841383929844,-9.318896329545847,-7.77760875756511,-1.541287571980737,-89.89143756960881,0.16633233268929382,64.75907166426589,194.25935590296478,914869414.68313,42.573997725908626,-501796045.9176923,237.97766981227664,190.29933018772329,214.13849999999996,-46.8892565391785,206.59249999999997,235.87,224.72,188.46499999999997,168.80023809523811,2.698750000000004,-0.010511212076007383,0.42730976046928426,1.1621286187605233
2023-05-17,168.41,174.5,167.185,173.86,125473558,187.116,188.86017643148267,206.83870930228258,167.39329069771745,187.116,167.185,221.91,12.197350388305184,8.767695412403947,191.7939,182.43810000000002,0.7450444292549582,107371059.11436488,174676713.21069777,-74.15899999999999,-87.80264961169482,-19.761066664993393,-27.07606666499339,-16.220123361603697,-1536448579,14.238219534463951,-9.578585952017105,-8.137804197138848,-1.440781754878257,-89.6326862166633,0.19345154368180595,69.24004919030844,189.89748472237181,1018387244.1472453,43.84614021245438,-494200133.83923066,233.65421132166284,186.4187886783372,210.03650000000002,-46.8293925833609,203.95999999999998,233.2375,222.0875,185.83249999999998,167.40785714285713,3.247500000000006,-0.01102169792237068,0.39335870036399134,1.1629334012233974
2023-05-16,165.65,169.5184,164.35,166.52,98288792,183.375,184.7983261712131,203.11498367668224,163.63501632331776,183.375,164.35,221.29,3.8110291534949354,7.871258649131278,187.959375,178.790625,0.1683306245646624,121324013.92269643,165953770.33505785,-78.78649999999999,-96.18897084650507,-20.779653936130785,-25.948053936130805,-18.34452998577943,-1634737371,14.852972695483672,-10.002015563286875,-8.51064647093432,-1.4913690923525547,-93.78550009838371,0.17748471117024345,66.7786869457727,185.35498777789746,1002633348.3007941,45.13637304144618,-506677860.0607693,228.9108257555797,182.13517424442028,205.523,-47.10973284330642,201.0725,231.82,220.67000000000002,181.475,166.0478571428571,2.2875000000000085,-0.011533045690623776,0.4076342933971973,1.12646793134598
2023-05-15,167.655,169.76,164.5499,166.35,105592510,179.89399999999998,181.44408504917433,197.89549919682977,161.89250080317018,179.89399999999998,164.35,217.25,3.780718336483931,6.596365959428012,184.39135,175.39664999999997,-0.2504750388668185,98180992.7764833,136917058.4556558,-76.27799999999999,-96.21928166351607,-17.116901002082216,-22.3270010020822,-17.304633127858423,-1740329881,15.504501257561401,-10.259565031194178,-8.860430183410989,-1.3991348477831895,-88.01371745011932,0.28000185877127526,64.23587111662059,181.15399022231796,970005686.2887403,46.293721890525184,-462027141.0315384,223.64444446780075,178.1655555321993,200.90500000000003,-46.47131892077924,199.66250000000002,231.82,220.67000000000002,178.655,164.33761904761903,2.383125000000007,-0.012012380395903868,0.38847327384825836,1.1219233963848692
2023-05-12,176.07,177.38,167.23,167.98,157849625,177.375,178.99606958568808,194.12623942346823,160.62376057653177,177.375,164.35,209.8,7.986798679867974,5.1928487232822755,181.809375,172.940625,-0.7970443349753693,107139218.07784791,69788913.90175676,-71.89399999999998,-92.01320132013201,-6.797342111933773,-16.94734211193378,-13.040327172956461,-1582480256,23.794381750569187,-10.301725913030666,-9.14868932961492,-1.153036583415746,-72.8158302247341,0.5831661339088193,61.08302814463999,177.79319217785437,835483592.0769176,46.13728115902855,-368789606.90076935,219.5179722444107,174.1070277555893,196.8125,-45.150997081265594,199.10250000000002,231.82,219.55,178.655,162.72095238095238,1.2881250000000044,-0.012422327626900799,0.44988714991021145,1.0348931508063641
2023-05-11,168.7,173.57,166.79,172.08,103889930,176.13600000000002,177.73860238829022,192.38005313406597,159.89194686593407,176.13600000000002,164.35,204.48,19.262397209070567,10.343304741807486,180.53940000000003,171.73260000000002,0.4985250737463161,160385335.87629482,54509851.649921775,-64.94199999999998,-80.73760279092943,-8.879149501432067,-15.659149501432069,-6.716539274678802,-1478590326,30.126507881049008,-10.05941023246802,-9.330833510327077,-0.7285767221409429,-69.8710515550054,1.0,58.08115231200825,177.38,893710986.4721985,46.0183630320568,-294779011.7730769,215.44469863219015,170.94830136780988,193.19650000000001,-42.54306498313037,196.315,231.82,213.97500000000002,178.655,161.72857142857148,1.7643750000000047,-0.012717427314169695,0.5217166233083481,1.0407717072877856
2023-05-10,172.55,174.43,166.68,168.54,119840693,174.7,176.06612922678292,190.8249620154634,158.57503798453658,174.7,164.35,204.48,10.441066533765259,12.563420807567928,179.0675,170.33249999999998,-0.5174193548387122,101424587.98919106,23475697.784267068,-65.65299999999999,-89.55893346623475,-6.032127276608151,-13.78212727660815,-7.851284855112091,-1598431019,31.041110234327945,-9.921074435655067,-9.44888169546606,-0.4721927401890067,-68.09711043948472,1.0,52.94978978529728,177.38,831393826.112198,45.76655771719248,-299964252.2961539,211.79128870058065,167.96971129941937,189.8805,-39.74820432360282,194.89749999999998,231.82,212.95999999999998,176.83499999999998,161.80333333333334,0.24187500000000028,-0.012933841171303912,0.5633006910739504,1.0184074145102033
2023-05-09,168.95,169.82,166.56,169.15,88965043,173.03799999999998,174.80865118554965,187.42422118556985,158.65177881443012,173.03799999999998,164.35,198.6,14.01459854014602,14.57268742766061,177.36395,168.71204999999998,0.06134969325153915,120162685.8576599,25317395.37416482,-61.357999999999976,-85.98540145985399,-9.026108489515195,-12.286108489515186,-8.946546805189215,-1509465976,37.020631145007506,-9.686129745410788,-9.496331305478602,-0.18979843993218637,-68.40691261447593,1.0,51.48808781238893,174.774,883790415.8545299,45.54117769978903,-196184250.04461524,208.2507492655516,165.9682507344484,187.1095,-37.18169745339905,193.05499999999998,231.82,212.95999999999998,173.14999999999998,162.82047619047617,-0.10437499999999744,-0.013063687713863134,0.5310051616133181,1.0590197223693048
2023-05-08,173.72,173.8,169.19,171.79,112249449,171.33,174.25980551544973,180.45627951456228,162.20372048543774,171.33,164.35,192.96,26.004893393918188,16.82018615594315,175.61325000000002,167.04675,-0.4186550976138831,90716970.55164054,28340229.830083847,-54.77599999999998,-73.99510660608182,-4.0380926676958495,-8.648092667695863,-9.043257266903169,-1397216527,45.0267867474722,-9.284457869869136,-9.45395661833985,0.16949874847071378,-52.009732462176586,1.0,47.53166002659678,164.35,898156397.3968285,44.635483158850015,-108560111.53230776,205.18268680227402,164.08431319772598,184.6335,-35.011274033436536,191.44,231.82,212.015,170.865,163.83880952380952,-0.6793749999999967,-0.013086079909042227,0.6387977817747353,1.0019646449919188
2023-05-05,163.97,170.7899,163.51,170.06,107607259,170.322,173.4962045126407,177.0297520659249,163.6142479340751,170.322,163.51,192.96,22.24108658743636,20.753526173833517,174.58005,166.06395,0.8365499526092398,111165797.11065836,54373431.855795026,-52.97649999999999,-77.75891341256364,-5.9370362668258,-13.216936266825797,-5.595647829465963,-1504823786,44.985343546761335,-8.947236320230077,-9.352612558685639,0.4053762384555615,-62.83115758477228,1.0,52.717465712251666,173.8,984185739.5726693,44.25045929361676,-106261697.93923081,202.60572746216033,161.90627253783967,182.256,-32.2987712711658,189.20499999999998,231.4,207.96499999999997,170.445,164.44238095238094,-0.5993749999999984,-0.013028195771689578,0.6575848339945206,0.9714895962395856
