Unnamed: 0,v,vw,o,c,h,l,t,n,SMA_10,EMA_10,Price_RoC,RSI,MACD,Bollinger_High,Bollinger_Low,Bollinger_Mid
0,75833962.0,143.74,143.93,143.43,144.6,142.78,1632196800000,578041,,,,,,,,
1,76404341.0,145.4092,144.45,145.85,146.43,143.7001,1632283200000,548480,,,,,,,,
2,64727170.0,146.6924,146.65,146.83,147.08,145.64,1632369600000,472238,,,,,,,,
3,53475569.0,146.4928,145.66,146.92,147.4701,145.56,1632456000000,400154,,,,,,,,
4,74150726.0,145.1074,145.47,145.37,145.96,143.82,1632715200000,529650,,,,,,,,
5,108955840.0,142.6723,143.25,141.91,144.75,141.69,1632801600000,823805,,,,,,,,
6,73592044.0,143.3984,142.47,142.83,144.45,142.03,1632888000000,528983,,,,,,,,
7,90816408.0,142.4016,143.66,141.5,144.378,141.28,1632974400000,660868,,,,,,,,
8,94606681.0,141.1056,141.9,142.65,142.92,139.1101,1633060800000,730084,,,,,,,,
9,98322008.0,139.2908,141.76,139.14,142.21,138.27,1633320000000,828320,143.643,,,29.573966773472605,,,,
10,80861062.0,140.9927,139.49,141.11,142.24,139.36,1633406400000,562855,143.411,,-1.6175137697831645,41.22981813560373,,,,
11,82821118.0,140.3828,139.47,142.0,142.15,138.37,1633492800000,610961,143.026,,-2.6396983201919744,45.73786978887124,,,,
12,61732655.0,143.6657,143.06,143.29,144.215,142.72,1633579200000,450794,142.67199999999997,,-2.4109514404413406,51.70409143884796,,,,
13,59892052.0,143.1747,144.03,142.9,144.1781,142.56,1633665600000,423540,142.27,,-2.736182956711123,49.86243582102832,,,,
14,63952219.0,143.6675,142.27,142.81,144.81,141.81,1633924800000,399220,142.01399999999998,,-1.7610235949645745,49.41115805506543,,,,
15,73035859.0,141.8587,143.23,141.51,143.25,141.0401,1634011200000,526042,141.974,,-0.2818687900782226,43.144270403261935,,,,
16,78762121.0,140.3071,141.235,140.91,141.4,139.2,1634097600000,600890,141.78199999999998,,-1.3442554085276313,40.50946370539048,,,,
17,69891600.0,143.2173,142.11,143.76,143.88,141.51,1634184000000,447186,142.00799999999998,,1.5971731448763187,55.01021862528635,,,,
18,67642684.0,144.3214,143.77,144.84,144.895,143.51,1634270400000,429707,142.227,,1.535226077812827,59.19779506206254,,,,
19,85389174.0,145.4235,143.445,146.55,146.84,143.16,1634529600000,544217,142.968,,5.325571366968539,64.93899953613499,,147.5111698634106,139.0998301365894,143.3055
20,76378894.0,148.329,147.01,148.76,149.17,146.55,1634616000000,532883,143.733,143.7722595531883,5.421302529941164,70.83248780887354,,148.40426489340146,138.73973510659854,143.572
21,58418788.0,149.0905,148.7,149.26,149.7539,148.12,1634702400000,437977,144.459,144.271145048353,5.112676056338022,72.01500790223004,,149.09668667959946,138.38831332040056,143.7425
22,61345990.0,149.0317,148.81,149.48,149.64,147.87,1634788800000,418119,145.078,144.74467731668454,4.319910670667875,72.55890991688975,,149.6433914568968,138.1066085431032,143.875
23,58855143.0,149.2955,149.69,148.69,150.18,148.64,1634875200000,437719,145.65699999999998,145.10334301516778,4.051784464660596,67.3372034375906,,149.96562054194186,137.96137945805816,143.9635
24,50220555.0,148.5067,148.68,148.64,149.37,147.6211,1635134400000,425021,146.24,145.42485728651616,4.082347174567595,66.99813697433189,,150.4433916914644,137.81060830853562,144.127
25,60893393.0,149.5911,149.33,149.32,150.84,149.0101,1635220800000,459692,147.02100000000002,145.77896116956012,5.519044590488307,69.33168166108607,1.5709457817523287,151.1124947089926,137.8825052910074,144.4975
26,56094929.0,149.1193,149.36,148.85,149.73,148.49,1635307200000,407592,147.815,146.05814651778192,5.63480235611383,65.76067732125385,1.6045221319435825,151.62700576627134,137.9699942337287,144.79850000000002
27,100064388.0,151.5945,149.82,152.57,153.165,149.72,1635393600000,749706,148.696,146.65013319798356,6.128269337785199,76.43480264475573,1.9092953734672733,152.788818136811,137.91518186318902,145.352
28,124953168.0,148.3331,147.215,149.8,149.94,146.4128,1635480000000,863685,149.192,146.9364847254396,3.4244683789008614,60.76237730929396,1.90535081484947,153.27863594804592,138.14036405195407,145.7095
29,74588257.0,148.8099,148.985,148.96,149.7,147.8,1635739200000,529659,149.433,147.12044065949055,1.6444899351757056,56.835716331647596,1.8135384020879428,153.25804766190078,139.14295233809924,146.2005
30,69121986.0,150.3583,148.66,150.02,151.57,148.65,1635825600000,517391,149.55900000000003,147.3840369631732,0.8470018822264179,60.42186314371706,1.8054969003279382,153.48341003597133,139.8085899640287,146.64600000000002
31,54511532.0,150.9171,150.39,151.49,151.97,149.82,1635912000000,399115,149.78199999999998,147.75730633015746,1.494037250435494,64.9135724170761,1.8958860724495423,153.91942484147322,140.32157515852677,147.1205
32,60394613.0,151.3974,151.58,150.96,152.43,150.64,1635998400000,457989,149.93,148.04846030014315,0.9900990099010023,62.090652598725555,1.902819058328845,154.26054467905018,140.7474553209498,147.504
33,65163883.0,151.0887,151.89,151.28,152.2,150.06,1636084800000,424255,150.18900000000002,148.34223663649377,1.7418790772748696,63.16526580090264,1.9120934027262706,154.52306999962894,141.32293000037106,147.923
34,55020868.0,150.8187,151.41,150.44,151.57,150.16,1636347600000,416754,150.369,148.53294239681253,1.2109795479009766,58.341663743670416,1.8305608417530266,154.5508796714579,142.05812032854215,148.30450000000002
35,56787930.0,150.792,150.2,150.81,151.428,150.0601,1636434000000,455006,150.518,148.73994763346593,0.9978569515135342,59.84252141278542,1.7753366319676616,154.26266111178273,143.27633888821725,148.7695
36,65160017.0,148.6034,150.02,147.92,150.13,147.85,1636520400000,544210,150.425,148.66540693951447,-0.6247900571044722,45.58827264898801,1.4812967339082945,153.3001196155137,144.93988038448632,149.12
37,40699950.0,148.169,148.96,147.87,149.43,147.681,1636606800000,338584,149.95499999999998,148.59309721774042,-3.0805531887002613,45.3804785675003,1.2300541159540046,152.77094032019167,145.88005967980834,149.3255
38,63804006.0,149.3536,148.43,149.99,150.4,147.48,1636693200000,404421,149.974,148.720088379764,0.12683578104138699,55.035864392284466,1.1883107074034456,152.3525133146462,146.8134866853538,149.583
39,59182803.0,150.2881,150.37,150.0,151.88,149.43,1636952400000,422055,150.078,148.83644398160362,0.6981740064446778,55.07748490587009,1.1428614761184974,152.1526105523114,147.35838944768858,149.75549999999998
40,59256210.0,150.6976,149.94,151.0,151.488,149.34,1637038800000,388990,150.176,149.03313089236693,0.6532462338354817,59.26683655860849,1.174001121395321,152.27737862764968,147.45762137235033,149.8675
41,88807000.0,153.5371,150.995,153.49,155.0,150.99,1637125200000,625976,150.376,149.43830081124267,1.320219156379959,67.62100084096869,1.3836518278498602,152.93894335608292,147.2190566439171,150.079
42,137777673.0,156.3264,153.71,157.87,158.67,153.05,1637211600000,865061,151.06699999999998,150.2048189193115,4.577371489136192,76.88625661399209,1.8815416767489808,154.91930660061067,146.0776933993893,150.49849999999998
43,117264897.0,159.5736,157.65,160.55,161.02,156.5328,1637298000000,816964,151.994,151.1452899266468,6.127710206240091,80.650530602004,2.4639734195987444,157.23066370526175,144.95233629473825,151.0915
44,117427889.0,163.5891,161.68,161.02,165.7,161.0,1637557200000,890334,153.052,152.0429908424062,7.032704068067012,81.24568905479563,2.929707993972812,159.1043987685796,144.31660123142038,151.7105
45,96022899.0,160.3405,161.12,161.41,161.8,159.0601,1637643600000,712377,154.112,152.8945371294602,7.028711623897616,81.76287204253299,3.292323879947105,160.73409852656468,143.89590147343532,152.315
46,69263623.0,161.1093,160.75,161.94,162.14,159.64,1637730000000,505241,155.514,153.71685193587288,9.478096268253118,82.49191080815267,3.581184487135488,162.2050085945498,143.73399140545015,152.96949999999998
47,76940752.0,157.8439,159.565,156.81,160.45,156.36,1637902800000,666767,156.408,153.99804721442987,6.045851085412861,57.689658113151275,3.357457789210372,162.5640801888395,143.7989198111605,153.1815
48,88498217.0,160.1333,159.37,160.24,161.19,158.7901,1638162000000,663948,157.433,154.5654974676635,6.833788919261284,65.41476854353044,3.4175299456597656,163.43080440564108,143.97619559435896,153.70350000000002
49,173958056.0,163.775,159.985,165.3,165.52,159.92,1638248400000,1139625,158.96300000000002,155.54136133423955,10.200000000000008,73.38115338871921,3.829295538938851,165.2137735399411,143.8272264600589,154.5205
50,152303002.0,167.6855,167.48,164.77,170.3,164.53,1638334800000,1191148,160.34,156.3803284856723,9.11920529801325,71.46535847416087,4.0659860118619235,166.62153923740328,143.89446076259668,155.25799999999998
51,136739174.0,161.8301,158.735,163.76,164.2,157.8,1638421200000,1163153,161.36700000000002,157.0512077142475,6.690989641018946,67.72170729738443,4.124521442079526,167.6715733472299,144.07142665277016,155.87150000000003
52,117949416.0,161.8243,164.02,161.84,164.96,159.72,1638507600000,950980,161.764,157.48655246749775,2.5147273072781395,60.97504077774805,3.97021704761093,168.26277897029547,144.56822102970455,156.4155
53,107496982.0,165.8234,164.29,165.32,167.8799,164.28,1638766800000,840677,162.24099999999999,158.19868406136158,2.9710370601058744,67.49627734384626,4.081685490148544,169.32283305567717,144.91216694432285,157.1175
54,120356951.0,170.5609,169.08,171.18,171.58,168.34,1638853200000,834819,163.257,159.37880369214687,6.309775183207053,75.23815576836402,4.589967768602236,171.3946532846114,144.91434671538863,158.1545
55,116982099.0,174.0176,172.125,175.08,175.96,170.7,1638939600000,871401,164.62400000000002,160.80618517467897,8.469115915990345,78.94636923727055,5.246998411053369,174.06213161775838,144.6738683822416,159.368
56,108923738.0,175.277,174.91,174.56,176.75,173.92,1639026000000,786129,165.88600000000002,162.0565319769809,7.793009756700016,77.2328845703436,5.660489673246673,175.8250996690933,145.57490033090667,160.7
57,115402731.0,177.2721,175.205,179.45,179.63,174.69,1639112400000,855797,168.15,163.6377563427099,14.4378547286525,81.44161608360753,6.310028529116124,178.28482381509951,146.27317618490048,162.279
58,153237019.0,178.5988,181.115,175.74,182.13,175.53,1639371600000,1148448,169.7,164.73796031155445,9.672990514228657,70.46126581220219,6.451062920135001,179.55373149891838,147.57926850108166,163.56650000000002
59,139356181.0,174.4001,175.25,174.33,177.74,172.21,1639458000000,985603,170.603,165.60996391959495,5.462794918330309,66.66571304535243,6.375564931102673,180.14635523250075,149.41964476749928,164.78300000000002
60,131063257.0,176.0771,175.11,179.3,179.5,172.3108,1639544400000,937053,172.05599999999998,166.85451265417723,8.81835285549554,72.47305472360547,6.64022531085115,181.43539557798542,150.96060442201465,166.19800000000004
61,150185842.0,174.4138,179.28,172.26,181.14,170.75,1639630800000,1202731,172.906,167.34592059470657,5.190522716170006,56.87751008323382,6.210312784319598,181.40906147298054,152.86393852701949,167.1365
62,194579041.0,171.2628,169.93,171.14,173.47,169.69,1639717200000,994729,173.836,167.6908369042787,5.74641621354423,54.79324083288345,5.7133692061615875,181.51047336892526,154.08952663107476,167.8
63,107499114.0,169.2626,168.28,169.75,170.58,167.46,1639976400000,816118,174.27900000000002,167.87803354934428,2.6796515848052307,52.157606438324336,5.148033135454739,181.5783587577452,154.94164124225478,168.26
64,91167005.0,171.4815,171.555,172.99,173.2,169.12,1640062800000,651088,174.46,168.34275777213116,1.0573665147797653,57.457518865351176,4.9049005087134105,181.89448600029965,155.82251399970033,168.8585
65,92135303.0,174.3316,173.04,175.64,175.86,172.15,1640149200000,643554,174.516,169.00614342921014,0.31985378112861196,61.34867400368325,4.869911692791135,182.45463115498495,156.68536884501503,169.57
66,68356567.0,176.1477,175.85,176.28,176.8499,175.27,1640235600000,502547,174.688,169.66740311746378,0.9853345554537115,62.274610191811156,4.838055364729087,182.98813396512332,157.5858660348767,170.287
67,74901582.0,179.0573,177.085,180.33,180.42,177.07,1640581200000,630107,174.776,170.63673010678525,0.49038729451101915,67.71307030828086,5.0810390921479325,183.27965621062108,159.64634378937896,171.46300000000002
68,78894335.0,179.7048,180.16,179.29,181.33,178.53,1640667600000,631766,175.131,171.4233910061684,2.0200295891658033,65.03794086446479,5.130544415998628,183.5089926420857,161.32200735791432,172.4155
69,62348931.0,179.4557,179.33,179.38,180.63,178.14,1640754000000,491790,175.636,172.14671909651673,2.896804910227719,65.17024984249022,5.118042382935755,184.10393894789397,162.13506105210607,173.11950000000002
70,59773014.0,179.3744,179.47,178.2,180.57,178.09,1640840400000,498664,175.526,172.69701736046974,-0.6134969325153501,61.76512807771156,4.955791019334583,184.2826021655422,163.2993978344578,173.791
71,64062261.0,177.8004,178.085,177.57,179.23,177.26,1640926800000,451687,176.057,173.1400157822452,3.0825496342737737,59.90823947538558,4.721938343928116,184.01557211006974,164.94742788993028,174.4815
72,104677470.0,181.4156,177.83,182.01,182.88,177.71,1641186000000,772691,177.14399999999998,173.9463779838593,6.351525067196451,67.54805891139034,4.8390972068554845,183.62660863013633,167.35339136986363,175.48999999999998
73,99110438.0,180.5574,182.63,179.7,182.94,179.12,1641272400000,831890,178.13899999999998,174.46943453078117,5.861561119293071,60.84546814361418,4.691468427589427,183.06433339816596,169.35366660183405,176.209
74,94535602.0,177.2884,179.61,174.92,180.17,174.64,1641358800000,848513,178.332,174.5103950279829,1.1156714260939813,49.54274047133939,4.141030285114994,182.88675157435634,169.90524842564363,176.396
75,96882954.0,173.08,172.7,172.0,175.3,171.64,1641445200000,960340,177.96800000000002,174.28217729816626,-2.0724208608517345,43.9955143232743,3.429649628930008,182.99133952324294,169.49266047675704,176.242
76,86709147.0,172.4383,172.89,172.17,174.14,171.03,1641531600000,716881,177.557,174.09016118015114,-2.3315180394826487,44.39823873390209,2.8467770392815908,183.06849704866116,169.17650295133885,176.1225
77,106754551.0,170.2886,169.08,172.19,172.5,168.17,1641790800000,956337,176.743,173.91741925468284,-4.513946653357741,44.45045480773809,2.3592640184540983,182.73074515420376,168.78825484579625,175.7595
78,76138312.0,173.6337,172.32,175.08,175.18,170.82,1641877200000,649652,176.32199999999997,174.023108413348,-2.3481510402141668,51.728748285048965,2.180964483407422,182.70404763509424,168.74895236490573,175.7265
79,74805173.0,175.8343,176.12,175.53,177.18,174.82,1641963600000,642756,175.93699999999998,174.1600985575891,-2.1462816367487982,52.79872649544459,2.052314255283619,182.73556115961065,168.83743884038932,175.7865
80,84405760.0,173.9711,175.78,172.19,176.62,171.79,1642050000000,692343,175.33599999999998,173.98099868871736,-3.372615039281701,44.63873517070786,1.6616929739298314,182.35212389717228,168.5098761028277,175.43099999999998
81,80440778.0,172.3612,171.34,173.07,173.78,171.09,1642136400000,672552,174.88600000000002,173.8981806261067,-2.5342118601115056,47.035074476986125,1.406913417610724,182.32709705642108,168.6159029435789,175.4715
82,91063979.0,170.5404,171.51,169.8,172.54,169.405,1642482000000,780899,173.66500000000002,173.52561875100608,-6.708422614142069,39.90363308924771,0.9304119029149831,182.45163126030795,168.35736873969208,175.4045
83,94814990.0,168.2999,170.0,166.23,171.08,165.94,1642568400000,824022,172.318,172.8623806827328,-7.495826377295492,33.70461617999139,0.2616951959264213,182.97303168371138,167.4839683162886,175.2285
84,91420515.0,167.0706,166.98,164.51,169.68,164.18,1642654800000,795585,171.277,172.10307334793893,-5.951292019208779,31.11685716523226,-0.40241840864783285,183.81747614553643,165.79152385446355,174.8045
85,122824858.0,163.8807,164.415,162.41,166.33,162.3,1642741200000,1079476,170.31799999999998,171.22188486176265,-5.57558139534884,28.181586091501856,-1.085670738059008,184.6343547266313,163.6516452733687,174.143
86,162706686.0,158.6897,160.02,161.62,162.3,154.7,1643000400000,1632710,169.263,170.34898623796605,-6.127664517627916,27.1125600081413,-1.6716300190728077,185.17312543501976,161.64687456498024,173.41
87,115777137.0,159.4274,158.98,159.78,162.76,157.02,1643086800000,1008306,168.022,169.38816930724187,-7.207154887043381,24.688894227910097,-2.258445637883341,185.09966143642157,159.66533856357842,172.3825
88,108275307.0,161.41,163.5,159.69,164.3894,157.82,1643173200000,1017706,166.483,168.50651755203808,-8.790267306374238,24.56952807513676,-2.699643679539662,184.83982841750944,157.9651715824905,171.40249999999997
89,121954638.0,161.2969,162.45,159.22,163.84,158.28,1643259600000,1161003,164.852,167.66228868367097,-9.291858941491485,23.89906733909953,-3.052039368250007,184.30320587078492,156.48579412921507,170.3945
90,179435660.0,167.3083,165.71,170.33,170.35,162.8,1643346000000,1518049,164.666,167.90480789424635,-1.0802021023288142,55.67076678112832,-2.407083974866339,183.4415504351573,156.5604495648427,170.001
91,115522090.0,173.1568,170.16,174.78,175.0,169.51,1643605200000,933480,164.83700000000002,168.5298253584058,0.9880395215808678,62.61671269478536,-1.5193601313336558,183.040284883289,156.68271511671097,169.86149999999998
92,85595911.0,173.7061,174.01,174.61,174.84,172.31,1643691600000,735250,165.31799999999998,169.0825685076416,2.832744405182569,62.20299994091427,-0.8200966057016785,181.662170113022,157.320829886978,169.4915
93,84914158.0,174.9413,174.745,175.84,175.88,173.33,1643778000000,676308,166.279,169.69688046149238,5.781146604102758,64.10935415844733,-0.16477507871709918,180.9258045457667,157.67119545423333,169.29850000000002
94,89418074.0,174.3835,174.48,172.9,176.2399,172.12,1643864400000,724838,167.118,169.98807314681125,5.099993921342176,56.53626466320495,0.11600133221062947,180.66167528651786,157.73332471348218,169.19750000000002
95,82446700.0,172.3165,171.68,172.39,174.1,170.68,1643950800000,702966,168.116,170.20643013346478,6.144941813927708,55.277681712000664,0.29397713755614063,180.70148536069453,157.7325146393055,169.217
96,77251204.0,172.4426,172.86,171.66,173.9458,170.95,1644210000000,571410,169.12,170.33857284860431,6.212102462566508,53.38749606892948,0.37183308604559784,180.65188441763655,157.73111558236343,169.1915
97,74829217.0,173.8127,171.73,174.83,175.35,171.43,1644296400000,634268,170.625,170.7468844078221,9.419201401927657,59.98880495915657,0.6814714150781356,180.97815791003782,157.66884208996223,169.32350000000002
98,71204538.0,175.8287,176.05,176.28,176.65,174.9,1644382800000,573996,172.284,171.24989491620192,10.388878452000753,62.675323861027366,1.0319690071682714,181.16771702956996,157.59928297043004,169.3835
99,90715899.0,173.5408,174.14,172.12,175.48,171.55,1644469200000,761963,173.574,171.3289953783654,8.101997236528078,51.625497648464965,0.9629632003195923,180.73225709410144,157.69374290589855,169.213
100,98490687.0,170.1997,172.33,168.64,173.08,168.04,1644555600000,815714,173.405,171.08454125305946,-0.9921916280162192,44.35671561238031,0.6203180445228043,180.47492389283687,157.59607610716316,169.0355
101,86185530.0,168.3917,167.37,168.88,169.58,166.56,1644814800000,757491,172.815,170.8841284118722,-3.3756722737155314,44.95065082256761,0.3639400102715342,180.1146782220066,157.53732177799338,168.826
102,64286317.0,171.6596,170.97,172.79,172.95,170.25,1644901200000,562851,172.63299999999998,171.0573894653384,-1.0423228910142726,53.86483151105996,0.47083539642486016,180.39030525458082,157.56069474541914,168.97549999999998
103,61139697.0,171.6489,171.85,172.55,173.34,170.05,1644987600000,543032,172.304,171.19308133212581,-1.87101910828025,53.27645337657505,0.5300743981526637,180.7346731176281,157.84832688237188,169.29149999999998
104,69589344.0,170.1812,171.03,168.88,171.91,168.47,1645074000000,584118,171.902,170.98280121102346,-2.3250433776749624,44.93651372284866,0.27768245479805387,180.74461436810392,158.2753856318961,169.51000000000002
105,82772674.0,167.7969,169.82,167.3,170.5413,166.19,1645160400000,687677,171.393,170.64800110093043,-2.952607459829442,41.80600590331153,-0.049264879223898106,180.56524738396965,158.9437526160303,169.75449999999998
106,91148358.0,164.5551,164.98,164.32,166.69,162.15,1645506000000,897217,170.659,170.07272827357312,-4.275894209483865,36.48015761680944,-0.5425795724978002,180.3523915219459,159.4266084780541,169.8895
107,90009247.0,162.1577,165.54,160.07,166.15,159.75,1645592400000,820313,169.183,169.16338933961194,-8.442486987359159,30.35273189125732,-1.261927784350604,180.31146731919,159.49653268081005,169.90400000000002
108,141147540.0,158.0144,152.58,162.74,162.85,152.0,1645678800000,1383829,167.829,168.57944485419267,-7.680962105740862,37.66170089041311,-1.5981472918210216,179.9368730192745,160.1761269807255,170.0565
109,91974222.0,163.7895,163.84,164.85,165.12,160.8738,1645765200000,812155,167.102,168.24040441290245,-4.223797350685574,42.92132382301739,-1.6750355407870927,179.23970680263102,161.43629319736897,170.338
110,95056629.0,164.268,163.06,165.12,165.42,162.43,1646024400000,791485,166.75,167.95673128445677,-2.087286527514221,43.597926222411814,-1.694648436235866,179.26523285419248,160.88976714580755,170.07750000000001
111,83468865.0,164.16,164.695,163.2,166.6,161.97,1646110800000,749653,166.182,167.52430116768798,-3.3633349123638125,39.86423789096794,-1.8438648251346024,178.88523377698584,160.11176622301417,169.4985
112,79724750.0,165.8095,164.39,166.56,167.36,162.95,1646197200000,668260,165.559,167.4366374251709,-3.605532727588397,48.448603470026285,-1.6717253597403499,178.25919900471482,159.9328009952852,169.096
113,76678441.0,166.918,168.47,166.23,168.91,165.55,1646283600000,651764,164.927,167.3269431137917,-3.6627064618951146,47.70545501234784,-1.54413204229769,177.30958873890796,159.92141126109203,168.6155
114,83819592.0,163.398,164.49,163.17,165.55,162.1,1646370000000,743696,164.356,166.94903919435612,-3.3810990052108054,41.19509760664711,-1.6706713856996203,176.8982505951196,159.35974940488038,168.129
115,96418845.0,161.4026,163.36,159.3,165.02,159.04,1646629200000,847057,163.55599999999998,166.2536719948692,-4.781829049611476,34.5662749815628,-2.0594908554795097,176.80966464771802,158.13933535228193,167.47449999999998
116,131139480.0,158.7737,158.82,157.44,162.88,155.8,1646715600000,1139149,162.868,165.4524290862447,-4.186952288218109,31.831002196775643,-2.4890275813129676,176.85100568773095,156.67599431226904,166.7635
117,91445405.0,161.9446,161.475,162.95,163.41,159.41,1646802000000,733685,163.156,165.22493553294973,1.7992128443805808,45.91744689093156,-2.357650057891192,175.66904204159357,156.66995795840643,166.1695
118,105342033.0,158.0284,160.2,158.52,160.39,155.98,1646888400000,882861,162.734,164.6153959390452,-2.593093277620744,38.76209015753329,-2.58124145625996,174.13280786946217,156.43019213053782,165.2815
119,96917302.0,156.1598,158.93,154.73,159.28,154.5,1646974800000,880727,161.72199999999998,163.71672358095017,-6.138914164391875,33.761028578897466,-3.0293402275601977,173.805367021468,155.01863297853203,164.412
120,108712111.0,151.683,151.45,150.62,154.12,150.1,1647230400000,969357,160.272,162.52611234631834,-8.781492248062015,29.21872299209636,-3.6737556155867424,174.44062927093142,152.58137072906857,163.511
121,92964302.0,153.4741,150.9,155.09,155.57,150.38,1647316800000,719955,159.46099999999998,161.85010213301666,-4.969362745098031,39.11739819271937,-3.780192109162101,174.0452503090545,151.59774969094553,162.82150000000001
122,102300157.0,157.6528,157.05,159.59,160.0,154.46,1647403200000,833066,158.764,161.6446383027424,-4.184678194044188,47.352990983538426,-3.4615290530269647,172.4786939499071,151.84430605009288,162.1615
123,75615376.0,159.4208,158.61,160.62,161.0,157.63,1647489600000,629003,158.203,161.55148936612946,-3.3748420862660082,49.1039186634431,-3.0902513987555267,170.7253657132234,152.4046342867766,161.565
124,122610172.0,162.5971,160.51,163.98,164.48,159.76,1647576000000,713986,158.284,161.7722630601177,0.4964147821290693,54.579226871409126,-2.4961136194972653,169.93027293411762,152.70972706588236,161.32
125,95811352.0,164.7355,163.51,165.38,166.35,163.015,1647835200000,721125,158.892,162.10023914556155,3.8166980539861792,56.73407405500264,-1.8904944064659048,169.60520373216153,152.84279626783845,161.224
126,81532007.0,168.2308,165.51,168.82,169.42,164.91,1647921600000,638943,160.03,162.71112649596503,7.228150406504062,61.69543057766092,-1.1200463688320212,170.3745182482587,152.52348175174131,161.449
127,98062674.0,170.7915,167.99,170.21,172.64,167.65,1648008000000,784481,160.75600000000003,163.39284226905912,4.455354403191175,63.570927665960824,-0.3927717368529784,171.63109049053287,152.2809095094671,161.956
128,90131418.0,172.2655,171.06,174.07,174.14,170.21,1648094400000,688102,162.31099999999998,164.36349297187192,9.809487761796607,68.3521602947999,0.4894265843483083,173.54749682539637,151.4975031746036,162.52249999999998
129,80529356.0,174.0232,173.88,174.72,175.28,172.75,1648180800000,663600,164.31,165.30499361079265,12.919278743617921,69.11070861435863,1.2268819461516216,175.232739990685,150.79926000931505,163.01600000000002
130,90371916.0,174.3754,172.17,175.6,175.73,172.0,1648440000000,716107,166.808,166.24090328253877,16.58478289735758,70.18566564376982,1.8608782330784095,176.9167140957711,150.16328590422887,163.54
131,99459940.0,177.8604,176.69,178.96,179.01,176.34,1648526400000,775943,169.195,167.39718480230798,15.39106325359469,74.02112661313755,2.6044265691825785,179.29412388028388,149.36187611971613,164.328
132,91340654.0,178.1191,178.55,177.77,179.61,176.7,1648612800000,695863,171.01299999999998,168.34016800209815,11.391691208722357,70.45443186930649,3.062369834572678,180.94681034075515,148.83018965924484,164.8885
133,103049285.0,175.8765,177.84,174.61,178.03,174.4,1648699200000,716272,172.412,168.91015272918014,8.709998754825058,61.68471760152261,3.1341787195982533,181.91197755877926,148.70302244122075,165.3075
134,78251328.0,173.4143,174.03,174.31,174.88,171.94,1648785600000,661160,173.445,169.4010479356183,6.299548725454332,60.88528631339325,3.130790481716872,182.88692341736348,148.8420765826365,165.8645
135,76545983.0,177.4855,174.57,178.44,178.49,174.44,1649044800000,630374,174.75100000000003,170.22277085056209,7.896964566453018,67.35651025348426,3.4219160448386674,184.40301333076897,149.23998666923106,166.82150000000001
136,73401786.0,175.9791,177.5,175.06,178.3,174.415,1649131200000,621541,175.375,170.66251895505644,3.6962445207913808,58.54835237102033,3.341380049622529,185.07998644079484,150.3250135592052,167.70250000000001
137,89058782.0,171.7887,172.36,171.83,173.63,170.13,1649217600000,769485,175.53699999999998,170.76865359550587,0.9517654661888283,51.41002242029019,2.982539824884867,185.46927376750065,150.82372623249935,168.1465
138,77594650.0,171.8049,171.16,172.14,173.36,169.85,1649304000000,628352,175.344,170.8933214504599,-1.1087493537082822,52.033664120054134,2.692137485561773,185.64651171293988,152.0084882870601,168.8275
139,76534208.0,170.5154,171.78,170.09,171.78,169.2,1649390400000,614848,174.881,170.8202922276908,-2.64995421245421,47.54947583738598,2.2704018922395335,185.12259692762976,154.06840307237022,169.5955
140,72246706.0,166.692,168.71,165.75,169.03,165.5,1649649600000,677210,173.89600000000002,170.359356570628,-5.609339407744872,39.53500907517615,1.5678979157934805,183.38063093344851,157.3233690665515,170.352
141,79265181.0,168.0916,168.02,167.66,169.87,166.64,1649736000000,678461,172.76600000000002,170.11396051875272,-6.314260169870368,44.13904185598809,1.151999952301054,182.07233569117446,159.8886643088255,170.98049999999998
142,70618925.0,169.6805,167.39,170.4,171.04,166.77,1649822400000,558072,172.029,170.139964107957,-4.145806379029085,50.18505089596019,1.0316012634986862,181.31788501514706,161.72411498485297,171.52100000000002
143,75069376.0,167.2264,170.62,165.29,171.27,165.04,1649908800000,596848,171.09699999999998,169.69905827996092,-5.337609529809302,40.99152134515321,0.517880339069535,180.68532185467902,162.82367814532094,171.75449999999998
144,69023941.0,164.9284,163.92,165.07,166.5984,163.57,1650254400000,576791,170.173,169.27823479996445,-5.3009006941655725,40.635421367684685,0.09194080751882439,180.56089328088572,163.05710671911427,171.809
145,67723833.0,166.5491,165.02,167.4,167.82,163.91,1650340800000,548306,169.069,169.10748618178587,-6.186953597848012,46.14127553245369,-0.056951313297474826,180.40566242267272,163.41433757732733,171.91000000000003
146,67929814.0,167.3492,168.76,167.23,168.88,166.1,1650427200000,595063,168.286,168.93680561980534,-4.47275219924598,45.79693809111383,-0.1865169200532648,180.4688944688821,163.1921055311179,171.8305
147,87227768.0,168.8014,168.91,166.42,171.53,165.91,1650513600000,752017,167.745,168.70800510891394,-3.148460687889207,44.056347123924105,-0.3505182709867256,180.5745164409102,162.70748355908978,171.641
148,84875424.0,164.2289,166.46,161.79,167.8699,161.5,1650600000000,730001,166.70999999999998,168.07909555355812,-6.012547926106655,35.48961744075312,-0.844359577034453,180.85187475747207,161.2021252425279,171.027
149,96017376.0,160.7032,161.12,162.88,163.17,158.46,1650859200000,925124,165.98899999999998,167.60645050323464,-4.238932329942976,38.61204753172403,-1.1346983828891268,180.71475583367678,160.15524416632323,170.435
150,95595226.0,158.6074,162.25,156.8,162.34,156.72,1650945600000,899965,165.094,166.62404591203148,-5.399698340874805,29.701947113928114,-1.8342550155913386,181.07023995431675,157.91976004568326,169.495
151,88063191.0,157.4448,155.91,156.57,159.79,155.38,1651032000000,777860,163.98499999999999,165.7100417382104,-6.614577120362641,29.416625699494787,-2.379785083770031,180.3949400451939,156.35605995480614,168.37550000000002
152,130149192.0,161.8622,159.25,163.64,164.515,158.93,1651118400000,1126019,163.30900000000003,165.52185612564583,-3.9671361502347526,46.85363750426845,-2.2160860194226757,179.04019325312913,156.2978067468709,167.669
153,131747495.0,160.7133,161.84,157.65,166.2,157.25,1651204800000,1032218,162.54500000000002,164.8062328414962,-4.6221792001935915,38.01327899728444,-2.5404119830317597,178.52006816802128,155.1219318319787,166.821
154,123050000.0,156.0357,156.71,157.96,158.23,153.27,1651464000000,1154671,161.834,164.18384803772383,-4.307263585145686,38.678599627805625,-2.7408336128333985,177.77980718858876,154.2271928114112,166.00349999999997
155,88966526.0,158.8014,158.15,159.48,160.71,156.32,1651550400000,706626,161.042,163.75622548883985,-4.731182795698934,42.066285156732135,-2.74537097392772,175.66985344239143,154.44114655760856,165.0555
156,108206503.0,162.4245,159.67,166.02,166.48,159.26,1651636800000,873681,160.921,163.96202317167257,-0.7235543861747172,54.170305348401264,-2.195930205851454,174.19596219695478,155.0110378030452,164.6035
157,130419230.0,158.143,163.85,156.77,164.08,154.95,1651723200000,1164746,159.956,163.30820288333868,-5.798581901213783,40.78054596140354,-2.478323561850374,173.4200129970133,154.28098700298673,163.8505
158,115494647.0,157.3298,156.01,157.28,159.44,154.18,1651809600000,1023008,159.505,162.7601844393988,-2.7875641263366036,41.663900031348135,-2.630645153452406,172.28674370523004,153.92825629477,163.10750000000002
159,131577921.0,153.1029,154.925,152.06,155.83,151.49,1652068800000,1103707,158.423,161.78744039945346,-6.642927308447934,35.62113168584581,-3.1364168260357133,171.98690466163555,152.42509533836443,162.206
160,115366736.0,154.8376,155.52,154.51,156.74,152.93,1652155200000,988257,158.19400000000002,161.12585490859402,-1.4604591836734824,40.148095967427004,-3.3014924461390365,171.8291075595697,151.4588924404303,161.644
161,142547625.0,149.4468,153.5,146.5,155.45,145.81,1652241600000,1310796,157.18699999999998,159.79623173508546,-6.4316280258031515,31.979321628930563,-4.032175710366516,172.32860005279932,148.8433999472007,160.586
162,182408091.0,142.066,142.77,142.56,146.2,138.8,1652328000000,1678454,155.079,158.2293015773504,-12.881935956978724,28.779031737567394,-4.8729996272357425,172.4553127555307,145.93268724446932,159.19400000000002
163,113990852.0,146.3255,144.59,147.11,148.105,143.11,1652414400000,920506,154.025,157.21845597940947,-6.685696162385025,36.883683905660604,-5.113269082022299,172.22521735842022,144.34478264157983,158.28500000000003
164,86643781.0,145.7814,145.55,145.54,147.5199,144.18,1652673600000,699719,152.783,156.1567781630995,-7.8627500633071765,35.341768556050326,-5.368485673869088,171.93023761903828,142.68676238096174,157.3085
165,78138254.0,148.443,148.86,149.24,149.77,146.68,1652760000000,609263,151.759,155.52798014827226,-6.420867820416341,41.72139103664903,-5.212105674046825,170.65356349526294,142.14743650473704,156.4005
166,109742890.0,142.6901,146.85,140.82,147.3601,139.9,1652846400000,982288,149.239,154.19089104388388,-15.178894109143487,33.39095311968259,-5.701869427188399,169.9551376464218,140.20486235357816,155.07999999999998
167,135863540.0,138.66,139.88,137.35,141.66,136.6,1652932800000,1219746,147.297,152.65990094898535,-12.387574153218099,30.593793458305782,-6.297418015237355,169.43695638177454,137.8160436182255,153.62650000000002
168,137392625.0,136.397,139.09,137.59,140.7,132.61,1653019200000,1133362,145.328,151.28990995362304,-12.51907426246185,31.037748640021007,-6.673105165244493,169.21588841148667,135.6171115885133,152.41649999999998
169,117726265.0,141.4344,137.79,143.11,143.26,137.65,1653278400000,851032,144.433,150.54628177602092,-5.885834538997757,40.72686258513466,-6.4510582865863455,167.9729733756205,134.88302662437948,151.428
170,104132746.0,139.4136,140.805,140.36,141.97,137.33,1653364800000,812515,143.018,149.620256160019,-9.157983302051633,37.78801026172801,-6.422946819984247,167.6283927812746,133.58360721872538,150.606
171,92482696.0,140.0769,138.43,140.52,141.785,138.34,1653451200000,688316,142.42,148.79296014547182,-4.081911262798628,38.076874948394114,-6.314962658743497,167.13605465879135,132.47094534120868,149.8035
172,90601098.0,142.3902,137.39,143.78,144.34,137.14,1653537600000,670652,142.542,148.33723649588347,0.8557800224466884,43.96693654348658,-5.898337316930991,165.1028300666291,132.51816993337087,148.8105
173,91425110.0,148.1995,145.39,149.64,149.68,145.26,1653624000000,686376,142.79500000000002,148.45566954171224,1.7198015090748233,52.91254171182049,-5.037239544092927,164.19951170872574,132.62048829127426,148.41
174,103718416.0,149.0998,149.07,148.84,150.66,146.84,1653969600000,706652,143.125,148.49060867428386,2.267417891988465,51.66147063086157,-4.369003516438113,163.12876246931023,132.77923753068978,147.954
175,74286635.0,149.3747,149.9,148.71,151.74,147.68,1654056000000,629251,143.072,148.51055334025807,-0.3551326722058437,51.4418612482548,-3.8060379276323317,161.6513020146385,133.1796979853615,147.4155
176,72348055.0,149.5215,147.83,151.21,151.27,146.86,1654142400000,574552,144.111,148.7559575820528,7.378213321971322,55.48522194610847,-3.1221641708456787,158.25596973487043,135.0940302651296,146.675
177,88570289.0,145.8127,146.9,145.38,147.97,144.46,1654228800000,761195,144.91400000000002,148.4490523473207,5.846377866763743,45.63838478623858,-3.0158566500487893,156.72506397409907,135.48593602590088,146.10549999999998
178,71598380.0,146.6167,147.03,146.14,148.5689,144.9,1654488000000,605199,145.769,148.23913849756426,6.214114397848668,47.00074429418568,-2.8375717645236023,154.85228906682556,136.24471093317447,145.54850000000002
179,67808150.0,147.5529,144.345,148.71,149.0,144.1,1654574400000,527360,146.329,148.2819440886948,3.9130738592690895,51.56179055581977,-2.460538628975087,154.32344686872574,136.43855313127432,145.38100000000003
180,53950201.0,148.6118,148.58,147.96,149.8697,147.46,1654660800000,430174,147.089,148.25267644426796,5.4146480478768835,50.162024702406995,-2.196931031277842,153.06604335401573,137.04095664598424,145.05349999999999
181,69472976.0,145.3266,147.08,142.64,147.95,142.53,1654747200000,558178,147.301,147.7424331311527,1.5086820381440194,41.320941589812804,-2.389752075460592,152.91024403319642,136.81075596680358,144.8605
182,91566637.0,138.1785,140.28,137.13,140.76,137.06,1654833600000,826197,146.636,146.7776664828661,-4.625121713729312,34.35315952166768,-2.9531332117808518,153.2721558779041,135.90584412209589,144.589
183,122128099.0,133.128,132.87,131.88,135.2,131.44,1655092800000,1019929,144.85999999999999,145.42333316624192,-11.868484362469923,29.149380216679475,-3.779678168022855,154.03094623154252,133.62405376845746,143.8275
184,84784326.0,132.5738,133.13,132.76,133.89,131.48,1655179200000,674981,143.252,144.27212106021992,-10.80354743348563,31.093370327371233,-4.313983439517045,154.43076004858358,131.94623995141643,143.1885
185,91532972.0,134.625,134.29,135.43,137.34,132.16,1655265600000,733275,141.924,143.46829187292718,-8.930132472597673,36.927505472209994,-4.470445023285805,153.8644411316813,131.13155886831868,142.498
186,107961508.0,130.4622,132.08,130.06,132.39,129.04,1655352000000,909222,139.80900000000003,142.24935624811562,-13.987170160703661,31.05222372280771,-4.970459711158355,154.5463354476184,129.37366455238157,141.95999999999998
187,134520290.0,131.491,130.065,131.56,133.079,129.81,1655438400000,744035,138.427,141.277596589196,-9.506121887467323,34.29666989074225,-5.185907575318822,154.91671376091958,128.42428623908043,141.6705
188,81000488.0,135.8508,133.42,135.87,137.06,133.32,1655784000000,604547,137.4,140.7859968992691,-7.027507869166541,42.87821656619582,-4.951789433845448,154.95729548187194,128.21170451812804,141.5845
189,73409234.0,135.8581,134.79,135.35,137.76,133.91,1655870400000,530526,136.06400000000002,140.2918153629719,-8.983928451348271,42.14037995967135,-4.753414372191429,154.81772795492296,127.57527204507706,141.19650000000001
190,72433768.0,137.2859,136.82,138.27,138.59,135.63,1655956800000,554898,135.095,140.1080139663381,-6.549067315490671,47.750155510735496,-4.310887878050039,154.76924767634097,127.41475232365904,141.092
191,88401837.0,140.8332,139.9,141.66,141.91,139.77,1656043200000,542278,134.99699999999999,140.2491036057619,-0.6870443073471606,53.5584776226437,-3.6446248085313186,154.8257392312632,127.47226076873679,141.149
192,70207908.0,142.0413,142.695,141.66,143.49,140.965,1656302400000,516175,135.45,140.377366914329,3.3034346970028454,53.5584776226437,-3.0810896422869405,154.66929971782412,127.41670028217584,141.04299999999998
193,67315328.0,139.3752,142.13,137.44,143.422,137.325,1656388800000,546240,136.006,140.1103335584809,4.215953897482562,45.74357566308165,-2.941099530359992,153.54796412499755,127.31803587500242,140.433
194,66242411.0,139.2737,137.46,139.23,140.67,136.67,1656475200000,572553,136.65300000000002,140.03030323498263,4.873455860198854,49.234662552716706,-2.655111841182361,152.49174539196724,127.41325460803272,139.9525
195,98964467.0,136.476,137.25,136.72,138.37,133.7737,1656561600000,710706,136.782,139.72936657725694,0.9525215978734342,44.748583122608245,-2.6010176477676055,151.29226815177427,127.41373184822574,139.353
196,71051552.0,137.4774,136.04,138.93,139.04,135.66,1656648000000,558680,137.669,139.6566968884154,6.8199292634168875,49.27059601164238,-2.3526986341490215,149.36708712798168,128.11091287201828,138.73899999999998
197,73429641.0,139.7669,137.77,141.56,141.61,136.93,1656993600000,601960,138.669,139.829724444014,7.601094557616296,54.22444702375688,-1.9215347501555584,148.8232782930668,128.2727217069332,138.548
198,74064254.0,142.5582,141.355,142.92,144.12,141.08,1657080000000,585624,139.374,140.11065858546726,5.188783395893121,56.65636626742692,-1.4533404279366948,148.27501516988974,128.49898483011026,138.387
199,66253709.0,145.6754,143.29,146.35,146.55,143.28,1657166400000,539961,140.474,140.67787144133388,8.127077946065755,62.27304975911042,-0.7963409968200494,147.70754628637107,128.83045371362888,138.26899999999998
200,64543598.0,146.6409,145.265,147.04,147.55,145.0,1657252800000,520274,141.351,141.25624676484898,6.342662905908715,63.33503473517137,-0.2174800066651983,147.47938611986177,128.96661388013825,138.223
201,63305113.0,145.1524,145.67,144.87,146.64,143.78,1657512000000,496267,141.672,141.58476978622633,2.265988987717075,57.66308134528973,0.06541655264888391,147.85109072357162,128.81790927642837,138.3345
202,77588759.0,146.7948,145.76,145.86,148.45,145.05,1657598400000,579531,142.092,141.97342707838757,2.964845404489635,59.50156524045003,0.3652880272949801,148.8129040027263,128.72909599727373,138.77100000000002
203,71185560.0,145.1932,142.99,145.49,146.45,142.1201,1657684800000,559357,142.897,142.29311552580688,5.857101280558798,58.44758808497407,0.5665515697978094,149.3771904545715,129.52580954542853,139.4515
204,78140744.0,146.591,144.08,148.47,148.95,143.25,1657771200000,614951,143.821,142.85465047800625,6.63650075414782,64.13308989708,0.9555010510203203,150.40374598876025,130.07025401123974,140.237
205,76259931.0,149.5097,149.78,150.17,150.86,148.2,1657857600000,550061,145.166,143.51968225273296,9.837624341720295,66.99552434696835,1.384957185299811,151.75831713183425,130.18968286816573,140.974
206,81380868.0,149.0297,150.74,147.07,151.57,146.7,1658116800000,620449,145.98,143.84243841157542,5.859065716547892,57.67021182423265,1.4583492314127966,151.67423395579672,131.97476604420328,141.8245
207,82969067.0,149.7493,147.92,151.0,151.23,146.91,1658203200000,576469,146.92399999999998,144.4931258287049,6.668550437976828,64.60920246342005,1.812735031285797,152.23069795213016,133.36230204786986,142.7965
208,64823413.0,152.6255,151.12,153.04,153.72,150.37,1658289600000,523491,147.936,145.27011438973173,7.080884410859226,67.66624484309357,2.2324648171545505,153.5265034315943,133.7834965684057,143.655
209,65064436.0,154.3545,154.5,155.35,155.57,151.94,1658376000000,522802,148.836,146.18646762702883,6.149641270925863,70.8358142635872,2.720145249762197,154.9993984842029,134.3106015157971,144.655
210,66675373.0,154.6233,155.39,154.09,156.28,153.41,1658462400000,527310,149.541,146.9049705700262,4.794613710554959,66.86345091638879,2.970719432007371,156.1302901495598,134.76170985044018,145.446
211,53580745.0,153.3004,154.01,152.95,155.04,152.28,1658721600000,487391,150.349,147.4545187000238,5.577414233450669,63.29517462296159,3.0422437123190207,157.02297742335855,134.99802257664146,146.0105
212,55099091.0,151.6799,152.265,151.6,153.085,150.8,1658808000000,472001,150.92299999999997,147.8313806363853,3.9352804058686277,59.142250990485685,2.955919502166381,157.58674884637864,135.42825115362135,146.5075
213,78620688.0,155.2412,152.58,156.79,157.33,152.16,1658894400000,579181,152.05299999999997,148.64580057853206,7.766856828648006,68.08658007076886,3.268617975668832,158.59739093001068,136.3526090699893,147.475
214,81378731.0,157.4654,156.98,157.35,157.64,154.41,1658980800000,738631,152.941,149.43709143502915,5.981006263891692,68.90273697692044,3.5210328141602645,159.62072223856023,137.14127776143977,148.381
215,101763760.0,162.249,161.24,162.51,163.63,159.5,1659067200000,773742,154.175,150.62553766820832,8.217353665845378,75.35542668479403,4.090291929056349,161.17745698262522,138.1635430173748,149.6705
216,67778379.0,162.1045,161.01,161.51,163.59,160.89,1659326400000,594290,155.619,151.61503424382576,9.818453797511388,72.13245054611278,4.409907566891633,162.30056860252512,139.29843139747487,150.7995
217,59907025.0,160.6921,160.1,160.01,162.41,159.63,1659412800000,543549,156.52,152.37821294893251,5.966887417218537,67.33271372478264,4.4904052026099635,163.06940252216296,140.37459747783706,151.722
218,82507488.0,164.9105,160.84,166.13,166.59,160.75,1659499200000,682781,157.82899999999998,153.62837540812046,8.553319393622585,74.90318614074502,4.990505570165823,165.10541106897176,140.65958893102822,152.8825
219,55474144.0,165.5946,166.005,165.81,167.19,164.43,1659585600000,525012,158.875,154.73579582556405,6.733183134856781,73.90810603665875,5.299923173576644,166.91314063680704,140.79785936319297,153.8555
220,56696985.0,164.7432,163.21,165.35,165.85,163.0,1659672000000,491310,160.001,155.7007234777855,7.307417742877533,72.37244162467128,5.445251231250893,168.3461212149283,141.19587878507173,154.77100000000002
221,60362338.0,165.8939,166.37,164.87,167.81,164.2,1659931200000,540017,161.19299999999998,156.53429407071408,7.79339653481531,70.6699693581374,5.458767501722178,169.2274451472147,142.31455485278528,155.771
222,63075503.0,164.8395,164.02,164.92,165.82,163.25,1660017600000,480552,162.525,157.29663097337644,8.786279683377304,70.74960816905434,5.4111375996501465,169.93529577293612,143.51270422706386,156.724
223,70170540.0,168.3496,167.68,169.24,169.34,166.9,1660104000000,559789,163.77,158.38239179397857,7.9405574335098015,76.7976574093984,5.656770723671798,171.13977316772684,144.68322683227314,157.9115
224,57142109.0,169.3737,170.06,168.49,170.99,168.19,1660190400000,507914,164.884,159.30126526725323,7.07975850015889,73.85200872119012,5.724924644501584,172.16133976052257,145.66366023947742,158.9125
225,68039382.0,171.0754,169.82,172.1,172.17,169.4,1660276800000,557624,165.843,160.46478660659386,5.901175312288477,78.30282440421816,6.001057492507812,173.80096418208825,146.21703581791172,160.009
226,54091694.0,172.6254,171.52,173.19,173.39,171.345,1660536000000,501625,167.011,161.6216241878126,7.231750356015112,79.47491971736648,6.2359643393217254,174.9039639045811,147.7260360954189,161.315
227,56377050.0,172.7427,172.78,173.03,173.71,171.6618,1660622400000,515134,168.313,162.6587492616478,8.13699143803513,78.78080521832841,6.336179511733519,176.05376992473236,148.7792300752676,162.41649999999998
228,79542037.0,174.3135,172.77,174.55,176.15,172.57,1660708800000,686577,169.15500000000003,163.73977205604348,5.068319990368997,80.5718768752137,6.463742059785659,177.391962014337,149.59203798566298,163.492
229,62290075.0,174.1366,173.75,174.15,174.9,173.12,1660795200000,545655,169.98899999999998,164.68615641458499,5.029853446716123,78.63120162001263,6.458114516979975,178.54350962866883,150.32049037133115,164.432
230,70336995.0,172.2302,173.03,171.52,173.74,171.3101,1660881600000,573126,170.606,165.30741492234998,3.7314786815845276,66.8653409979175,6.170308157038448,178.8958953370999,151.71110466290008,165.30349999999999
231,68975809.0,168.2677,169.69,167.57,169.86,167.135,1661140800000,620800,170.87600000000003,165.5131044748636,1.6376539091405282,53.50489045093622,5.559402226519694,178.40872235940571,153.6602776405943,166.0345
232,54147079.0,167.6231,167.08,167.23,168.71,166.65,1661227200000,494686,171.10700000000003,165.66918588623963,1.4006791171477093,52.50158818477028,4.990294705725574,177.27034340358196,156.36165659641804,166.816
233,53841524.0,167.3144,167.32,167.53,168.11,166.245,1661313600000,476970,170.936,165.83835080567238,-1.0103994327582178,53.35903204931497,4.511474913585175,176.74116510293777,157.96483489706225,167.353
234,51218209.0,169.3503,168.78,170.03,170.14,168.35,1661400000000,465398,171.09,166.21940982333854,0.9140008309098415,60.03853642639518,4.284348581696435,176.23024474949156,159.74375525050849,167.98700000000002
235,78960980.0,165.9997,170.57,163.62,171.05,163.56,1661486400000,722008,170.24200000000002,165.98309983939868,-4.927367809413126,42.64123267612603,3.5462370842713824,176.15134671208054,159.93365328791944,168.0425
236,73313953.0,161.5291,161.145,161.38,162.9,159.82,1661745600000,640593,169.061,165.56463621763515,-6.8191004099543875,38.32878015705058,2.7488421836190184,176.16596285354487,159.90603714645513,168.036
237,77906197.0,159.2926,162.13,158.91,162.56,157.72,1661832000000,644671,167.649,164.95966928875922,-8.1604346067156,34.103115258089346,1.8957397152034048,176.3390880588816,159.6229119411184,167.981
238,87991091.0,158.3972,160.305,157.22,160.58,157.14,1661918400000,606827,165.916,164.2560629897811,-9.928387281581214,31.46583345733167,1.0709359041632354,177.10306703660962,157.9679329633904,167.5355
239,74229896.0,156.5232,156.64,157.96,158.42,154.67,1662004800000,654667,164.297,163.68369362707372,-9.296583405110535,33.95086620976771,0.4715490333578032,177.56723541560808,156.71876458439192,167.143
240,76807768.0,157.6597,159.75,155.81,160.362,154.965,1662091200000,646414,162.726,162.96790329733975,-9.159281716417915,30.39319676456475,-0.17493981451946183,178.18984380317684,155.14215619682315,166.666
241,73714843.0,155.012,156.47,154.53,157.09,153.69,1662436800000,687436,161.42199999999997,162.20082117939978,-7.7818225219311286,28.422982824196325,-0.781562817106817,178.81948523143515,153.47851476856485,166.149
242,87293824.0,155.306,154.825,155.96,156.67,153.61,1662523200000,696954,160.295,161.63347379945435,-6.739221431561313,33.75366080604252,-1.1338564764888588,179.12483834825255,152.27716165174743,165.701
243,84909447.0,154.3949,154.64,154.46,156.36,152.68,1662609600000,697264,158.988,160.98133981768575,-7.801587775323819,31.05782976626169,-1.516606705617363,179.13175878411533,150.79224121588464,164.962
244,68081006.0,156.6625,155.47,157.37,157.82,154.75,1662696000000,532851,157.722,160.65303619789614,-7.445744868552606,41.183627421983594,-1.567062221822141,178.84843248209987,149.96356751790015,164.406
245,104955962.0,162.4763,159.59,163.43,164.26,159.3,1662955200000,801512,157.70300000000003,160.90548745263283,-0.11612272338344806,56.10212062290927,-1.1053158345544034,177.97903972257294,149.96596027742711,163.97250000000003
246,122651554.0,156.1544,159.9,153.84,160.54,153.37,1663041600000,1018108,156.949,160.2631704114844,-4.672202255545912,38.79827547103764,-1.495966775190169,177.00428498174142,149.00571501825857,163.005
247,87935409.0,155.2607,154.785,155.31,157.1,153.6106,1663128000000,716065,156.589,159.81288219225854,-2.265433264111758,41.852831742648846,-1.6677193152872292,175.70511335150746,148.53288664849254,162.119
248,90481110.0,153.0058,154.65,152.37,155.24,151.38,1663214400000,741143,156.104,159.13625653841683,-3.084849255819867,37.674356791294954,-2.017807837411283,173.96243606430883,148.0575639356912,161.01000000000002
249,160940131.0,150.2326,151.21,150.7,151.35,148.37,1663300800000,850351,155.378,158.36932412583346,-4.5961002785515435,35.441157485896284,-2.4023181286775923,172.04380472337985,147.63119527662016,159.8375
250,81474246.0,152.5543,149.31,154.48,154.56,149.1,1663560000000,671956,155.245,158.01574920530314,-0.8536037481548119,43.81684692263602,-2.3746573240722455,170.1450098010622,147.8259901989378,158.9855
251,107639796.0,156.1314,153.4,156.9,158.08,153.08,1663646400000,792170,155.48200000000003,157.91431745936646,1.533682780042713,48.56379824540194,-2.132875698537333,168.917529322495,147.986470677505,158.452
252,101696790.0,156.2959,157.34,153.72,158.74,153.6,1663732800000,785023,155.258,157.5330158721513,-1.4362657091561997,43.23080278008141,-2.1728145879497163,167.61366478463185,147.93933521536815,157.7765
253,86652542.0,152.5709,152.38,152.74,154.47,150.91,1663819200000,686879,155.086,157.09728715650118,-1.1135569079373293,41.66413335777307,-2.257520958994178,166.01639218432962,148.0576078156704,157.037
254,96029909.0,150.0222,151.19,150.43,151.47,148.56,1663905600000,766882,154.392,156.4911701422738,-4.4099891974328,38.052446828598285,-2.482433119111704,163.25107839823818,148.8629216017618,156.057
255,93339409.0,151.5222,149.66,150.77,153.7701,149.64,1664164800000,747666,153.12600000000003,155.97106376570346,-7.746435782903993,38.9183766474455,-2.6032340067352493,162.0668844597254,148.7621155402746,155.4145
256,84282741.0,152.1335,152.74,151.76,154.72,149.945,1664251200000,683776,152.918,155.58823978700312,-1.3520540821632947,41.561231787623896,-2.5892377334291155,161.1690762364031,148.69792376359692,154.9335
257,146661387.0,147.5981,147.64,149.84,150.6414,144.84,1664337600000,1142717,152.371,155.0656725336392,-3.5219882815015127,38.01668616283715,-2.701927402680127,160.81135056682177,148.14864943317826,154.48000000000002
258,128138237.0,142.9002,146.1,142.48,146.72,140.68,1664424000000,1067281,151.382,153.92152048512654,-6.490779024742413,27.886793951153592,-3.3465483412365415,161.81838259155515,145.66761740844484,153.743
259,124910274.0,140.3818,141.28,138.2,143.1,138.0,1664510400000,947003,150.132,152.49229135011504,-8.29462508294625,23.790769816623666,-4.154880434507362,163.05391159297864,142.45608840702135,152.755
260,114311663.0,141.2135,138.21,142.45,143.07,137.685,1664769600000,838786,148.929,151.57935577283183,-7.78741584671155,34.41865576040965,-4.401808650779287,163.2070127697763,140.96698723022368,152.087
261,87780064.0,145.4907,145.03,146.1,146.22,144.26,1664856000000,687504,147.849,151.0812325207562,-6.883365200764826,42.12098168269751,-4.253939775769794,163.01975994946335,140.31124005053667,151.6655
262,79269968.0,145.2495,144.075,146.4,147.38,143.01,1664942400000,605861,147.117,150.65566592796017,-4.761904761904757,42.73518942525859,-4.065678522975787,162.58319370420188,139.79180629579812,151.1875
263,68308669.0,146.0741,145.81,145.43,147.54,145.22,1665028800000,538671,146.386,150.1806053890547,-4.785910697918032,41.16577236737166,-3.9492267890434505,162.2917057768007,139.18029422319933,150.73600000000002
264,85925559.0,140.7932,142.54,140.09,143.1,139.445,1665115200000,666459,145.352,149.26327762641338,-6.873628930399524,33.61469494785527,-4.238967148053234,161.88923029653603,137.854769703464,149.872
265,74899002.0,140.1978,140.42,140.42,141.89,138.5729,1665374400000,620863,144.31699999999998,148.45934329673943,-6.864760894077087,34.440426627678306,-4.391339598581652,159.68614367866007,137.7568563213399,148.7215
266,77001872.0,139.5393,139.9,138.98,141.35,138.22,1665460800000,608882,143.039,147.59758481521766,-8.421191354770691,32.481538534229955,-4.575547762402152,159.45694810939085,136.50005189060914,147.9785
267,69933744.0,139.0968,139.13,138.34,140.36,138.16,1665547200000,553185,141.88899999999998,146.7559861956524,-7.674853176721837,31.594132233683467,-4.718781534484833,158.82208792303481,135.43791207696518,147.13
268,113223975.0,139.7607,134.99,142.99,143.59,134.37,1665633600000,874139,141.94,146.41362381422945,0.3579449747333095,43.95510023267437,-4.4062862672050755,158.22652964632297,135.09547035367703,146.661
269,88597969.0,139.9229,144.31,138.38,144.52,138.19,1665720000000,689680,141.958,145.68329437657223,0.13024602026049698,36.658237601662826,-4.478988992074733,157.99054059052895,134.09945940947108,146.04500000000002
270,85250639.0,141.9529,141.065,142.41,142.9,140.27,1665979200000,634583,141.954,145.3857221605202,-0.028080028080022496,45.45361502227563,-4.163425725324998,156.82797842838042,134.05502157161956,145.4415
271,99130632.0,144.0619,145.49,143.75,146.7,140.61,1666065600000,785416,141.719,145.23702014592746,-1.6084873374401059,48.11532469882426,-3.7618485137652726,154.89515502798625,134.67284497201373,144.784
272,61757790.0,143.4441,141.69,143.86,144.9492,141.5,1666152000000,511348,141.465,145.1118364962977,-1.734972677595623,48.345230808592824,-3.39557749600462,153.53565229199944,135.04634770800055,144.291
273,64521989.0,144.2072,143.02,143.39,145.89,142.65,1666238400000,517760,141.26100000000002,144.9553059057252,-1.4027367118201337,47.34916867260667,-3.1074098610524743,152.21841578278003,135.42858421721996,143.8235
274,86548459.0,145.5191,142.87,147.27,147.8479,142.649,1666324800000,621571,141.97899999999998,145.16573264156835,5.1252766078949294,55.71778225011066,-2.5367097497817213,151.66682857717825,135.66417142282177,143.6655
275,75981918.0,148.3743,147.185,149.45,150.23,146.0,1666584000000,653020,142.882,145.55521149233488,6.430707876370889,59.71513481883935,-1.8867685258541087,151.38417333932318,135.81482666067683,143.5995
276,74682290.0,151.4347,150.09,152.34,152.49,149.36,1666670400000,581421,144.21800000000002,146.17201044757715,9.612893941574338,64.44301882778889,-1.125512370060619,151.5378799377681,135.71912006223184,143.62849999999997
277,87883672.0,150.0488,150.96,149.35,151.99,148.04,1666756800000,694793,145.31900000000002,146.46091858870648,7.958652595055653,56.782312557130254,-0.7547787736974954,151.43895092517934,135.76904907482063,143.60399999999998
278,109161970.0,145.3119,148.07,144.8,149.046,144.13,1666843200000,944053,145.5,146.30992598973316,1.2658227848101282,47.27929329965718,-0.8186794742825612,151.55364793694287,135.88635206305713,143.72
279,164762371.0,154.5822,148.2,155.74,157.5,147.82,1666929600000,1228075,147.236,147.16720544521195,12.545165486341967,63.56821665721103,0.013292107587062674,153.60208323115182,135.5919167688482,144.597
280,97932271.0,153.2791,153.155,153.34,154.24,151.92,1667188800000,726843,148.329,147.72836858655631,7.675022821431083,59.11608277684455,0.47351722605944246,154.85086099854018,135.43213900145983,145.1415
281,80379345.0,150.9807,155.08,150.65,155.45,149.13,1667275200000,650595,149.01899999999998,147.9939714423239,4.800000000000004,54.37350918057041,0.6141093590385083,155.36648148285224,135.37151851714776,145.369
282,93604623.0,148.2186,148.945,145.03,152.17,145.0,1667361600000,788400,149.13600000000002,147.72451949302172,0.8132906992909685,45.83723478683264,0.26894240500175215,155.2875545707918,135.3134454292082,145.3005
283,97917166.0,140.1145,142.06,138.88,142.8,138.75,1667448000000,871800,148.685,146.92047226638337,-3.145268149801235,38.48998170604879,-0.49515070605272626,155.3437976549527,134.60220234504732,144.973
284,140494796.0,137.3583,142.09,138.38,142.67,134.38,1667534400000,1161631,147.796,146.14406569671218,-6.0365315407075535,37.9406137541591,-1.1280424516816936,155.4444406079589,134.33055939204107,144.8875
285,83364228.0,137.4671,137.11,138.92,139.145,135.671,1667797200000,715005,146.743,145.4873324515565,-7.045834727333558,38.98564407931757,-1.5679657002322358,155.5156301496325,134.1093698503675,144.8125
286,89908477.0,139.5702,140.41,139.5,141.43,137.49,1667883600000,637312,145.459,144.943029501415,-8.428515163450179,40.187642946825534,-1.8484985508033844,155.48721874921918,134.18978125078084,144.8385
287,74903262.0,135.9897,138.5,134.87,138.55,134.5933,1667970000000,632982,144.01100000000002,144.0272995467409,-9.695346501506522,34.20993416220202,-2.4165684644895578,155.83204526721244,133.49795473278755,144.665
288,118854028.0,144.1322,141.24,146.87,146.87,139.5,1668056400000,875048,144.21800000000002,144.28572686067352,1.429558011049719,53.93985253053767,-1.8768332861583303,156.0377135216881,133.68028647831193,144.859
289,93966273.0,148.1929,145.82,149.7,150.01,144.37,1668142800000,742241,143.614,144.7779335097032,-3.8782586361885323,57.295678807297996,-1.2068204451733493,156.37825431093307,134.47174568906695,145.425
290,73374114.0,148.7236,148.97,148.28,150.28,147.43,1668402000000,576289,143.108,145.09630319063925,-3.2998565279770458,55.059206654208275,-0.7814050233740488,156.64742359749917,134.78957640250084,145.7185
291,89868332.0,151.2356,152.215,150.04,153.59,148.5613,1668488400000,703669,143.047,145.54573017330839,-0.4049120477929065,57.35178556520362,-0.29879858152702354,157.07862374879642,134.9873762512036,146.03300000000002
292,64218266.0,148.6596,149.13,148.79,149.87,147.29,1668574800000,472247,143.423,145.84066379391672,2.5925670550920437,55.13233841829653,-0.01699810906538346,157.3401771492516,135.21882285074844,146.2795
293,80389400.0,149.706,146.43,150.72,151.48,146.15,1668661200000,563714,144.607,146.28423981265155,8.525345622119819,57.92565412328013,0.3579395614850682,157.7848983297262,135.50710167027384,146.64600000000002
294,74829573.0,151.1944,152.305,151.29,152.7,149.97,1668747600000,514103,145.898,146.73930892059232,9.329382858794622,58.76801059045938,0.6930851488224903,158.16728815887552,135.5267118411245,146.847
295,58724070.0,148.4817,150.16,148.01,150.37,147.715,1669006800000,504777,146.807,146.85482629144758,6.5433342931183445,52.09895915082079,0.6861127725333063,158.04636105357187,135.50363894642814,146.775
296,51804132.0,149.1957,148.13,150.18,150.42,146.925,1669093200000,405185,147.875,147.15711481040688,7.655913978494628,55.787162412333295,0.8459365486881438,157.7630301008954,135.5709698991046,146.667
297,58283895.0,150.7871,149.45,151.07,151.83,149.34,1669179600000,444423,149.49499999999998,147.5128316458244,12.011566693853332,57.285911073069876,1.0325114553770902,157.95701196000684,135.54898803999313,146.753
298,35195860.0,148.1668,148.305,148.11,148.88,147.12,1669352400000,319570,149.619,147.56711967802218,0.8442840607339887,50.90868917334671,0.9307965081347902,158.09999234225813,135.73700765774186,146.9185
299,69346522.0,144.782,145.14,144.22,146.64,143.38,1669611600000,614357,149.071,147.26283607092927,-3.6606546426185638,43.79036657769221,0.5301845522255064,156.8110851479546,135.8739148520454,146.3425
300,83736803.0,142.0517,144.29,141.17,144.81,140.355,1669698000000,713280,148.35999999999999,146.70894188266297,-4.794982465605621,39.035354664092125,-0.033032046304299456,155.91575505499787,135.55224494500214,145.734
301,111314880.0,145.1721,141.395,148.03,148.72,140.55,1669784400000,707647,148.159,146.82903807514816,-1.339642761930146,52.04790403513137,0.07331428870855916,155.5940161645337,135.6119838354663,145.603
302,71250416.0,148.105,148.21,148.31,149.13,146.61,1669870800000,525985,148.11100000000002,146.9636709774074,-0.32260232542508893,52.50763058134843,0.17813475871912487,155.82248228579687,135.71151771420313,145.767
303,65438446.0,146.8594,145.96,147.81,148.0,145.65,1669957200000,464550,147.82,147.04060997946127,-1.930732484076431,51.52746327288949,0.21834299295852588,155.7876261220007,136.63937387799933,146.2135
304,68826442.0,147.6384,147.77,146.63,150.9199,145.77,1670216400000,586791,147.35399999999998,147.00328179951026,-3.080177143234845,49.122926000393306,0.1532258774143429,155.49985012269065,137.75214987730936,146.626
305,64727186.0,143.7902,147.075,142.91,147.3,141.92,1670302800000,537304,146.844,146.63116527228206,-3.4457131274913824,42.22141809145045,-0.19629010630160337,155.16044205138687,138.49055794861314,146.8255
306,69721094.0,141.1601,142.19,140.94,143.37,140.0,1670389200000,565392,145.92000000000002,146.1137866111655,-6.152616859768284,38.997545892848144,-0.6250414883434416,154.9997067981493,138.79529320185065,146.89749999999998
307,62128338.0,142.5153,142.36,142.65,143.52,141.1,1670475600000,456121,145.078,145.79889691924134,-5.573575163831328,43.181816117499544,-0.8174245769705806,153.5886084566975,140.98439154330248,147.2865
308,76084511.0,143.2204,142.34,142.16,145.57,140.9,1670562000000,530236,144.483,145.46808810840122,-4.017284450746078,42.25892945805339,-0.9979250073540129,153.73801996407798,140.363980035922,147.051
309,70462654.0,143.0063,142.7,144.49,144.5,141.06,1670821200000,492710,144.51,145.37917100763747,0.1872139786437458,48.11742760385497,-0.9421014128412537,153.4503122345887,140.13068776541132,146.7905
310,93486161.0,146.5933,149.5,145.47,149.9692,144.24,1670907600000,706525,144.94,145.38742818876133,3.0459729404264446,50.46614744981196,-0.8094521417803549,153.29674055458585,140.0032594454141,146.64999999999998
311,82211182.0,144.2495,145.35,143.21,146.655,141.16,1670994000000,597870,144.45800000000003,145.18948017160122,-3.2560967371478706,45.220653343391724,-0.8765850246610967,152.92521905100824,139.69178094899172,146.30849999999998
312,98463907.0,137.6359,141.11,136.5,141.8,136.025,1671080400000,879346,143.277,144.39952742872836,-7.963050367473537,33.67407121894301,-1.4544630950130966,153.45803863977852,137.92996136022145,145.694
313,160063600.0,134.9476,136.685,134.51,137.65,133.73,1671166800000,821076,141.947,143.50047948066214,-8.998038021784732,31.060617862520502,-2.049387929676243,153.69354489205202,136.07345510794798,144.8835
314,79592614.0,132.4667,135.11,132.37,135.2,131.32,1671426000000,705820,140.52100000000002,142.48861770969285,-9.725158562367858,28.424692604496116,-2.662854533133924,153.79377287568525,134.08122712431475,143.9375
315,77430718.0,131.8489,131.39,132.3,133.25,129.89,1671512400000,640693,139.45999999999998,141.5623797360844,-7.424253026380229,28.337290261077626,-3.118728885892722,154.03534985195122,132.26865014804875,143.152
316,85927993.0,135.315,132.98,135.45,136.81,132.75,1671598800000,588684,138.911,141.00670885098583,-3.8952745849297634,37.88680253115014,-3.1890722803801737,153.2903875396468,131.54061246035323,142.4155
317,77696108.0,131.8997,134.352,132.23,134.56,130.3,1671685200000,643294,137.869,140.20882622816893,-7.3045916579039725,32.90633325491197,-3.4647080193047373,152.44995348006188,130.49704651993812,141.4735
318,63802893.0,131.1521,130.92,131.86,132.415,129.64,1671771600000,541274,136.839,139.44984202560812,-7.2453573438379175,32.36316221843825,-3.6706937632564234,151.95334944552994,129.36865055447007,140.661
319,69007830.0,129.9522,131.38,130.03,131.41,128.72,1672117200000,608331,135.393,138.59349275055283,-10.007612983597486,29.67159709773688,-3.9362302434093692,152.01690223117149,127.88609776882848,139.95149999999998
320,85438391.0,127.5918,129.67,126.04,131.0275,125.87,1672203600000,762246,133.45,137.4522661368662,-13.356705850003431,24.695860313697736,-4.4177049188180035,152.6743835170588,125.7156164829412,139.195
321,75501810.0,129.4879,127.99,129.61,130.4814,127.73,1672290000000,598204,132.09,136.73933285169656,-9.496543537462463,35.456154028577984,-4.459798126972146,151.72999554102014,124.81800445897986,138.274
322,76204209.0,128.8013,128.41,129.93,129.95,127.43,1672376400000,592655,131.433,136.12030259245142,-4.813186813186808,36.361808132070436,-4.416426160403745,150.44949426285535,124.26050573714467,137.35500000000002
323,112117471.0,125.725,130.28,125.07,130.9,124.17,1672722000000,1021065,130.48899999999998,135.1157296295013,-7.0180655713329845,29.400303528090774,-4.719807939754389,149.43229317065234,123.00370682934769,136.21800000000002
324,89100633.0,126.6464,126.89,126.36,128.6557,125.08,1672808400000,770042,129.888,134.31975420863753,-4.540303694190531,33.173564734174164,-4.800807249049001,148.17611898145122,122.23288101854877,135.2045
325,80716808.0,126.0883,127.13,125.02,127.77,124.76,1672894800000,665458,129.16,133.4743220078523,-5.502645502645514,31.246116750941198,-4.9164527791339765,147.49833727199695,121.12166272800306,134.31
326,87754715.0,128.1982,126.01,129.62,130.29,124.89,1672981200000,711520,128.577,133.12392909804754,-4.3041712809154555,43.71890587723008,-4.584078732572237,146.7154554310587,120.77254456894131,133.744
327,70790813.0,131.6292,130.465,130.15,133.41,129.89,1673240400000,645365,128.369,132.85357190731594,-1.573016713302567,44.996325489152255,-4.22915230027948,145.5051275627187,120.73287243728129,133.119
328,63896155.0,129.822,130.26,130.73,131.2636,128.12,1673326800000,554940,128.256,132.66051991574176,-0.8569695131199937,46.47355860022876,-3.8566127615853816,144.24806558461765,120.84693441538238,132.5475
329,69458949.0,132.3081,131.25,133.49,133.51,130.46,1673413200000,561278,128.602,132.73592719612887,2.660924402061069,53.12931219959398,-3.300616111479343,142.3583028163814,121.63669718361858,131.9975
330,71379648.0,133.171,133.88,133.41,134.26,131.44,1673499600000,635331,129.339,132.79720654193534,5.8473500476039275,52.91739523790089,-2.833774107989086,139.7604535619041,123.02854643809596,131.39450000000002
331,57809719.0,133.6773,132.03,134.76,134.92,131.66,1673586000000,537385,129.854,132.9756423108503,3.9734588380526015,56.193595257504896,-2.3280286738244627,137.57648817092849,124.36751182907155,130.972
332,63612627.0,135.7587,134.83,135.94,137.29,134.13,1673931600000,595831,130.45499999999998,133.24512937350028,4.625567613330247,58.96661523950374,-1.8111280781248524,137.45864319820618,124.42935680179384,130.94400000000002
333,69672800.0,136.3316,136.815,135.21,138.61,135.03,1674018000000,578304,131.469,133.42375397590934,8.107459822499413,56.50782043147171,-1.4437429609456842,137.57689026886123,124.38110973113872,130.97899999999998
334,58280413.0,134.9653,134.08,135.27,136.25,133.77,1674104400000,491674,132.35999999999999,133.59159452355394,7.05128205128206,56.672812272913625,-1.1346663824041912,137.9609303053296,124.28706969467038,131.124
335,80200655.0,136.3762,135.28,137.87,138.02,134.22,1674190800000,552230,133.645,133.98054047595812,10.278355463125907,63.36446537584654,-0.6721742894454508,138.83610444198743,123.96889555801252,131.40249999999997
336,81760313.0,141.2116,138.12,141.11,143.315,137.9,1674450000000,719288,134.79399999999998,134.62867315996192,8.864372781978098,69.8186420198414,-0.043701290239056334,140.082450577438,123.28854942256197,131.6855
337,66435142.0,142.0507,140.305,142.53,143.16,140.3,1674536400000,498679,136.032,135.3469755999654,9.5121014214368,72.2033317551351,0.5624664588854671,141.8394428362211,122.56155716377889,132.2005
338,65799349.0,140.7526,140.89,141.86,142.43,138.81,1674622800000,536505,137.145,135.93906872724125,8.513730589765183,69.33144502678971,0.9775270434259369,143.21464375971436,122.18635624028566,132.7005
339,54105068.0,143.3429,143.17,143.96,144.25,141.9,1674709200000,472135,138.192,136.66824429749204,7.843284141134166,73.06278441939813,1.4590984182832472,144.90941608003908,121.8845839199609,133.397
340,70547743.0,145.8365,143.155,145.93,147.23,143.08,1674795600000,560022,139.44400000000002,137.51022208862912,9.384603852784657,76.09440854599505,1.97692102344746,146.6050060895693,122.17799391043071,134.3915
341,64015274.0,143.6524,144.955,143.0,145.55,142.85,1675054800000,551111,140.268,138.00929280784464,6.11457405758386,64.16127448857046,2.1263612864855475,147.61590007924988,122.50609992075013,135.061
342,65874459.0,143.6473,142.7,144.29,144.34,142.28,1675141200000,468170,141.103,138.58026618894968,6.142415771663965,66.71475808335353,2.3221180591052644,148.714720930816,122.84327906918399,135.779
343,77663426.0,143.8723,143.97,145.43,146.61,141.32,1675227600000,693374,142.125,139.20296926268153,7.558612528659121,68.89114999654038,2.5399660369799335,149.40173736338662,124.19226263661336,136.797
344,118338980.0,149.3764,148.9,150.82,151.18,148.17,1675314000000,996203,143.68,140.2590629660741,11.495527463591323,76.84492064777297,3.111670680192532,151.07523649728182,124.96476350271818,138.02
345,154338835.0,154.2437,148.03,154.5,157.38,147.83,1675400400000,1141350,145.34300000000002,141.55369360552191,12.06208747370711,80.60643919202191,3.817688042479375,152.9946139119658,125.9933860880342,139.494
346,69771906.0,152.0939,152.575,151.73,153.1,150.78,1675659600000,583517,146.40500000000003,142.47881236865626,7.526043512153621,70.96482966348165,4.106360471137407,154.30434655149298,126.89465344850704,140.5995
347,83322551.0,153.4202,150.64,154.65,155.23,150.64,1675746000000,661767,147.617,143.5852839715057,8.503472953062516,74.53280244631966,4.518666670557366,155.9477156041028,127.70128439589719,141.8245
348,63620079.0,152.3636,153.88,151.92,154.58,151.168,1675832400000,524140,148.623,144.34298542864155,7.091498660651327,66.09545321044482,4.572426038529613,156.69491220738067,129.0730877926193,142.884
349,55994243.0,152.2769,153.775,150.87,154.33,150.42,1675918800000,471973,149.314,144.93635038967415,4.799944429008055,63.04547565901554,4.478677098467671,157.27433292245922,130.23166707754075,143.753
350,57388108.0,150.4054,149.46,151.01,151.3401,149.22,1676005200000,443405,149.82199999999997,145.4885003542492,3.481121085451918,63.29639262967931,4.365356110117517,157.62784990294165,131.63815009705831,144.63299999999998
351,62199013.0,153.231,150.952,153.85,154.26,150.92,1676264400000,506668,150.90699999999998,146.2486366856811,7.587412587412583,68.16801810667418,4.453376918559769,158.3435665959373,132.83143340406272,145.5875
352,61664023.0,152.5956,152.12,153.2,153.77,150.86,1676350800000,528566,151.798,146.88057880516465,6.175064107006721,65.94224258242662,4.419736504449759,158.80822385999906,134.09277614000095,146.4505
353,65665252.0,154.4536,153.11,155.33,155.5,152.88,1676437200000,520574,152.788,147.64870800469512,6.807398748538819,69.56096530724903,4.512927216990903,159.25330172758677,135.65969827241324,147.4565
354,68167942.0,154.7143,153.51,153.71,156.33,153.3475,1676523600000,516187,153.077,148.19973454972282,1.9161914865402565,63.82964609039867,4.405279744286787,159.05011145282182,137.70688854717818,148.3785
355,59105618.0,152.0451,152.35,152.55,153.0,150.85,1676610000000,468580,152.882,148.59521322702074,-1.2621359223300896,59.902861892456656,4.178202325566588,158.7625173574974,139.46248264250264,149.1125
356,58217230.0,149.3501,150.2,148.48,151.3,148.405,1676955600000,509342,152.557,148.58473929729158,-2.141962696895802,48.315275845316016,3.6280054610357695,158.41697649952158,140.5450235004784,149.481
357,51008155.0,148.5494,148.87,148.91,149.95,147.16,1677042000000,429775,151.983,148.61430845208324,-3.7116068541868796,49.46286789363829,3.18989674425481,158.1574254408881,141.44257455911193,149.8
358,48392049.0,148.8407,150.09,149.4,150.34,147.24,1677128400000,425159,151.731,148.68573495643932,-1.6587677725118366,50.84477896401498,2.849385393565967,157.70702815399815,142.6469718460019,150.17700000000002
359,55469606.0,146.3861,147.11,146.71,147.19,145.7202,1677214800000,472221,151.315,148.5061226876721,-2.7573407569430612,43.57644332258232,2.335544473299052,157.47686685740163,143.1521331425984,150.3145
360,44998470.0,148.1344,147.71,147.92,149.17,147.45,1677474000000,418069,151.00600000000003,148.45283880697463,-2.0462221044963935,47.338880674913376,2.002870880801595,157.38263372548775,143.44536627451222,150.414
361,50546998.0,147.7996,147.05,147.41,149.08,146.83,1677560400000,383779,150.362,148.35803527906785,-4.185895352616184,45.9053262251814,1.6787206772118566,156.89378901713337,144.37521098286663,150.6345
362,55478991.0,145.868,146.83,145.31,147.2285,145.01,1677646800000,461613,149.573,148.08094116278895,-5.150130548302863,40.31915504804203,1.2381047550009328,156.75079628295325,144.62020371704673,150.6855
363,52279761.0,145.1652,144.38,145.91,146.71,143.9,1677733200000,413238,148.631,147.88358287526265,-6.064507822056277,42.5389564275253,0.9266466421006498,156.69469331350345,144.72430668649653,150.7095
364,70725339.0,150.0304,148.045,151.03,151.11,147.33,1677819600000,558706,148.363,148.1696207956933,-1.7435430355864985,57.519943789969204,1.0804997258157698,156.70666852264318,144.7333314773568,150.72
365,87558028.0,154.6895,153.785,153.83,156.3,153.46,1678078800000,691990,148.491,148.68420072335755,0.8390691576532291,63.32934252755792,1.4120883272927074,156.5951759092039,144.7778240907961,150.6865
366,56136378.0,152.2768,153.7,151.6,154.0299,151.13,1678165200000,496631,148.803,148.94927338487048,2.101293103448279,56.49270161312926,1.477896054064729,156.5843543254116,144.77564567458842,150.68
367,47204791.0,152.6973,152.81,152.87,153.47,151.83,1678251600000,405203,149.19899999999998,149.305703077155,2.6593244241488203,59.27470933778983,1.6139232353925195,156.30385882899324,144.87814117100672,150.59099999999998
368,53833122.0,152.4689,153.559,150.59,154.535,150.225,1678338000000,480909,149.318,149.42245734286817,0.7965194109772409,52.56941322783383,1.5202246083941304,156.20480096033705,144.84419903966298,150.52450000000002
369,68559600.0,149.0716,150.21,148.5,150.94,147.6096,1678424400000,611457,149.497,149.3385975844256,1.2200940631177097,47.13827177596686,1.26276585951058,156.15104099202134,144.66095900797868,150.406
370,84457122.0,151.1835,147.805,150.47,153.14,147.7,1678680000000,760660,149.752,149.44145234947783,1.7239048134126633,52.29955665319125,1.2038136675418798,156.11750468327816,144.64049531672183,150.379
371,72045893.0,152.1061,151.28,152.59,153.4,150.1,1678766400000,565196,150.27,149.72768395407076,3.514008547588364,57.28623599029743,1.313024187594408,155.9269443055519,144.7050556944481,150.316
372,77167866.0,151.7861,151.19,152.99,153.245,149.92,1678852800000,703116,151.03799999999998,150.02425814006432,5.285252219393026,58.202294243905065,1.4155335786601313,155.89556431090065,144.71543568909934,150.3055
373,76206919.0,154.813,152.16,155.85,156.46,151.64,1678939200000,676097,152.032,150.5538710364221,6.8124186142142396,64.28706623321662,1.707863915493249,156.01879206213337,144.64420793786664,150.3315
374,98944633.0,155.3402,156.08,155.0,156.74,154.28,1679025600000,615778,152.429,150.95806457856554,2.6286168310931597,61.3383412137186,1.8496285507272603,156.26155845593627,144.53044154406376,150.39600000000002
375,72711415.0,156.6059,155.07,157.4,157.82,154.15,1679284800000,628984,152.786,151.54369507142323,2.3207436780861945,66.20188620855845,2.1310723127968743,157.19996408966827,144.07703591033172,150.6385
376,73938285.0,158.3406,157.32,159.28,159.4,156.54,1679371200000,590982,153.554,152.24699551947566,5.065963060686021,69.53726695352753,2.477262470397932,158.65444081036017,143.70255918963986,151.1785
377,75349311.0,159.6832,159.3,157.83,162.14,157.81,1679457600000,656865,154.05,152.7545413813415,3.244586903905284,64.11500750238974,2.6045936483429557,159.55629040318198,143.692709596818,151.62449999999998
378,67482060.0,159.5685,158.83,158.93,161.5501,157.68,1679544000000,614268,154.884,153.31594671031044,5.538216349027162,66.3281617187254,2.762421851595093,160.56796380056107,143.63403619943892,152.101
379,59006343.0,159.2417,158.86,160.25,160.34,157.85,1679630400000,517531,156.059,153.9463151911913,7.912457912457913,68.88665488046313,2.9598949811904163,161.5714534740348,143.98454652596524,152.77800000000002
380,52390266.0,159.0188,159.94,158.28,160.77,157.87,1679889600000,518436,156.84,154.34028653744662,5.19040340267163,61.17825392038272,2.9237284020278764,162.1042856447788,144.4877143552212,153.296
381,45992152.0,156.9785,157.97,157.65,158.49,155.98,1679976000000,432447,157.346,154.64116957949693,3.316075758568715,58.83874650213505,2.811817510638093,162.37536739027914,145.24063260972085,153.808
382,51305691.0,160.216,159.37,160.77,161.05,159.35,1680062400000,472077,158.124,155.19833598136086,5.085299692790379,65.99440032309431,2.9409834218211586,162.7210464372153,146.44095356278467,154.581
383,49210289.0,162.0209,161.53,162.36,162.47,161.271,1680148800000,456152,158.775,155.84939634669166,4.17709335899905,69.0418449418213,3.1355039115307477,163.18936225154445,147.61763774845556,155.4035
384,68749792.0,164.0421,162.44,164.9,165.0,161.91,1680235200000,574409,159.765,156.67217849699242,6.387096774193552,73.29044726712853,3.4547948489210967,164.63556451635912,147.5584354836409,156.097
385,56976187.0,165.3487,164.27,166.17,166.29,164.22,1680494400000,568686,160.642,157.53561681544764,5.571791613722987,75.18259432233324,3.7668912260911043,166.23500498897198,147.19299501102802,156.714
386,46278295.0,165.9131,166.595,165.63,166.84,165.11,1680580800000,456306,161.277,158.27146983222514,3.986690105474632,72.74783589082715,3.9254067212972927,167.382923889854,147.44807611014602,157.4155
387,51511744.0,163.4912,164.74,163.76,165.05,161.8,1680667200000,533621,161.86999999999998,158.77042712020466,3.7572071215865033,64.68731623587202,3.855692004193344,168.0635558097154,147.8564441902846,157.96
388,45390123.0,164.0257,162.43,164.66,164.9584,162.0,1680753600000,446212,162.443,159.3058428365497,3.605360850688976,66.66261540752333,3.8289275733661157,168.57393949580623,148.75306050419377,158.6635
389,47670382.0,161.2628,161.42,162.03,162.03,160.08,1681099200000,563913,162.621,159.5534934877724,1.1107644305772237,56.41610501139264,3.5545232178932906,168.17139400095132,150.50860599904868,159.34
390,47494217.0,161.1314,162.35,160.8,162.36,160.51,1681185600000,490479,162.873,159.66681226161128,1.5921152388172921,52.24327330299485,3.2009070052818913,167.70617330530646,152.00682669469356,159.8565
391,50133062.0,160.8845,161.22,160.1,162.06,159.78,1681272000000,514261,163.118,159.70619296510117,1.5540754836663422,49.90897250276025,2.8315392375062345,167.3386746091292,153.12532539087078,160.232
392,68418649.0,164.3531,161.63,165.56,165.8,161.42,1681358400000,595709,163.597,160.23835724100107,2.9794115817627613,63.89155332984406,2.9454358383941894,167.5022602335559,154.21873976644412,160.8605
393,49314480.0,165.0394,164.59,165.21,166.32,163.82,1681444800000,489551,163.882,160.69032476454643,1.755358462675532,62.64602443836047,2.973184618709297,167.80920142808986,154.84779857191012,161.3285
394,41516217.0,164.8044,165.09,165.23,165.39,164.03,1681704000000,483388,163.91500000000002,161.10302251322403,0.20012128562764347,62.69220183231193,2.9626381119053633,167.83894324027554,155.8410567597244,161.83999999999997
395,49915508.0,166.3535,166.1,166.47,167.41,165.65,1681790400000,494642,163.945,161.5909295574764,0.1805380032496909,65.62004042496764,3.0195303004560685,168.25247063258826,156.33452936741173,162.2935
396,47621166.0,167.2806,165.8,167.63,168.16,165.54,1681876800000,473866,164.145,162.13993596134216,1.2075107166576105,68.2129729673155,3.122228963275518,168.9312504772759,156.49074952272412,162.711
397,52456377.0,166.779,166.09,166.65,167.87,165.56,1681963200000,493153,164.43400000000003,162.54994178303832,1.7647777234978106,63.703025406724734,3.0889332835668313,169.17295540591792,157.13104459408206,163.152
398,57736141.0,165.0754,165.05,165.02,166.4521,164.49,1682049600000,520279,164.47,162.77449253003482,0.21863233329285414,56.76687473753936,2.897616915891149,169.2022680948724,157.7107319051276,163.4565
399,41449581.0,164.9397,165.0,165.33,165.6,163.89,1682308800000,459499,164.8,163.00681139094075,2.0366598778004144,57.73923542044346,2.739433244169277,169.31420047379893,158.10679952620106,163.7105
400,48652863.0,164.6479,165.19,163.77,166.305,163.73,1682395200000,501548,165.09699999999998,163.0761921735825,1.8470149253731336,51.2892662357512,2.4598371111202937,169.0052290784441,158.96477092155592,163.985
401,45487296.0,163.9084,163.055,163.76,165.28,162.8,1682481600000,493403,165.46300000000002,163.13835652143862,2.2860712054965626,51.24849061491034,2.2119502591745572,168.39087303181756,160.19012696818245,164.2905
402,64898729.0,167.3197,165.19,168.41,168.56,165.19,1682568000000,575981,165.748,163.61759683767147,1.721430297173227,65.44300432003018,2.36346967421224,168.81310804714212,160.5318919528579,164.6725
403,55275851.0,168.9479,168.49,169.68,169.85,167.8801,1682654400000,527763,166.195,164.16872439788315,2.7056473579081164,68.24847242077863,2.5565578805897644,169.57218404281323,160.50481595718676,165.0385
404,52424936.0,169.6586,169.28,169.59,170.45,168.64,1682913600000,540745,166.631,164.66156763443922,2.63874599043758,67.81497031514832,2.67152376444011,170.22009247943276,160.32590752056723,165.273
405,48425696.0,168.6978,170.09,168.54,170.35,167.54,1683000000000,509755,166.838,165.01415239494474,1.2434672914038525,62.655975929388106,2.6473913513377454,170.5287454681532,160.2542545318468,165.3915
406,65126998.0,169.013,169.5,167.45,170.92,167.16,1683086400000,610052,166.82,165.2355930863134,-0.10737934737219282,57.60158742423008,2.511362921114113,170.6973130359641,160.26768696403593,165.48250000000002
407,81225673.0,166.0983,164.89,165.79,167.04,164.31,1683172800000,832121,166.73399999999998,165.28599371483034,-0.5160516051605242,50.68313900772118,2.2437467672795037,170.7394413972095,160.4285586027905,165.584
408,113402971.0,173.3116,170.975,173.57,174.3,170.76,1683259200000,915977,167.589,166.03908519530032,5.181190158768623,69.6598509306979,2.6291330083802507,172.2237859959856,159.83521400401443,166.0295
409,55962634.0,173.321,172.48,173.5,173.85,172.11,1683518400000,563138,168.406,166.71735017754574,4.941631887739664,69.39290914149788,2.895528120258234,173.3123996750876,159.89360032491243,166.603
410,45326874.0,172.3162,173.05,171.77,173.54,171.6,1683604800000,456209,169.20600000000002,167.17668197958704,4.884899554252915,62.785944098518414,2.933239069789323,173.66435275436712,160.63864724563288,167.1515
411,53724501.0,173.1737,173.02,173.555,174.03,171.9,1683691200000,511486,170.1855,167.75652907235187,5.981314118221798,66.44822781868822,3.071750622045414,174.05827861318986,161.59022138681016,167.82425
412,49473076.0,173.4903,173.85,173.75,174.59,172.17,1683777600000,501955,170.71949999999998,168.3013900657744,3.170833085921266,66.84428443023826,3.1608209194307335,174.88129757411116,161.5862024258888,168.23375
413,45533138.0,172.3696,173.62,172.57,174.06,171.0,1683864000000,490533,171.0085,168.68944551434035,1.703206034889195,61.929082803112074,3.100453535109523,175.35306044687422,161.8504395531258,168.60175
414,37264259.0,172.1109,173.16,172.07,173.21,171.47,1684123200000,444785,171.25650000000002,168.99676864940034,1.4623503744324486,59.856859865872885,2.977938307677107,175.67014195632208,162.2173580436779,168.94375
415,42110293.0,172.2781,171.99,172.07,173.1383,171.7991,1684209600000,436165,171.6095,169.27615331763667,2.094458288833512,59.856859865872885,2.848013974985861,175.98108296131508,162.4664170386849,169.22375
416,57934404.0,171.85,171.71,172.69,172.925,170.4201,1684296000000,554940,172.1335,169.58650301603333,3.1292923260674885,61.81297460259792,2.763224096381805,176.35428464186668,162.59921535813328,169.47674999999998
417,65496657.0,174.3014,173.0,175.05,175.24,172.58,1684382400000,595692,173.0595,170.0831845600303,5.585379094034634,68.33821084840434,2.8535656547816757,177.05279658663417,162.74070341336588,169.89675000000003
418,55525641.0,175.5191,176.39,175.16,176.39,174.94,1684468800000,532731,173.2185,170.5447132363912,0.9160569222791978,68.61594395580934,2.900601740083175,177.5427015161598,163.2647984838402,170.40375
419,43570932.0,174.1828,173.98,174.2,174.71,173.45,1684728000000,526393,173.28849999999997,170.8770120330829,0.4034582132564776,63.2369717085723,2.827816886799951,177.76906874582698,163.92543125417296,170.84724999999997
420,50745163.0,172.1908,173.13,171.56,173.3794,171.275,1684814400000,535091,173.26749999999998,170.93910184825717,-0.1222565057926343,51.0167920203349,2.5279675927826304,177.35139166980235,165.1221083301976,171.23674999999997
421,43711588.0,171.5088,171.09,171.84,172.4183,170.52,1684900800000,492275,173.096,171.02100168023378,-0.9881593731093908,52.107443868409455,2.28657036706781,176.70320027136913,166.57829972863087,171.64075
422,55889523.0,172.8818,172.41,172.99,173.895,171.69,1684987200000,534909,173.02,171.20000152748526,-0.43741007194244075,56.524942096627846,2.163121596299021,176.73751999765665,167.00198000234337,171.86975
423,54834975.0,175.1454,173.32,175.43,175.77,173.11,1685073600000,529918,173.30599999999998,171.5845468431684,1.6572984875702694,64.29004398882995,2.2363953901833042,177.1513099465853,167.16319005341472,172.15725
424,55963954.0,177.4489,176.96,177.3,178.99,176.57,1685419200000,651318,173.829,172.10413349378945,3.039460684605113,69.00434283034211,2.417491435076329,177.86417976558832,167.2213202344117,172.54275
425,99625288.0,177.9376,177.325,177.25,179.35,176.76,1685505600000,669221,174.347,172.5719395398086,3.0104027430696854,68.73476131436063,2.5278374368007803,178.34352844105888,167.61297155894113,172.97825
426,68901712.0,179.3796,177.7,180.09,180.12,176.9306,1685592000000,624132,175.087,173.25539958164418,4.2851352133881555,74.91875004649351,2.8120362992708863,179.19519447153183,168.02530552846818,173.61025
427,61996852.0,180.6479,181.03,180.95,181.78,179.26,1685678400000,617235,175.677,173.9549087105856,3.3704655812624837,76.4837441965399,3.071257216599065,179.60623365309567,169.13026634690436,174.36825000000002
428,121722517.0,182.1408,182.63,179.58,184.951,178.035,1685937600000,1286180,176.119,174.4662806459869,2.5234071705869012,68.8767072502972,3.130062696367929,180.35911894674663,168.97838105325334,174.66875
429,64845314.0,178.7093,179.965,179.21,180.12,177.43,1686024000000,705164,176.62000000000003,174.8975278599881,2.876004592422514,66.8805941033628,3.110949466028785,180.9463825711386,168.9621174288614,174.95425
430,61944615.0,178.6619,178.44,177.82,181.21,177.32,1686110400000,669062,177.246,175.1632071454437,3.64886920027978,59.66305964445981,2.949639106463593,181.18585134422588,169.32764865577408,175.25674999999998
431,50210681.0,179.5493,177.895,180.57,180.84,177.46,1686196800000,548456,178.119,175.65473376858517,5.080307262569826,67.39730044870592,3.009015444622321,181.91060042757556,169.30439957242447,175.60750000000002
432,48869360.0,181.4395,181.5,180.96,182.23,180.63,1686283200000,557894,178.916,176.13703069871377,4.607202728481414,68.35346001531474,3.0523557044946017,182.61999398677605,169.31600601322398,175.96800000000002
433,54754995.0,182.836,181.27,183.79,183.89,180.97,1686542400000,562058,179.752,176.8327551806489,4.765433506241798,74.40551119222368,3.2772820539159397,183.8034481577716,169.25455184222838,176.529
434,54867129.0,183.1702,182.8,183.31,184.15,182.44,1686628800000,608337,180.353,177.4215956187717,3.3897349125775467,71.81719638360227,3.3778678598282283,184.63249030365415,169.54950969634586,177.091
435,57462782.0,183.7101,183.37,183.95,184.39,182.02,1686715200000,614097,181.023,178.01508692615607,3.779971791255283,73.19843397722096,3.4692343133512225,185.41997382026028,169.95002617973972,177.685
436,65433166.0,185.5672,183.96,186.01,186.52,183.78,1686801600000,697003,181.61499999999998,178.74189720559642,3.287245266255754,77.1955639434744,3.6656127676686197,186.53187501433158,170.17012498566842,178.351
437,101151225.0,185.4644,186.73,184.92,186.99,184.27,1686888000000,616272,182.012,179.30354291417856,2.1939762365294277,70.97262242567164,3.6907455991974416,187.35352926308968,170.33547073691028,178.84449999999998
438,49799092.0,185.2709,184.41,185.01,186.1,184.41,1687233600000,577495,182.555,179.82231174016232,3.0237220180420863,71.18572299223558,3.6755562723417086,188.07318475080046,170.6008152491995,179.337
439,49515697.0,184.0809,184.9,183.96,185.41,182.5901,1687320000000,520855,183.03000000000003,180.19846521832937,2.650521734278221,64.99994834825569,3.5380084376559466,188.44851552443208,171.2014844755679,179.825
440,51245327.0,186.1166,183.74,187.0,187.045,183.67,1687406400000,563076,183.948,180.8167865621176,5.162523900573618,72.64636579000508,3.632430978142537,188.88042706855833,172.31357293144168,180.597
441,53112346.0,186.4952,185.55,186.68,187.56,185.01,1687492800000,539704,184.559,181.34980596556147,3.383729301655875,70.8363621290023,3.6394864616788425,188.9859913037827,173.6920086962173,181.339
442,48088661.0,186.3292,186.83,185.27,188.05,185.23,1687752000000,584497,184.98999999999998,181.7061872414195,2.3817418213969948,63.135081793596484,3.491060000498692,188.7440149462456,175.1619850537544,181.953
443,50731499.0,187.4998,185.89,188.06,188.39,185.67,1687838400000,511869,185.417,182.28380658310863,2.3233037706077644,70.24691109569318,3.557551405551294,189.17782230367467,175.9911776963253,182.5845
444,51216801.0,188.8916,187.93,189.25,189.9,187.6,1687924800000,559145,186.01100000000002,182.9170968937351,3.2404124161256878,72.73924474989232,3.664032689788513,189.91582981668952,176.44817018331045,183.182
445,46347308.0,189.5561,189.08,189.59,190.07,188.94,1688011200000,525367,186.575,183.5237244488501,3.066050557216643,73.44540497277319,3.7328253462160887,190.50694126391542,177.09105873608453,183.79899999999998
446,85068452.0,193.102,191.63,193.97,194.48,191.26,1688097600000,774380,187.371,184.473385862591,4.279339820439765,80.62813429641022,4.093585115824993,192.30379022891685,176.68220977108314,184.493
447,31458198.0,192.6624,193.78,192.46,193.88,191.76,1688356800000,500175,188.125,185.19944169326453,4.0774388924940626,73.05840526649664,4.209125275879558,193.42718955041073,176.70981044958927,185.0685
448,46896861.0,191.5803,191.565,191.33,192.98,190.62,1688529600000,560170,188.757,185.75676517569502,3.4160315658613167,67.76813066041298,4.161538503547575,194.04072515948786,177.27127484051215,185.656
449,45155523.0,190.8214,189.84,191.81,192.02,189.2,1688616000000,562755,189.542,186.30705925063182,4.267232006958031,68.83330112853723,4.115121077890933,194.53100915706898,178.04099084293102,186.286
450,46757498.0,191.4218,191.41,190.68,192.67,190.24,1688702400000,538826,189.91000000000003,186.7045993187562,1.9679144385026774,63.356586751123736,3.941715732115597,194.40249958186624,179.45550041813382,186.92900000000003
451,59912163.0,188.3628,189.26,188.61,189.99,187.035,1688961600000,736912,190.103,186.87781756250564,1.0338547246625278,54.52626310652541,3.595808800444189,194.23640049527586,180.42559950472412,187.331
452,46638119.0,187.8219,189.16,188.08,189.3,186.6,1689048000000,577717,190.38400000000001,186.9871068750051,1.5167053489501818,52.44672797036173,3.241542015796256,193.94574460256672,181.42825539743325,187.68699999999998
453,60750218.0,189.9586,189.68,189.77,191.7,188.47,1689134400000,652126,190.555,187.24009715909554,0.9092842709773518,58.10737904590081,3.0618567341969083,194.03948957215255,181.9325104278475,187.98600000000002
454,41337338.0,190.565,190.5,190.54,191.19,189.78,1689220800000,467952,190.684,187.54008832645047,0.6816380449141305,60.48844597389005,2.94760921460545,194.09672560004054,182.5982743999595,188.34750000000003
455,41616242.0,190.4662,190.23,190.69,191.1799,189.63,1689307200000,513233,190.794,187.8264439331368,0.5801993776043011,60.96862801403913,2.83647387344854,194.1461095613072,183.22289043869276,188.68449999999999
456,50520159.0,193.2997,191.9,193.99,194.32,191.81,1689566400000,602852,190.796,188.38676721194253,0.010310872815389097,69.90809547403978,2.980325399625343,194.86203363753856,183.30496636246147,189.08350000000002
457,48153774.0,193.3846,193.35,193.73,194.33,192.415,1689652800000,544605,190.923,188.8725156472205,0.6598773771173136,68.53398790224682,3.038325023842191,195.30900959378346,183.73899040621654,189.524
458,80492323.0,194.9188,193.1,195.1,198.23,192.65,1689739200000,776766,191.3,189.43865058838227,1.9704176030941207,71.78137338493612,3.15842928755805,195.9099429352132,184.14705706478682,190.0285
459,59581196.0,194.276,195.09,193.13,196.47,192.495,1689825600000,639817,191.43200000000002,189.77422780762024,0.6881810124602435,61.62071153931468,3.059383576366116,195.80762064050535,185.1663793594947,190.48700000000002
460,71451683.0,192.5948,194.1,191.94,194.97,191.23,1689912000000,580360,191.558,189.97111618874564,0.6607929515418455,56.27434298665467,2.8519901151602767,195.83844668893434,185.62955331106568,190.734
461,45507451.0,193.2011,193.41,192.75,194.91,192.25,1690171200000,525855,191.97199999999998,190.22374198976877,2.1950055670430975,58.966883438467086,2.721616433416017,195.85546585709926,186.21953414290073,191.0375
462,37283201.0,193.804,193.33,193.62,194.44,192.915,1690257600000,445394,192.526,190.5324927179716,2.9455550829434243,61.7759035309655,2.657857948477698,195.6018807554807,187.30811924451928,191.45499999999998
463,47471868.0,194.3737,193.67,194.5,195.64,193.32,1690344000000,502309,192.999,190.893175198156,2.492490910049001,64.5066900689875,2.647815170267023,195.8181735919381,187.73582640806188,191.777
464,47439680.0,194.8773,196.02,193.22,197.2,192.55,1690430400000,570472,193.267,191.10470472559635,1.4065288128476996,57.82962389165567,2.507664102777028,195.88865460979744,188.06234539020252,191.97549999999998
465,47691443.0,195.8075,194.67,195.83,196.626,194.14,1690516800000,519151,193.781,191.53427702326942,2.6954743300645103,65.84050658378419,2.57748689488281,196.3809966715732,188.19400332842685,192.28750000000002
466,38824113.0,196.1507,196.06,196.45,196.49,195.26,1690776000000,530506,194.027,191.98116093024493,1.268106603433156,67.47147639545389,2.6522769810638636,196.8380484296663,187.9849515703337,192.4115
467,35281426.0,195.8486,196.235,195.605,196.73,195.28,1690862400000,477616,194.2145,192.3106008456772,0.967841841738502,62.922018430576344,2.6132404163218155,197.20929293700448,187.9282070629955,192.56875
468,50388811.0,192.9395,195.04,192.58,195.18,191.8507,1690948800000,620582,193.9625,192.33509167788833,-1.2916453100973768,49.61505215792048,2.3115651543008937,197.2369137686855,188.0255862313145,192.63125
469,62243282.0,191.1312,191.57,191.17,192.37,190.69,1691035200000,754703,193.7665,192.22917425262574,-1.0148604566872097,44.717234914075455,1.9363886367140992,197.23608111081074,187.96241888918928,192.59925
470,115956841.0,184.279,185.52,181.99,187.38,181.92,1691121600000,1336765,192.7715,191.29834022965974,-5.183911639053865,26.08760086286874,0.8880721213772631,198.68545354717799,185.64404645282195,192.16474999999997
