,v,vw,o,c,h,l,t,n
0,8196800.0,116.0976,116.51,117.03,117.27,114.6,1632715200000,96996
1,12146139.0,112.8187,115.29,112.14,115.58,111.81,1632801600000,139800
2,8954867.0,111.0955,112.92,109.72,113.34,109.6,1632888000000,108222
3,8589641.0,110.8539,110.35,110.53,111.71,110.0,1632974400000,89308
4,5252219.0,110.4544,111.02,111.17,111.45,109.14,1633060800000,70378
5,7620112.0,107.3956,110.72,107.19,110.82,106.35,1633320000000,106370
6,5482368.0,109.168,107.57,109.04,110.23,107.57,1633406400000,61276
7,4677215.0,109.3624,108.0,109.94,110.33,107.73,1633492800000,54851
8,5129819.0,112.4969,111.2,112.6,113.38,110.94,1633579200000,60972
9,4524639.0,111.3877,112.97,110.6,113.12,110.45,1633665600000,56815
10,4014145.0,111.0561,110.19,110.24,112.06,109.76,1633924800000,46732
11,3844634.0,111.5299,110.77,111.74,112.33,110.6581,1634011200000,42380
12,4490622.0,113.0103,112.01,113.43,113.52,111.94,1634097600000,57464
13,4865548.0,115.7836,115.0,115.58,116.58,114.65,1634184000000,60148
14,3538181.0,115.6926,116.43,115.8,116.49,115.31,1634270400000,48565
15,3927324.0,116.4923,115.03,117.05,117.19,114.9401,1634529600000,47157
16,5706741.0,119.3542,117.7,119.6,120.17,117.5302,1634616000000,67316
17,3666513.0,119.0876,120.1408,118.7,120.4,118.16,1634702400000,45826
18,4406766.0,120.0278,118.44,119.66,120.76,118.37,1634788800000,51941
19,4944667.0,117.892,119.1,117.75,119.13,116.69,1634875200000,65576
20,7614575.0,120.6775,118.59,121.81,122.28,117.801,1635134400000,85840
21,7907302.0,122.5651,122.65,121.2,124.45,120.58,1635220800000,103560
22,4869331.0,120.0362,121.27,118.68,121.87,118.68,1635307200000,66922
23,4681740.0,121.0336,118.7,121.77,122.215,118.54,1635393600000,70268
24,3166363.0,121.2454,120.92,121.28,122.059,120.71,1635480000000,46638
25,6516504.0,124.0362,121.93,125.12,125.15,121.89,1635739200000,86132
26,5595851.0,123.1115,124.56,123.09,124.56,121.87,1635825600000,82043
27,3928424.0,123.1621,122.28,124.64,124.67,121.36,1635912000000,54817
28,7436081.0,124.5297,124.7321,124.39,125.86,123.2877,1635998400000,67133
29,5807110.0,122.523,123.96,122.29,124.501,121.02,1636084800000,72304
30,3428846.0,123.4022,121.69,123.4,124.3,121.61,1636347600000,48565
31,5724120.0,121.1037,123.91,120.57,124.22,119.65,1636434000000,75889
32,7851866.0,118.3007,118.42,116.54,120.785,115.2,1636520400000,93194
33,3978070.0,117.793,118.28,117.34,118.78,117.1,1636606800000,48545
34,3740706.0,117.5926,117.77,118.49,118.52,116.71,1636693200000,50122
35,3690211.0,117.8226,118.85,117.53,119.05,116.64,1636952400000,49619
36,3324495.0,118.0779,116.74,118.92,118.92,116.12,1637038800000,44440
37,3802598.0,117.257,118.37,116.72,118.71,116.17,1637125200000,46537
38,6031652.0,114.6625,117.13,113.82,117.73,113.22,1637211600000,77543
39,5806108.0,113.7869,114.29,113.24,115.3,113.01,1637298000000,68190
40,8991302.0,110.0774,113.4,108.49,113.51,107.59,1637557200000,110407
41,10301376.0,105.8285,107.96,105.96,108.59,103.58,1637643600000,126319
42,7798003.0,106.6349,105.03,107.77,108.02,103.64,1637730000000,100503
43,6118950.0,107.5121,107.572,107.12,108.8099,106.33,1637902800000,87697
44,5724151.0,106.7386,108.55,106.92,108.77,104.905,1638162000000,89617
45,9609186.0,106.0444,107.0,105.69,108.88,103.73,1638248400000,130228
46,11352102.0,102.1579,106.75,98.6,106.98,98.53,1638334800000,158285
47,14404737.0,98.8334,98.64,99.02,101.12,96.47,1638421200000,186839
48,20003907.0,93.6689,98.66,93.53,99.0,91.66,1638507600000,247736
49,19380268.0,92.9811,92.03,94.95,95.08,89.03,1638766800000,199396
50,13208976.0,99.9554,97.88,100.11,101.33,97.85,1638853200000,140445
51,11292943.0,101.6491,100.52,103.22,103.92,98.28,1638939600000,117838
52,14074234.0,99.8431,102.68,97.73,103.54,97.44,1639026000000,162424
53,13081308.0,97.2191,98.95,96.17,100.57,95.61,1639112400000,132365
54,17018473.0,94.7339,95.79,94.5,96.89,92.46,1639371600000,182614
55,12551322.0,92.9979,92.37,93.42,94.72,91.53,1639458000000,132856
56,23968047.0,92.456,93.05,95.43,95.79,90.055,1639544400000,230556
57,20432289.0,93.5004,96.84,91.87,97.07,90.87,1639630800000,238304
58,26902838.0,95.1221,90.82,97.2,97.51,89.6,1639717200000,268779
59,13357610.0,94.9838,95.0,94.73,96.46,93.28,1639976400000,165263
60,11462755.0,96.8808,96.14,98.37,98.49,94.7,1640062800000,137630
61,12411091.0,98.2493,98.24,98.26,99.88,96.93,1640149200000,130861
62,8100725.0,98.328,98.11,99.07,99.71,96.03,1640235600000,95174
63,7416255.0,97.8739,98.7,97.41,99.14,97.07,1640581200000,96645
64,9604385.0,96.9007,97.24,95.63,99.03,95.48,1640667600000,108164
65,9883272.0,93.8014,94.79,93.83,95.15,92.78,1640754000000,115478
66,9528370.0,96.839,93.33,96.7,98.43,93.33,1640840400000,98934
67,7090680.0,96.0429,96.71,94.59,98.075,94.48,1640926800000,85919
68,10381061.0,95.8849,96.0,96.99,97.17,93.44,1641186000000,124477
69,19120908.0,92.3896,96.73,92.69,97.0,90.515,1641272400000,210291
70,20246504.0,88.8997,91.45,86.12,92.95,85.63,1641358800000,255071
71,20026503.0,85.6273,85.97,85.58,87.59,82.65,1641445200000,228496
72,15288559.0,85.6418,85.85,84.42,88.59,83.9,1641531600000,157808
73,23683022.0,82.1042,83.2231,84.64,84.69,80.1,1641790800000,235363
74,13833922.0,85.98,84.42,86.98,87.55,83.3,1641877200000,138250
75,19750915.0,85.9561,87.97,84.56,89.34,84.33,1641963600000,193720
76,25331694.0,81.6587,85.01,79.98,85.17,79.845,1642050000000,261861
77,25199249.0,79.3204,79.45,80.24,81.29,77.53,1642136400000,252874
78,23466142.0,78.1948,78.7399,76.91,80.66,76.91,1642482000000,214568
79,31651969.0,77.2739,77.7,75.75,79.48,75.66,1642568400000,283312
80,24563174.0,78.7092,77.05,75.87,80.84,75.61,1642654800000,232556
81,38022897.0,73.5075,74.8,71.52,76.36,71.49,1642741200000,341441
82,66449084.0,69.0986,68.59,73.54,73.57,64.98,1643000400000,694276
83,37188007.0,71.034,71.36,70.8,73.46,69.19,1643086800000,334589
84,34295779.0,72.0281,73.44,69.03,74.91,68.54,1643173200000,275704
85,21663665.0,68.0267,70.59,66.33,70.65,66.041,1643259600000,219119
86,38032820.0,67.2169,66.22,68.91,69.51,64.35,1643346000000,392162
87,28613216.0,73.634,70.06,75.43,75.44,69.77,1643605200000,262786
88,23869920.0,75.8552,76.69,77.08,77.38,73.29,1643691600000,204276
89,30933503.0,73.6914,77.41,73.14,77.56,71.91,1643778000000,320652
90,31392266.0,70.0908,70.14,69.04,72.02,68.86,1643864400000,284630
91,29067147.0,71.4001,69.7499,72.75,73.645,68.2,1643950800000,267346
92,20577133.0,73.3407,72.6699,72.48,75.71,71.81,1644210000000,185655
93,17707172.0,71.9363,72.03,72.39,72.78,70.46,1644296400000,152478
94,22058921.0,75.2802,73.63,76.11,76.48,73.52,1644382800000,192982
95,32600439.0,75.7694,74.31,73.76,78.25,73.1,1644469200000,318440
96,30130348.0,73.3294,74.25,71.9,76.24,70.92,1644555600000,285675
97,22902523.0,72.3505,71.54,71.39,74.13,70.56,1644814800000,226271
98,19152350.0,73.9857,72.99,75.28,75.39,72.28,1644901200000,165253
99,15095660.0,72.8033,73.82,72.87,73.83,71.67,1644987600000,141673
100,19486060.0,69.4356,71.66,68.18,71.91,67.73,1645074000000,219716
101,26833180.0,65.3611,67.115,64.8,67.66,63.99,1645160400000,330079
102,26141555.0,64.1869,63.45,63.39,66.29,62.75,1645506000000,309217
103,22715613.0,62.2635,64.08,60.88,64.87,60.87,1645592400000,241409
104,37847547.0,62.4556,57.55,65.62,65.95,57.5,1645678800000,368403
105,23424141.0,66.4732,66.53,67.82,67.82,63.95,1645765200000,234150
106,24211256.0,69.7074,68.0699,70.47,71.38,67.45,1646024400000,273285
107,20732997.0,69.1307,70.2,68.31,71.23,67.68,1646110800000,265546
108,18851090.0,66.8434,68.47,67.56,68.63,65.15,1646197200000,251387
109,24278235.0,64.505,68.0213,63.26,68.04,62.73,1646283600000,289933
110,22967601.0,61.2695,63.26,60.23,64.41,59.7,1646370000000,259571
111,24605554.0,59.3506,60.83,58.05,62.18,58.02,1646629200000,275981
112,31957190.0,58.8585,57.69,58.62,61.21,56.22,1646715600000,392692
113,20602057.0,61.5853,60.37,61.71,62.56,60.3,1646802000000,193454
114,17353678.0,59.1915,60.52,59.54,60.56,58.15,1646888400000,177442
115,26358386.0,57.3538,60.38,55.58,60.4,55.33,1646974800000,274091
116,28904195.0,53.6362,55.09,52.29,55.98,52.06,1647230400000,322376
117,28910465.0,53.5095,52.67,54.39,54.72,51.85,1647316800000,295701
118,41336402.0,58.3199,55.8,60.04,60.04,55.71,1647403200000,334270
119,24872485.0,61.6357,59.29,62.93,62.94,58.55,1647489600000,257366
120,31000255.0,64.9175,62.28,65.77,65.97,62.24,1647576000000,283659
121,26482812.0,64.0096,65.14,63.98,66.0,62.61,1647835200000,284562
122,23129983.0,66.2791,63.91,66.97,67.58,63.83,1647921600000,231442
123,20568113.0,66.3015,65.94,65.67,68.23,64.72,1648008000000,186412
124,20488120.0,65.15,66.27,66.4,66.45,63.365,1648094400000,223594
125,22184837.0,64.5219,66.24,64.51,66.5,63.46,1648180800000,211991
126,19627551.0,66.132,65.42,67.06,67.37,64.52,1648440000000,190447
127,30754486.0,70.3336,68.528,71.39,72.005,67.935,1648526400000,247357
128,27038224.0,69.8777,70.48,68.68,71.9,68.15,1648612800000,222807
129,17396339.0,67.2065,68.39,66.29,68.65,66.27,1648699200000,178943
130,15783320.0,67.2385,66.7653,67.54,68.615,66.31,1648785600000,141478
131,15964813.0,69.973,68.22,70.5,70.84,67.99,1649044800000,140392
132,20621374.0,67.6097,70.17,66.48,70.68,66.21,1649131200000,168448
133,35519954.0,63.0617,64.85,63.4,65.17,61.9199,1649217600000,288000
134,24830526.0,62.5032,63.16,62.66,64.77,60.61,1649304000000,186095
135,20603631.0,61.2977,62.2,60.65,62.58,60.42,1649390400000,155428
136,20493142.0,59.6588,59.31,59.84,60.82,58.16,1649649600000,152571
137,25354333.0,61.0641,61.438,59.84,63.25,59.36,1649736000000,185178
138,20889915.0,61.232,59.58,61.73,62.12,59.02,1649822400000,140401
139,21319347.0,59.5947,61.53,58.99,61.58,58.9,1649908800000,138596
140,16157357.0,57.3796,58.57,57.35,58.895,56.3199,1650254400000,115582
141,18305921.0,59.3573,57.21,59.67,60.42,56.86,1650340800000,136990
142,22753093.0,57.0528,59.27,56.13,59.43,56.13,1650427200000,169485
143,26813974.0,55.0112,57.76,53.34,58.73,52.91,1650513600000,218863
144,21931025.0,53.2282,53.53,52.46,54.97,52.12,1650600000000,175192
145,25961290.0,53.5693,52.04,54.35,54.62,51.95,1650859200000,181521
146,23849491.0,51.5281,53.82,50.68,54.19,50.51,1650945600000,186218
147,25873671.0,50.2029,50.61,49.56,51.84,49.46,1651032000000,171338
148,38939122.0,47.8503,48.6801,48.87,49.61,45.89,1651118400000,274807
149,24789641.0,48.939,48.63,47.13,51.2682,47.09,1651204800000,168274
150,33583965.0,48.6145,47.0,50.13,50.13,46.35,1651464000000,237782
151,21910716.0,50.0639,49.68,49.87,51.4199,49.14,1651550400000,158942
152,50859800.0,50.1114,49.74,52.43,52.71,47.46,1651636800000,333331
153,37096809.0,48.4447,51.23,47.75,51.23,46.95,1651723200000,279082
154,44973077.0,45.7098,47.64,45.63,47.64,43.99,1651809600000,301871
155,43539567.0,42.2907,44.12,41.13,44.975,40.755,1652068800000,296325
156,59822477.0,41.015,42.65,41.08,44.11,38.72,1652155200000,363772
157,71471910.0,38.6742,39.26,36.93,41.0,36.63,1652241600000,490016
158,79683492.0,38.1404,35.92,38.99,40.54,35.1,1652328000000,493868
159,61854247.0,42.9096,41.01,43.6,44.11,40.8611,1652414400000,389385
160,45703179.0,42.2276,43.21,41.02,43.92,40.925,1652673600000,319053
161,35939679.0,42.2722,42.52,43.08,43.38,40.67,1652760000000,224156
162,35805555.0,42.1128,42.06,41.17,43.74,40.96,1652846400000,223538
163,47656980.0,42.8051,41.21,43.03,44.15,40.72,1652932800000,326863
164,39531215.0,42.1162,43.85,42.41,44.45,39.98,1653019200000,263986
165,33045445.0,41.8532,42.54,42.14,42.86,40.757,1653278400000,205350
166,37753985.0,39.5118,41.1,39.21,41.2825,38.62,1653364800000,246779
167,31671497.0,40.4329,39.09,41.03,41.44,39.06,1653451200000,210100
168,26800273.0,42.227,40.7,42.63,43.0,40.44,1653537600000,179275
169,30032525.0,44.6019,43.25,45.41,45.44,43.16,1653624000000,188462
170,31455171.0,44.4951,45.59,44.09,46.05,43.22,1653969600000,201141
171,33850689.0,43.1182,44.18,42.5,44.99,41.78,1654056000000,189018
172,32364020.0,44.7362,42.68,45.63,46.08,42.21,1654142400000,215041
173,29389356.0,43.5312,44.09,43.16,44.82,42.82,1654228800000,190306
174,26421705.0,43.5861,44.44,43.49,44.85,42.69,1654488000000,157261
175,22570609.0,43.8545,42.525,44.78,44.8398,42.1,1654574400000,145650
176,29089039.0,46.1105,44.87,45.99,46.94,44.76,1654660800000,180767
177,26094608.0,44.3634,45.65,43.2,46.02,43.19,1654747200000,163665
178,35727280.0,40.6944,41.61,40.11,42.34,39.82,1654833600000,219035
179,37771386.0,36.9436,37.76,36.58,38.39,36.27,1655092800000,241659
180,29587180.0,36.7645,37.1,36.99,37.52,35.65,1655179200000,169019
181,42976654.0,38.7925,37.43,39.42,40.08,37.192,1655265600000,279991
182,32535986.0,37.0929,37.6186,36.98,38.03,36.46,1655352000000,190374
183,33022274.0,38.5004,37.1601,38.8,39.25,37.1601,1655438400000,197619
184,31188110.0,40.9593,39.93,40.5,41.93,39.81,1655784000000,178414
185,29914648.0,41.1634,39.62,41.11,42.075,39.35,1655870400000,162340
186,33227427.0,42.766,41.63,44.03,44.24,40.79,1655956800000,185131
187,35391267.0,45.1483,44.77,45.83,45.99,43.96,1656043200000,200971
188,27260898.0,44.6958,45.825,44.8,46.27,43.58,1656302400000,164459
189,32096078.0,43.3048,44.73,42.17,45.37,42.04,1656388800000,180772
190,19850399.0,41.4697,41.89,41.51,42.24,40.7,1656475200000,122026
191,28027406.0,40.0323,40.75,39.88,41.03,39.11,1656561600000,166508
192,24141834.0,40.9105,40.37,41.22,41.81,40.02,1656648000000,152156
193,35158834.0,43.0544,40.57,44.97,44.975,39.84,1656993600000,214854
194,32722575.0,44.5192,44.78,43.96,45.96,43.56,1657080000000,187415
195,24738345.0,46.0311,44.09,46.83,46.9,43.81,1657166400000,144294
196,31978072.0,46.808,45.7,46.86,48.12,45.35,1657252800000,179728
197,27702208.0,44.3416,46.18,43.62,46.49,43.51,1657512000000,157270
198,27942066.0,44.0075,44.36,44.32,45.285,42.64,1657598400000,148800
199,27190343.0,43.9942,42.44,44.01,45.155,42.315,1657684800000,154195
200,20181468.0,43.0649,43.61,43.1,43.91,42.27,1657771200000,124697
201,24023437.0,43.4448,43.64,44.11,44.1881,42.2,1657857600000,135764
202,20960594.0,44.9906,45.25,43.97,46.175,43.68,1658116800000,129348
203,22726085.0,44.9481,44.86,45.8,45.845,43.44,1658203200000,120485
204,33357576.0,47.8743,46.14,48.12,49.02,46.01,1658289600000,194047
205,24568023.0,48.5336,47.69,48.96,49.25,47.39,1658376000000,167344
206,26648954.0,47.0318,49.0,46.25,49.34,45.7418,1658462400000,159492
207,15385606.0,45.582,45.94,45.65,46.2,44.68,1658721600000,94582
208,19099251.0,43.7997,44.77,43.47,44.78,43.411,1658808000000,116142
209,24411205.0,45.4615,44.5101,46.38,46.65,43.94,1658894400000,156444
210,23255196.0,45.5457,45.945,46.18,46.9,44.13,1658980800000,150117
211,18632604.0,44.6958,44.81,45.13,45.31,44.0201,1659067200000,127122
212,17273774.0,45.6223,44.49,45.69,46.63,44.015,1659326400000,110791
213,22795968.0,46.7706,45.0,46.91,47.7,44.88,1659412800000,130976
214,25538983.0,49.1955,47.98,49.76,50.04,47.32,1659499200000,150905
215,21185206.0,49.9269,50.0699,50.17,51.15,49.0,1659585600000,143871
216,24414762.0,49.5082,48.68,50.07,50.78,47.96,1659672000000,166608
217,23057688.0,51.2628,50.47,50.8,52.425,50.27,1659931200000,143898
218,23306823.0,48.3963,49.86,48.03,50.0143,47.38,1660017600000,141277
219,29012001.0,50.4412,50.35,51.57,51.65,49.05,1660104000000,169644
220,35137308.0,51.4787,52.24,49.92,53.86,49.69,1660190400000,202569
221,20859748.0,51.2498,50.73,52.01,52.07,49.91,1660276800000,118266
222,14842446.0,51.8744,51.55,52.19,52.67,51.15,1660536000000,90444
223,23330345.0,50.6517,51.98,50.74,52.12,49.325,1660622400000,131216
224,26056258.0,48.6056,49.5,48.03,50.04,47.88,1660708800000,157329
225,20655139.0,47.3442,48.1067,47.5,48.15,46.8,1660795200000,118118
226,26784384.0,45.0863,46.24,44.69,46.41,44.49,1660881600000,151711
227,23561064.0,43.779,43.96,43.61,44.79,43.28,1661140800000,137459
228,20689802.0,43.5581,43.5001,43.37,44.6,42.73,1661227200000,110428
229,17333096.0,44.4401,43.58,44.5,45.15,43.14,1661313600000,88083
230,14679748.0,45.1472,45.04,45.78,45.78,44.38,1661400000000,77793
231,30049901.0,43.732,45.65,42.84,45.73,42.79,1661486400000,166876
232,21171970.0,42.5574,41.9,42.13,43.4,41.86,1661745600000,125095
233,20542132.0,41.9857,42.8,41.91,43.2448,41.1801,1661832000000,111467
234,21133768.0,42.2144,42.79,41.88,43.27,41.49,1661918400000,116231
235,31291574.0,40.6722,41.16,41.72,41.77,39.79,1662004800000,170786
236,25414774.0,41.1951,42.45,40.59,42.59,40.38,1662091200000,145121
237,18361913.0,40.1698,40.7399,40.09,40.85,39.49,1662436800000,119490
238,19716688.0,40.812,39.76,41.47,41.55,39.71,1662523200000,111967
239,21837280.0,42.019,40.75,42.7,42.73,40.51,1662609600000,135212
240,18687173.0,44.2483,43.43,44.6,44.81,43.41,1662696000000,101345
241,17822961.0,45.2088,44.92,45.68,45.68,44.41,1662955200000,98753
242,30460051.0,42.8671,43.032,42.58,43.5772,42.41,1663041600000,165029
243,24922045.0,43.0519,42.71,43.75,43.79,41.86,1663128000000,133229
244,23100571.0,44.6755,43.22,44.71,45.52,43.13,1663214400000,136073
245,29729293.0,42.6292,43.53,42.58,43.56,42.1,1663300800000,159221
246,18806658.0,41.9667,42.01,42.49,42.54,41.19,1663560000000,98858
247,16091266.0,41.8264,41.9,41.44,42.575,41.345,1663646400000,83867
248,26726808.0,41.4148,41.62,40.34,42.78,40.34,1663732800000,152888
249,25651742.0,39.026,40.06,38.61,40.29,38.45,1663819200000,151778
250,29165904.0,37.6628,37.9713,37.83,38.66,37.09,1663905600000,168776
251,22623294.0,37.9907,37.78,37.43,39.15,37.33,1664164800000,119861
252,24813570.0,38.2593,38.62,38.21,39.25,37.475,1664251200000,120569
253,26898133.0,39.3777,38.44,39.99,40.26,38.2099,1664337600000,147892
254,21488620.0,37.9296,39.1,37.8,39.29,37.36,1664424000000,119562
255,23654086.0,38.436,37.71,37.73,39.45,37.51,1664510400000,134428
256,26619773.0,37.673,38.0,37.9,38.39,36.82,1664769600000,138031
257,31321448.0,40.3341,39.3061,40.79,40.9,39.25,1664856000000,169081
258,20932494.0,39.4986,39.74,40.04,40.2899,38.66,1664942400000,114638
259,19942271.0,40.1149,39.9,40.17,40.969,39.36,1665028800000,113663
260,25352593.0,38.0662,39.07,37.53,39.19,37.32,1665115200000,143963
261,21146201.0,36.4361,37.6,36.3,37.6,35.8432,1665374400000,121044
262,29745362.0,35.7068,36.04,35.65,36.8511,34.625,1665460800000,151293
263,20427286.0,35.6864,35.69,36.12,36.26,34.81,1665547200000,114766
264,31092793.0,35.2823,34.17,36.04,36.48,33.74,1665633600000,187110
265,26041183.0,34.9876,36.79,33.99,37.26,33.93,1665720000000,140029
266,24159169.0,36.1677,35.42,36.38,36.69,35.28,1665979200000,128572
267,24733185.0,37.1044,37.98,36.97,38.36,36.215,1666065600000,139699
268,23992218.0,35.6971,36.52,35.38,36.6,35.1,1666152000000,123574
269,22763529.0,35.704,35.09,35.25,36.708,34.92,1666238400000,130637
270,28271204.0,35.2088,35.11,35.88,35.92,34.29,1666324800000,148257
271,25299696.0,34.9882,35.6353,35.43,35.68,34.055,1666584000000,142662
272,26198139.0,37.3057,35.83,37.81,37.9,35.79,1666670400000,139007
273,31298740.0,38.441,37.2731,37.89,39.498,37.06,1666756800000,175658
274,20092031.0,38.2156,38.67,37.87,38.98,37.58,1666843200000,118570
275,24616307.0,38.1693,37.83,38.89,38.935,37.145,1666929600000,129467
276,19914493.0,38.4451,38.55,38.28,39.15,37.79,1667188800000,108693
277,19113558.0,38.8229,39.47,38.29,39.75,38.27,1667275200000,115294
278,28772683.0,37.7105,38.17,36.44,39.185,36.43,1667361600000,168776
279,21939451.0,36.4447,35.58,36.2,37.3383,35.3,1667448000000,136143
280,29093123.0,35.3769,37.06,35.22,37.24,34.32,1667534400000,171971
281,20041237.0,34.9048,35.54,34.99,35.76,34.2,1667797200000,110309
282,30711507.0,35.0325,35.01,34.85,36.125,34.1,1667883600000,156702
283,30130705.0,33.1861,34.2,32.57,34.26,32.51,1667970000000,158692
284,48307116.0,36.3871,35.555,37.3,37.33,34.85,1668056400000,230447
285,44174160.0,39.4292,36.64,40.4,40.93,36.39,1668142800000,249775
286,31587757.0,39.4199,39.8,38.91,40.26,38.75,1668402000000,172503
287,31872963.0,40.3374,40.68,39.97,41.29,39.39,1668488400000,189830
288,23821234.0,38.1879,39.2399,37.91,39.32,37.7,1668574800000,141651
289,21338085.0,36.9943,36.8199,37.12,37.65,36.42,1668661200000,125319
290,20206037.0,36.7452,37.99,36.56,38.02,36.21,1668747600000,108547
291,24082187.0,35.3497,36.16,35.2,36.31,34.77,1669006800000,122845
292,19686393.0,34.9097,35.168,35.31,35.33,34.27,1669093200000,98963
293,25525884.0,36.0875,35.46,36.32,36.53,35.32,1669179600000,117866
294,8847404.0,35.9016,36.03,36.0,36.155,35.6,1669352400000,51213
295,16970881.0,35.3819,35.598,34.99,36.31,34.785,1669611600000,83565
296,17363022.0,35.1388,35.12,34.8,35.82,34.682,1669698000000,88783
297,35243849.0,36.3281,34.88,37.48,37.5,34.72,1669784400000,162110
298,24429155.0,37.6472,37.7,37.9,38.295,36.86,1669870800000,133884
299,21188014.0,37.7098,36.94,38.16,38.31,36.73,1669957200000,116821
300,25402506.0,36.6263,37.63,36.07,38.18,35.83,1670216400000,131721
301,22781726.0,34.8058,35.99,34.62,36.07,34.33,1670302800000,110100
302,22170104.0,34.3926,34.302,34.35,34.995,33.96,1670389200000,106188
303,22192166.0,34.9502,34.6,35.16,35.525,33.85,1670475600000,99457
304,19043260.0,35.15,34.91,34.65,35.71,34.6397,1670562000000,99406
305,16596330.0,34.8947,34.38,35.31,35.31,34.08,1670821200000,82045
306,40489331.0,36.3394,37.551,35.29,38.375,34.67,1670907600000,224985
307,30821614.0,35.1516,35.1,34.93,35.77,34.42,1670994000000,168154
308,24478941.0,33.5858,33.91,33.22,34.34,33.165,1671080400000,139576
309,25057112.0,33.145,33.46,33.26,33.87,32.675,1671166800000,124773
310,19565611.0,32.4459,33.11,32.22,33.26,32.02,1671426000000,99076
311,18487895.0,32.2526,31.9,32.17,32.82,31.701,1671512400000,92655
312,19604994.0,32.7067,32.45,32.71,33.19,31.992,1671598800000,88406
313,24439715.0,31.2577,32.1,31.6,32.125,30.59,1671685200000,113052
314,21706122.0,31.0055,31.41,30.97,31.65,30.685,1671771600000,101810
315,19944695.0,30.0546,30.51,29.78,30.59,29.66,1672117200000,100009
316,20305290.0,29.7874,29.758,29.64,30.28,29.43,1672203600000,96009
317,25286942.0,30.9847,30.18,31.17,31.39,29.96,1672290000000,121043
318,19036502.0,30.8121,30.48,31.24,31.28,30.24,1672376400000,93735
319,24764597.0,30.745,31.84,30.46,32.15,30.02,1672722000000,124077
320,24025505.0,31.4327,30.89,31.78,31.94,30.57,1672808400000,117696
321,15689522.0,31.0085,31.39,31.02,31.43,30.55,1672894800000,80912
322,24596242.0,31.0448,30.93,31.37,31.68,30.05,1672981200000,117397
323,25848474.0,32.9062,32.43,32.81,33.45,32.02,1673240400000,129465
324,18974595.0,33.1962,32.64,33.62,33.64,32.59,1673326800000,108078
325,22832089.0,34.3509,33.93,34.76,34.76,33.46,1673413200000,116124
326,26598214.0,34.6236,34.9,35.49,35.5,33.38,1673499600000,141780
327,26437435.0,35.6244,34.662,35.99,36.02,34.61,1673586000000,133636
328,19280780.0,36.5676,36.22,37.04,37.12,35.4701,1673931600000,104190
329,29262979.0,36.7693,37.59,35.95,38.01,35.93,1674018000000,150715
330,24398317.0,34.9236,35.3043,34.79,35.61,34.435,1674104400000,114982
331,25075104.0,35.9682,35.33,36.5,36.62,34.81,1674190800000,115203
332,24992430.0,37.5673,36.68,38.08,38.1,36.32,1674450000000,126888
333,22097689.0,37.7388,37.6,37.48,38.61,37.272,1674536400000,108129
334,24706599.0,36.6571,36.42,37.51,37.5793,35.68,1674622800000,132903
335,23479267.0,38.0388,38.802,38.27,39.17,37.32,1674709200000,124648
336,37702989.0,39.8332,38.02,40.39,40.69,37.92,1674795600000,174351
337,26755002.0,39.1157,39.7,38.51,40.08,38.4627,1675054800000,139197
338,21537892.0,39.5512,38.69,39.93,40.095,38.69,1675141200000,111977
339,37584179.0,40.639,40.1,41.69,42.055,39.238,1675227600000,202636
340,56094183.0,44.2479,43.34,44.41,45.46,43.095,1675314000000,297748
341,45729586.0,43.4021,42.42,42.85,44.63,42.1,1675400400000,246224
342,27496308.0,42.3083,42.202,42.24,42.865,41.84,1675659600000,167906
343,39347894.0,42.2042,42.28,42.98,43.18,41.3,1675746000000,226862
344,24619846.0,42.4078,42.73,41.74,43.55,41.72,1675832400000,133892
345,25579611.0,41.4108,42.54,40.5,42.68,40.2338,1675918800000,148214
346,32604457.0,39.3071,39.72,39.15,40.24,38.73,1676005200000,192329
347,20508046.0,39.6101,39.28,39.82,40.14,38.57,1676264400000,129982
348,33658563.0,39.9942,39.36,40.82,40.99,38.845,1676350800000,194055
349,35033976.0,42.3632,41.03,43.22,43.235,40.97,1676437200000,178521
350,41291141.0,42.8402,42.25,42.02,43.76,41.715,1676523600000,252104
351,46103711.0,41.3838,41.67,41.86,41.995,40.73,1676610000000,228140
352,37059565.0,39.9626,40.57,39.31,41.255,39.295,1676955600000,187450
353,26524120.0,39.966,39.61,40.27,40.45,39.175,1677042000000,148703
354,35070468.0,39.3389,40.83,39.66,40.84,38.46,1677128400000,187772
355,34285396.0,38.4036,38.54,38.44,38.95,38.05,1677214800000,170255
356,19750189.0,38.7708,39.14,38.82,39.14,38.355,1677474000000,112912
357,22610664.0,39.5751,38.9903,39.62,40.07,38.9903,1677560400000,134789
358,23423260.0,38.8503,39.46,38.7,39.68,38.48,1677646800000,123740
359,21924262.0,38.53,37.888,39.18,39.31,37.62,1677733200000,126392
360,19546263.0,40.136,39.34,40.46,40.705,39.23,1677819600000,113402
361,19469482.0,40.2764,40.67,39.62,40.98,39.61,1678078800000,111809
362,26274223.0,39.4319,39.61,38.96,40.13,38.95,1678165200000,147571
363,17547749.0,38.8171,38.91,38.91,39.27,38.24,1678251600000,100830
364,26786382.0,38.0315,39.06,37.29,39.6,37.19,1678338000000,147624
365,60854135.0,36.0979,36.94,36.02,37.27,35.27,1678424400000,329783
366,58533209.0,36.7651,35.6,36.98,37.635,34.81,1678680000000,363359
367,31615536.0,37.7971,38.19,37.77,38.48,37.265,1678766400000,172591
368,38618378.0,37.5489,37.06,38.07,38.09,37.01,1678852800000,228502
369,27983852.0,38.9251,38.53,39.24,39.485,37.92,1678939200000,158030
370,28008178.0,38.6778,39.05,38.68,39.37,38.09,1679025600000,154723
371,21337435.0,38.1836,38.61,38.22,38.84,37.645,1679284800000,118906
372,28736361.0,39.8606,38.83,40.34,40.51,38.655,1679371200000,159576
373,33984484.0,39.521,40.41,38.39,40.45,38.37,1679457600000,181174
374,33756757.0,38.1612,37.93,37.8,39.32,37.19,1679544000000,209264
375,21516444.0,37.528,37.38,37.73,37.97,37.0207,1679630400000,137073
376,18408667.0,37.985,38.33,37.76,38.7485,37.36,1679889600000,101485
377,14259285.0,37.3392,37.61,37.19,37.84,36.96,1679976000000,79643
378,19295206.0,38.3125,37.86,38.59,38.69,37.62,1680062400000,90982
379,14707025.0,38.714,39.2395,38.48,39.39,38.305,1680148800000,83009
380,26759752.0,39.9869,38.87,40.34,40.445,38.5914,1680235200000,142345
381,18304608.0,39.3658,39.78,39.58,40.02,38.75,1680494400000,111245
382,15159993.0,39.3604,39.86,39.37,39.99,38.9399,1680580800000,90052
383,18952540.0,38.0914,39.06,37.97,39.098,37.595,1680667200000,104095
384,17005191.0,38.1537,37.6879,38.57,38.67,37.18,1680753600000,99004
385,15013248.0,38.0402,37.91,38.53,38.53,37.55,1681099200000,94337
386,14171009.0,38.75,38.72,38.77,39.058,38.3521,1681185600000,83287
387,21343857.0,38.3674,39.62,37.65,39.84,37.61,1681272000000,122433
388,19604747.0,39.0839,38.15,39.16,39.52,38.07,1681358400000,101794
389,14184217.0,38.7477,39.0,38.79,39.4199,38.32,1681444800000,77807
390,11363770.0,38.76,38.42,38.97,39.08,38.212,1681704000000,67746
391,12372296.0,39.0011,39.4321,38.89,39.485,38.68,1681790400000,73463
392,13336393.0,38.5647,38.26,38.86,39.17,37.935,1681876800000,77780
393,18316104.0,37.7521,38.01,37.39,38.426,37.34,1681963200000,98617
394,14707786.0,37.5389,37.48,37.63,37.755,37.17,1682049600000,86177
395,13725153.0,37.0346,37.58,37.12,37.9,36.575,1682308800000,75612
396,15152513.0,36.3383,36.91,35.91,36.99,35.91,1682395200000,89649
397,16821051.0,35.6674,36.45,35.22,36.49,35.09,1682481600000,87718
398,13178069.0,35.6427,35.51,35.7,36.035,35.2399,1682568000000,77497
399,13054436.0,35.7158,35.52,35.92,36.145,34.97,1682654400000,86998
400,13656938.0,35.7261,35.76,35.74,36.075,35.405,1682913600000,77442
401,15783241.0,35.0676,35.56,34.9,35.71,34.835,1683000000000,94474
402,22461448.0,35.1668,34.97,34.76,35.79,34.72,1683086400000,127878
403,15979648.0,35.5788,35.1,35.74,35.895,34.97,1683172800000,97077
404,18041447.0,37.176,36.53,37.39,37.5,36.4,1683259200000,93996
405,14507523.0,37.4921,37.44,37.82,37.88,36.97,1683518400000,84473
406,8962532.0,37.9119,37.35,38.25,38.28,37.25,1683604800000,59560
407,19015387.0,38.8893,38.93,38.79,39.43,38.435,1683691200000,116316
408,11655564.0,38.7744,38.84,38.86,39.07,38.41,1683777600000,73212
409,16636773.0,37.913,38.89,37.68,38.96,37.5,1683864000000,92325
410,11590765.0,38.3829,37.61,38.57,38.88,37.47,1684123200000,75775
411,12225682.0,37.7222,38.12,37.62,38.17,37.47,1684209600000,77484
412,13639043.0,38.2695,37.8,38.58,38.7,37.42,1684296000000,83696
413,16548311.0,38.8182,38.55,39.12,39.23,38.33,1684382400000,96893
414,15071858.0,38.7864,39.12,38.7,39.3,38.43,1684468800000,87137
415,22861443.0,40.207,38.86,40.58,40.76,38.73,1684728000000,118964
416,23435984.0,40.4357,40.25,39.7,41.28,39.7,1684814400000,141097
417,16276389.0,39.2213,39.13,39.46,39.66,38.75,1684900800000,96993
418,17870485.0,38.5632,39.65,38.38,39.67,38.16,1684987200000,112210
419,19108425.0,39.2218,38.41,39.1,39.66,38.38,1685073600000,112681
420,20511912.0,39.8946,40.07,39.81,40.835,39.42,1685419200000,137081
421,15146993.0,39.9092,39.52,40.49,40.49,39.355,1685505600000,90458
422,14767428.0,40.8492,40.15,41.11,41.6,39.8098,1685592000000,96636
423,18025448.0,41.5109,41.708,41.62,42.03,40.85,1685678400000,112823
424,15444711.0,41.7802,41.58,42.06,42.23,41.3,1685937600000,101082
425,15320251.0,42.2077,41.39,42.68,42.78,41.03,1686024000000,108028
426,21574803.0,42.8404,43.3,42.25,43.83,42.0901,1686110400000,139715
427,11506285.0,42.4425,42.09,42.68,42.735,41.91,1686196800000,77940
428,16327127.0,43.0262,43.5,42.51,43.84,42.44,1686283200000,115574
429,14811402.0,43.2144,42.76,43.28,43.54,42.53,1686542400000,91632
430,18559080.0,44.042,43.89,44.29,44.41,43.58,1686628800000,127440
431,20211666.0,43.967,44.35,44.07,44.645,43.15,1686715200000,134680
432,16491493.0,44.1761,43.53,44.54,44.7,43.325,1686801600000,110259
433,12975694.0,44.509,44.95,44.31,45.0,44.0839,1686888000000,91253
434,10835338.0,44.0105,44.01,44.26,44.71,43.41,1687233600000,83469
435,16387370.0,43.0366,44.3,42.66,44.33,42.48,1687320000000,115136
436,10918907.0,42.4312,42.29,42.67,42.8,41.95,1687406400000,78627
437,13766733.0,41.9808,41.93,42.14,42.43,41.505,1687492800000,96041
438,9556652.0,42.2449,41.86,41.9,42.895,41.76,1687752000000,73641
439,16946900.0,42.9162,42.3,43.32,43.47,42.06,1687838400000,94505
440,12814188.0,43.9229,43.26,44.18,44.495,43.06,1687924800000,87581
441,11056750.0,43.9669,44.2001,43.79,44.51,43.6136,1688011200000,77193
442,12080217.0,44.3361,44.54,44.14,44.69,43.99,1688097600000,83303
443,7755890.0,45.0901,44.52,45.12,45.43,44.52,1688356800000,57016
444,8985459.0,44.7348,44.74,44.96,45.17,44.35,1688529600000,71682
445,16128101.0,43.2541,44.02,43.24,44.2,42.749,1688616000000,98329
446,9855878.0,43.95,43.46,43.73,44.315,43.4,1688702400000,65654
447,15486730.0,44.7851,43.69,45.37,45.379,43.53,1688961600000,104946
448,24449040.0,46.7079,45.64,47.05,47.3,45.505,1689048000000,161201
449,22574324.0,47.4728,48.23,47.48,48.23,46.85,1689134400000,134410
450,25614636.0,49.0835,48.02,49.63,49.79,47.69,1689220800000,143319
451,23522533.0,49.1434,49.74,48.57,50.43,48.235,1689307200000,147760
452,13387262.0,49.4258,48.57,49.68,49.89,48.2,1689566400000,95045
453,12654679.0,49.8131,49.85,49.86,50.155,49.435,1689652800000,88046
454,18358528.0,50.659,50.46,50.65,51.33,49.96,1689739200000,123990
455,26694647.0,48.4361,49.74,47.76,50.08,47.59,1689825600000,169458
456,15793707.0,47.9931,48.388,47.93,48.62,47.39,1689912000000,103544
457,11814140.0,47.4322,47.83,47.41,48.05,46.905,1690171200000,81121
458,9332339.0,47.7135,47.6,47.27,48.125,47.241,1690257600000,60766
459,13412676.0,48.0046,47.18,48.28,48.52,47.03,1690344000000,83151
460,19613693.0,47.8721,49.37,46.87,49.42,46.665,1690430400000,120951
461,17747222.0,49.0079,48.11,49.44,49.44,47.98,1690516800000,109400
462,13604767.0,50.2197,49.78,50.45,50.4891,49.69,1690776000000,90438
463,14716297.0,49.23,49.81,49.45,49.83,48.67,1690862400000,97573
464,24794034.0,47.0974,48.1701,46.69,48.18,46.33,1690948800000,153678
465,16362147.0,46.2702,46.13,46.19,46.59,45.86,1691035200000,110522
466,18265261.0,45.8608,46.45,45.38,46.65,45.29,1691121600000,112176
